datetime,balance,drawdown,ddpercent,net_pnl,return
2020-01-03,10000000.0,0.0,0.0,0.0,0.0
2020-01-06,10000000.0,0.0,0.0,0.0,0.0
2020-01-07,10000000.0,0.0,0.0,0.0,0.0
2020-01-08,10000000.0,0.0,0.0,0.0,0.0
2020-01-09,10000000.0,0.0,0.0,0.0,0.0
2020-01-10,10000000.0,0.0,0.0,0.0,0.0
2020-01-13,10000000.0,0.0,0.0,0.0,0.0
2020-01-14,10000000.0,0.0,0.0,0.0,0.0
2020-01-15,10000000.0,0.0,0.0,0.0,0.0
2020-01-16,10000000.0,0.0,0.0,0.0,0.0
2020-01-17,10000000.0,0.0,0.0,0.0,0.0
2020-01-20,10000000.0,0.0,0.0,0.0,0.0
2020-01-21,10000000.0,0.0,0.0,0.0,0.0
2020-01-22,10000000.0,0.0,0.0,0.0,0.0
2020-01-23,10000000.0,0.0,0.0,0.0,0.0
2020-02-03,10000000.0,0.0,0.0,0.0,0.0
2020-02-04,10108794.01,0.0,0.0,108794.00999999998,0.010879400999999955
2020-02-05,10061934.01,-46860.0,-0.004635567799051432,-46860.0,-0.004635567799051388
2020-02-06,10044894.01,-63900.0,-0.0063212288168883165,-17040.0,-0.0016935114047721411
2020-02-07,10015074.01,-93720.0,-0.009271135598102864,-29820.0,-0.0029686724389837993
2020-02-10,10100274.01,-8520.0,-0.0008428305089184423,85200.0,0.008507176273977457
2020-02-11,10266414.01,0.0,0.0,166140.0,0.01644905869241864
2020-02-12,10317534.01,0.0,0.0,51120.0,0.004979343317949914
2020-02-13,10262154.01,-55380.0,-0.005367561662149539,-55380.0,-0.005367561662149578
2020-02-14,10283454.01,-34080.0,-0.003303114869015101,21300.0,0.002075587637765386
2020-02-17,10206774.01,-110760.0,-0.010735123324299078,-76680.0,-0.007456638589080411
2020-02-18,10202514.01,-115020.0,-0.011148012682925966,-4260.0,-0.0004173698757145017
2020-02-19,10266414.01,-51120.0,-0.004954672303522652,63900.0,0.00626316219094325
2020-02-20,10270674.01,-46860.0,-0.004541782944895764,4260.0,0.00041494527649588164
2020-02-21,10181214.01,-136320.0,-0.013212459476060404,-89460.0,-0.00871023653490488
2020-02-24,10189734.01,-127800.0,-0.01238668075880663,8520.0,0.0008368353706769138
2020-02-25,10193994.01,-123540.0,-0.011973791400179741,4260.0,0.0004180678313898678
2020-02-26,10164174.01,-153360.0,-0.014864016910567955,-29820.0,-0.0029252518660249915
2020-02-27,10211034.01,-106500.0,-0.010322233965672192,46860.0,0.004610310680818408
2020-02-28,10172694.01,-144840.0,-0.01403823819331418,-38340.0,-0.0037547617569829717
2020-03-02,10253634.01,-63900.0,-0.006193340379403315,80940.0,0.007956594381039572
2020-03-03,10211034.01,-106500.0,-0.010322233965672192,-42600.0,-0.004154624590506528
2020-03-04,10236594.01,-80940.0,-0.007844897813910866,25560.0,0.0025031745046553144
2020-03-05,10155654.01,-161880.0,-0.01568979562782173,-80940.0,-0.007906926847048079
2020-03-06,10036374.01,-281160.0,-0.027250697669374584,-119280.0,-0.011745181539519534
2020-03-09,10130094.01,-187440.0,-0.018167131779583057,93720.0,0.009338033826421732
2020-03-10,10066194.01,-251340.0,-0.02436047215898637,-63900.0,-0.006307937511430883
2020-03-11,10074714.01,-242820.0,-0.023534693441732594,8520.0,0.0008463973564920568
2020-03-12,10202514.01,-115020.0,-0.011148012682925966,127800.0,0.012685223607652452
2020-03-13,10257894.01,-59640.0,-0.005780451020776427,55380.0,0.005428073898817498
2020-03-16,10240854.01,-76680.0,-0.0074320084552839775,-17040.0,-0.0016611596867143197
2020-03-17,10313274.01,-4260.0,-0.0004128893586268876,72420.0,0.007071675851377579
2020-03-18,10347354.01,0.0,0.0,34080.0,0.003304479253334547
2020-03-19,10377174.01,0.0,0.0,29820.0,0.002881896180529031
2020-03-20,10487934.01,0.0,0.0,110760.0,0.010673426107461026
2020-03-23,10556094.01,0.0,0.0,68160.0,0.006498896725991132
2020-03-24,10526274.01,-29820.0,-0.0028249085288318686,-29820.0,-0.002824908528831882
2020-03-25,10419774.01,-136320.0,-0.012913867560374256,-106500.0,-0.010117540157022709
2020-03-26,10530534.01,-25560.0,-0.002421350167570173,110760.0,0.010629789081193275
2020-03-27,10598694.01,0.0,0.0,68160.0,0.006472606226358035
2020-03-30,10781874.01,0.0,0.0,183180.0,0.017283261487421653
2020-03-31,10986354.01,0.0,0.0,204480.0,0.01896516318131236
2020-04-01,11041734.01,0.0,0.0,55380.0,0.005040798789989198
2020-04-02,10735014.01,-306720.0,-0.027778245674295137,-306720.0,-0.0277782456742951
2020-04-03,10913934.01,-127800.0,-0.011574269030956307,178920.0,0.016666955425799213
2020-04-07,10884114.01,-157620.0,-0.014274931804846113,-29820.0,-0.0027322869986823317
2020-04-08,11167676.284,0.0,0.0,283562.274,0.026052857746571956
2020-04-09,11186036.284,0.0,0.0,18360.0,0.0016440304619416146
2020-04-10,11199806.284,0.0,0.0,13770.0,0.0012309990465251275
2020-04-13,11218166.284,0.0,0.0,18360.0,0.0016393140679789031
2020-04-14,11222756.284,0.0,0.0,4590.0,0.00040915777889183325
2020-04-15,11190626.284,-32130.0,-0.002862933060910084,-32130.0,-0.0028629330609101222
2020-04-16,11227346.284,0.0,0.0,36720.0,0.0032813176910841957
2020-04-17,11204396.284,-22950.0,-0.0020441161624012486,-22950.0,-0.0020441161624012993
2020-04-20,11208986.284,-18360.0,-0.001635292929920999,4590.0,0.00040966062638769785
2020-04-21,11167676.284,-59670.0,-0.0053147020222432464,-41310.0,-0.0036854358595269643
2020-04-22,11140136.284,-87210.0,-0.007767641417124745,-27540.0,-0.002466045692912533
2020-04-23,11176856.284,-50490.0,-0.0044970555572827475,36720.0,0.0032961894777481238
2020-04-24,11130956.284,-96390.0,-0.008585287882085244,-45900.0,-0.004106700384589157
2020-04-27,11066696.284,-160650.0,-0.014308813136808742,-64260.0,-0.005773088884768129
2020-04-28,11057516.284,-169830.0,-0.01512645960176924,-9180.0,-0.0008295158522848567
2020-04-29,11052926.284,-174420.0,-0.01553528283424949,-4590.0,-0.0004151022600474841
2020-04-30,11080466.284,-146880.0,-0.013082343439367991,27540.0,0.0024916478489380722
2020-05-06,11241116.284,0.0,0.0,160650.0,0.014498487327376797
2020-05-07,11167676.284,-73440.0,-0.0065331589981442095,-73440.0,-0.006533158998144217
2020-05-08,11167676.284,-73440.0,-0.0065331589981442095,0.0,0.0
2020-05-11,11149316.284,-91800.0,-0.008166448747680261,-18360.0,-0.0016440304619417256
2020-05-12,11254886.284,0.0,0.0,105570.0,0.009468742056542023
2020-05-13,11273246.284,0.0,0.0,18360.0,0.0016312914708076498
2020-05-14,11273246.284,0.0,0.0,0.0,0.0
2020-05-15,11195216.284,-78030.0,-0.00692169744492739,-78030.0,-0.006921697444927433
2020-05-18,11222756.284,-50490.0,-0.004478745405541253,27540.0,0.0024599792716251123
2020-05-19,11222756.284,-50490.0,-0.004478745405541253,0.0,0.0
2020-05-20,11181446.284,-91800.0,-0.00814317346462046,-41310.0,-0.0036809139354557763
2020-05-21,11204396.284,-68850.0,-0.006107380098465344,22950.0,0.0020525072890471563
2020-05-22,11108006.284,-165240.0,-0.014657712236316827,-96390.0,-0.008602873154142765
2020-05-25,11190626.284,-82620.0,-0.0073288561181584135,82620.0,0.007437878399385367
2020-05-26,11259476.284,-13770.0,-0.001221476019693069,68850.0,0.006152470670782728
2020-05-27,11282426.284,0.0,0.0,22950.0,0.0020382830800587115
2020-05-28,11250296.284,-32130.0,-0.002847791706431503,-32130.0,-0.0028477917064314573
2020-05-29,11259476.284,-22950.0,-0.0020341369331653594,9180.0,0.0008159785100998462
2020-06-01,11195216.284,-87210.0,-0.007729720346028365,-64260.0,-0.0057071926241645254
2020-06-02,11199806.284,-82620.0,-0.007322892959395293,4590.0,0.00040999654527085205
2020-06-03,11227346.284,-55080.0,-0.004881928639596862,27540.0,0.0024589711019684657
2020-06-04,11254886.284,-27540.0,-0.002440964319798431,27540.0,0.002452939394881559
2020-06-05,11181446.284,-100980.0,-0.00895020250592758,-73440.0,-0.006525165883230932
2020-06-08,11176856.284,-105570.0,-0.009357029892560653,-4590.0,-0.00041050145780940905
2020-06-09,11176856.284,-105570.0,-0.009357029892560653,0.0,0.0
2020-06-10,11135546.284,-146880.0,-0.013018476372258298,-41310.0,-0.003696030346130197
2020-06-11,11130956.284,-151470.0,-0.013425303758891371,-4590.0,-0.0004121935182106462
2020-06-12,11103416.284,-179010.0,-0.0158662680786898,-27540.0,-0.0024741809506149126
2020-06-15,11085056.284,-197370.0,-0.01749357762522209,-18360.0,-0.001653545136955481
2020-06-16,11098826.284,-183600.0,-0.016273095465322875,13770.0,0.001242212907829332
2020-06-17,11094236.284,-188190.0,-0.016679922851955947,-4590.0,-0.00041355724313096864
2020-06-18,11103416.284,-179010.0,-0.0158662680786898,9180.0,0.0008274566869681532
2020-06-19,11062106.284,-220320.0,-0.01952771455838745,-41310.0,-0.0037204765581497767
2020-06-22,11034566.284,-247860.0,-0.02196867887818588,-27540.0,-0.002489580129946267
2020-06-23,11149316.284,-133110.0,-0.011797994212359083,114750.0,0.01039914003383946
2020-06-24,11094236.284,-188190.0,-0.016679922851955947,-55080.0,-0.004940213246891534
2020-06-29,11089646.284,-192780.0,-0.017086750238589018,-4590.0,-0.0004137283434840766
2020-06-30,11066696.284,-215730.0,-0.019120887171754378,-22950.0,-0.0020694979273695457
2020-07-01,11048336.284,-234090.0,-0.020748196718286663,-18360.0,-0.0016590317045697134
2020-07-02,11052926.284,-229500.0,-0.02034136933165359,4590.0,0.0004154471661625969
2020-07-03,11098826.284,-183600.0,-0.016273095465322875,45900.0,0.004152746414896935
2020-07-06,11098826.284,-183600.0,-0.016273095465322875,0.0,0.0
2020-07-07,11126366.284,-156060.0,-0.013832131145524442,27540.0,0.00248134345878559
2020-07-08,11098826.284,-183600.0,-0.016273095465322875,-27540.0,-0.0024752016334033122
2020-07-09,11117186.284,-165240.0,-0.014645785918790587,18360.0,0.0016542289725236525
2020-07-10,11066696.284,-215730.0,-0.019120887171754378,-50490.0,-0.004541616800346815
2020-07-13,11071286.284,-211140.0,-0.018714059785121306,4590.0,0.00041475792614242835
2020-07-14,11048336.284,-234090.0,-0.020748196718286663,-22950.0,-0.002072929866619666
2020-07-15,11025386.284,-257040.0,-0.022782333651452023,-22950.0,-0.0020772358308133176
2020-07-16,11052926.284,-229500.0,-0.02034136933165359,27540.0,0.0024978716655004174
2020-07-17,11016206.284,-266220.0,-0.023595988424718165,-36720.0,-0.0033221971319175037
2020-07-20,11011616.284,-270810.0,-0.02400281581135124,-4590.0,-0.00041665886437391997
2020-07-21,11062106.284,-220320.0,-0.01952771455838745,50490.0,0.0045851579548192856
2020-07-22,11016206.284,-266220.0,-0.023595988424718165,-45900.0,-0.004149300216577112
2020-07-23,10942766.284,-339660.0,-0.030105226610847316,-73440.0,-0.006666541829982275
2020-07-24,10942766.284,-339660.0,-0.030105226610847316,0.0,0.0
2020-07-27,10919816.284,-362610.0,-0.03213936354401267,-22950.0,-0.00209727589938169
2020-07-28,10928996.284,-353430.0,-0.03132570877074653,9180.0,0.0008406734839898622
2020-07-29,10832606.284,-449820.0,-0.03986908389004104,-96390.0,-0.008819657130006986
2020-07-30,10763756.284,-518670.0,-0.04597149468953712,-68850.0,-0.006355811168148207
2020-07-31,10933586.284,-348840.0,-0.03091888138411346,169830.0,0.015777949213923392
2020-08-03,10860146.284,-422280.0,-0.03742811957024261,-73440.0,-0.006716917769924335
2020-08-04,10731626.284,-550800.0,-0.04881928639596862,-128520.0,-0.011834094738608192
2020-08-05,10772936.284,-509490.0,-0.045157839916270974,41310.0,0.0038493699749486687
2020-08-06,10736216.284,-546210.0,-0.04841245900933555,-36720.0,-0.0034085414627891275
2020-08-07,10708676.284,-573750.0,-0.05085342332913398,-27540.0,-0.002565149515573961
2020-08-10,10733978.659,-548447.625,-0.04861078736031917,25302.375,0.002362792032270633
2020-08-11,10733978.659,-548447.625,-0.04861078736031917,0.0,0.0
2020-08-12,10733978.659,-548447.625,-0.04861078736031917,0.0,0.0
2020-08-13,10733978.659,-548447.625,-0.04861078736031917,0.0,0.0
2020-08-14,10727769.799,-554656.4849999994,-0.04916109984131489,-6208.860000000001,-0.0005784304401232898
2020-08-17,10673169.799,-609256.4849999994,-0.05400048444047954,-54600.0,-0.005089594670934283
2020-08-18,10639569.799,-642856.4849999994,-0.056978567270734706,-33600.0,-0.003148080713861412
2020-08-19,10629137.419,-653288.8650000002,-0.05790322476349363,-10432.380000000001,-0.0009805264871688424
2020-08-20,10629137.419,-653288.8650000002,-0.05790322476349363,0.0,0.0
2020-08-21,10729901.056,-552525.2280000001,-0.048972199249691116,100763.63699999999,0.00947994489372972
2020-08-24,10776104.767,-506321.51699999906,-0.044877006439477576,46203.711000000025,0.0043060705554376355
2020-08-25,10767764.767,-514661.51699999906,-0.04561620914198734,-8340.0,-0.0007739345691534227
2020-08-26,10759424.767,-523001.51699999906,-0.0463554118444971,-8340.0,-0.0007745340077970342
2020-08-27,10759424.767,-523001.51699999906,-0.0463554118444971,0.0,0.0
2020-08-28,10767764.767,-514661.51699999906,-0.04561620914198734,8340.0,0.0007751343757316231
2020-08-31,10767764.767,-514661.51699999906,-0.04561620914198734,0.0,0.0
2020-09-01,10784444.767,-497981.51699999906,-0.04413780373696781,16680.0,0.0015490680155940684
2020-09-02,10796954.767,-485471.51699999906,-0.043028999683203166,12510.0,0.0011600040864672145
2020-09-03,10817804.767,-464621.51699999906,-0.041180992926928756,20850.0,0.0019311000601509587
2020-09-04,10842824.767,-439601.51699999906,-0.03896338481939946,25020.0,0.0023128537202228294
2020-09-07,10821974.767,-460451.51699999906,-0.04081139157567387,-20850.0,-0.0019229306428945048
2020-09-08,10782340.168,-500086.1160000004,-0.044324341538946266,-39634.599,-0.0036624183527816934
2020-09-09,10782340.168,-500086.1160000004,-0.044324341538946266,0.0,0.0
2020-09-10,10782340.168,-500086.1160000004,-0.044324341538946266,0.0,0.0
2020-09-11,10782340.168,-500086.1160000004,-0.044324341538946266,0.0,0.0
2020-09-14,10782340.168,-500086.1160000004,-0.044324341538946266,0.0,0.0
2020-09-15,10782340.168,-500086.1160000004,-0.044324341538946266,0.0,0.0
2020-09-16,10782340.168,-500086.1160000004,-0.044324341538946266,0.0,0.0
2020-09-17,10782340.168,-500086.1160000004,-0.044324341538946266,0.0,0.0
2020-09-18,10782340.168,-500086.1160000004,-0.044324341538946266,0.0,0.0
2020-09-21,10782340.168,-500086.1160000004,-0.044324341538946266,0.0,0.0
2020-09-22,10782340.168,-500086.1160000004,-0.044324341538946266,0.0,0.0
2020-09-23,10782340.168,-500086.1160000004,-0.044324341538946266,0.0,0.0
2020-09-24,10782340.168,-500086.1160000004,-0.044324341538946266,0.0,0.0
2020-09-25,10782340.168,-500086.1160000004,-0.044324341538946266,0.0,0.0
2020-09-28,10782340.168,-500086.1160000004,-0.044324341538946266,0.0,0.0
2020-09-29,10782340.168,-500086.1160000004,-0.044324341538946266,0.0,0.0
2020-09-30,10782340.168,-500086.1160000004,-0.044324341538946266,0.0,0.0
2020-10-09,10782340.168,-500086.1160000004,-0.044324341538946266,0.0,0.0
2020-10-12,10782340.168,-500086.1160000004,-0.044324341538946266,0.0,0.0
2020-10-13,10782340.168,-500086.1160000004,-0.044324341538946266,0.0,0.0
2020-10-14,10782340.168,-500086.1160000004,-0.044324341538946266,0.0,0.0
2020-10-15,10782340.168,-500086.1160000004,-0.044324341538946266,0.0,0.0
2020-10-16,10782340.168,-500086.1160000004,-0.044324341538946266,0.0,0.0
2020-10-19,10782340.168,-500086.1160000004,-0.044324341538946266,0.0,0.0
2020-10-20,10782340.168,-500086.1160000004,-0.044324341538946266,0.0,0.0
2020-10-21,10782340.168,-500086.1160000004,-0.044324341538946266,0.0,0.0
2020-10-22,10782340.168,-500086.1160000004,-0.044324341538946266,0.0,0.0
2020-10-23,10782340.168,-500086.1160000004,-0.044324341538946266,0.0,0.0
2020-10-26,10782340.168,-500086.1160000004,-0.044324341538946266,0.0,0.0
2020-10-27,10782340.168,-500086.1160000004,-0.044324341538946266,0.0,0.0
2020-10-28,10782340.168,-500086.1160000004,-0.044324341538946266,0.0,0.0
2020-10-29,10782340.168,-500086.1160000004,-0.044324341538946266,0.0,0.0
2020-10-30,10782340.168,-500086.1160000004,-0.044324341538946266,0.0,0.0
2020-11-02,10782340.168,-500086.1160000004,-0.044324341538946266,0.0,0.0
2020-11-03,10782340.168,-500086.1160000004,-0.044324341538946266,0.0,0.0
2020-11-04,10782340.168,-500086.1160000004,-0.044324341538946266,0.0,0.0
2020-11-05,10782340.168,-500086.1160000004,-0.044324341538946266,0.0,0.0
2020-11-06,10782340.168,-500086.1160000004,-0.044324341538946266,0.0,0.0
2020-11-09,10782340.168,-500086.1160000004,-0.044324341538946266,0.0,0.0
2020-11-10,10782340.168,-500086.1160000004,-0.044324341538946266,0.0,0.0
2020-11-11,10782340.168,-500086.1160000004,-0.044324341538946266,0.0,0.0
2020-11-12,10782340.168,-500086.1160000004,-0.044324341538946266,0.0,0.0
2020-11-13,10782340.168,-500086.1160000004,-0.044324341538946266,0.0,0.0
2020-11-16,10782340.168,-500086.1160000004,-0.044324341538946266,0.0,0.0
2020-11-17,10782340.168,-500086.1160000004,-0.044324341538946266,0.0,0.0
2020-11-18,10782340.168,-500086.1160000004,-0.044324341538946266,0.0,0.0
2020-11-19,10782340.168,-500086.1160000004,-0.044324341538946266,0.0,0.0
2020-11-20,10782340.168,-500086.1160000004,-0.044324341538946266,0.0,0.0
2020-11-23,10782340.168,-500086.1160000004,-0.044324341538946266,0.0,0.0
2020-11-24,10782340.168,-500086.1160000004,-0.044324341538946266,0.0,0.0
2020-11-25,10782340.168,-500086.1160000004,-0.044324341538946266,0.0,0.0
2020-11-26,10782340.168,-500086.1160000004,-0.044324341538946266,0.0,0.0
2020-11-27,10782340.168,-500086.1160000004,-0.044324341538946266,0.0,0.0
2020-11-30,10782340.168,-500086.1160000004,-0.044324341538946266,0.0,0.0
2020-12-01,10782340.168,-500086.1160000004,-0.044324341538946266,0.0,0.0
2020-12-02,10782340.168,-500086.1160000004,-0.044324341538946266,0.0,0.0
2020-12-03,10782340.168,-500086.1160000004,-0.044324341538946266,0.0,0.0
2020-12-04,10782340.168,-500086.1160000004,-0.044324341538946266,0.0,0.0
2020-12-07,10782340.168,-500086.1160000004,-0.044324341538946266,0.0,0.0
2020-12-08,10782340.168,-500086.1160000004,-0.044324341538946266,0.0,0.0
2020-12-09,10782340.168,-500086.1160000004,-0.044324341538946266,0.0,0.0
2020-12-10,10782340.168,-500086.1160000004,-0.044324341538946266,0.0,0.0
2020-12-11,10782340.168,-500086.1160000004,-0.044324341538946266,0.0,0.0
2020-12-14,10782340.168,-500086.1160000004,-0.044324341538946266,0.0,0.0
2020-12-15,10782340.168,-500086.1160000004,-0.044324341538946266,0.0,0.0
2020-12-16,10782340.168,-500086.1160000004,-0.044324341538946266,0.0,0.0
2020-12-17,10782340.168,-500086.1160000004,-0.044324341538946266,0.0,0.0
2020-12-18,10748586.376,-533839.9079999998,-0.04731605547975587,-33753.792000000016,-0.003130469960516913
2020-12-21,10742226.376,-540199.9079999998,-0.04787976401548274,-6360.0,-0.0005917057162233563
2020-12-22,10837626.376,-444799.9079999998,-0.03942413597957967,95400.0,0.008880840587491168
2020-12-23,10888506.376,-393919.9079999998,-0.03491446769376471,50880.0,0.0046947549430818025
2020-12-24,10850346.376,-432079.9079999998,-0.038296718908125936,-38160.0,-0.0035046129085354316
2020-12-25,10824906.376,-457519.9079999998,-0.04055155305103342,-25440.0,-0.0023446256108717867
2020-12-28,10809006.376,-473419.9079999998,-0.04196082439035059,-15900.0,-0.0014688348746602076
2020-12-29,10917126.376,-365299.9079999998,-0.03237777928299379,108120.0,0.010002769564468661
2020-12-30,10859886.376,-422539.9079999998,-0.03745115610453563,-57240.0,-0.005243137986002955
2020-12-31,10809006.376,-473419.9079999998,-0.04196082439035059,-50880.0,-0.004685131891659866
2021-01-04,10859886.376,-422539.9079999998,-0.03745115610453563,50880.0,0.00470718567739703
2021-01-05,10783566.376,-498859.9079999998,-0.044215658533258075,-76320.0,-0.007027697837489799
2021-01-06,10704066.376,-578359.9079999998,-0.051262015229843964,-79500.0,-0.007372329081864359
2021-01-07,10700886.376,-581539.9079999998,-0.051543869497707395,-3180.0,-0.0002970833595660194
2021-01-08,10758126.376,-524299.9079999998,-0.04647049267616556,57240.0,0.005349089597697088
2021-01-11,10859886.376,-422539.9079999998,-0.03745115610453563,101760.0,0.009458896135205563
2021-01-12,10866246.376,-416179.9079999998,-0.036887447568808754,6360.0,0.0005856414864575665
2021-01-13,10742226.376,-540199.9079999998,-0.04787976401548274,-124020.0,-0.01141332486937896
2021-01-14,10913946.376,-368479.9079999998,-0.03265963355085723,171720.0,0.01598551305748419
2021-01-15,10964826.376,-317599.9079999998,-0.02814996526504226,50880.0,0.004661925049575633
2021-01-18,10894866.376,-387559.9079999998,-0.03435075915803784,-69960.0,-0.006380401987315487
2021-01-19,10853526.376,-428899.9079999998,-0.0380148646402625,-41340.0,-0.0037944476392172133
2021-01-20,10834446.376,-447979.9079999998,-0.03970599024744311,-19080.0,-0.0017579539901603214
2021-01-21,10789926.376,-492499.9079999998,-0.043651949997531206,-44520.0,-0.004109116281069913
2021-01-22,10723146.376,-559279.9079999998,-0.04957088962266335,-66780.0,-0.006189106178568382
2021-01-25,10751766.376,-530659.9079999998,-0.04703420121189243,28620.0,0.0026689927560865634
2021-01-26,10688166.376,-594259.9079999998,-0.05267128656916114,-63600.0,-0.005915307101721168
2021-01-27,10650006.376,-632419.9079999998,-0.056053537783522366,-38160.0,-0.0035703037038876673
2021-01-28,10643646.376,-638779.9079999998,-0.056617246319249234,-6360.0,-0.0005971827410669039
2021-01-29,10564146.376,-718279.9079999998,-0.06366360301583512,-79500.0,-0.007469244767400518
2021-02-01,10599126.376,-683299.9079999998,-0.06056320606933733,34980.0,0.0033111998598835957
2021-02-02,10615026.376,-667399.9079999998,-0.059153934730020154,15900.0,0.001500123636227535
2021-02-03,10594105.156,-688321.1280000005,-0.061008253958293755,-20921.219999999994,-0.001970906077756185
2021-02-04,10594105.156,-688321.1280000005,-0.061008253958293755,0.0,0.0
2021-02-05,10594105.156,-688321.1280000005,-0.061008253958293755,0.0,0.0
2021-02-08,10594105.156,-688321.1280000005,-0.061008253958293755,0.0,0.0
2021-02-09,10594105.156,-688321.1280000005,-0.061008253958293755,0.0,0.0
2021-02-10,10594105.156,-688321.1280000005,-0.061008253958293755,0.0,0.0
2021-02-18,10594105.156,-688321.1280000005,-0.061008253958293755,0.0,0.0
2021-02-19,10594105.156,-688321.1280000005,-0.061008253958293755,0.0,0.0
2021-02-22,10594105.156,-688321.1280000005,-0.061008253958293755,0.0,0.0
2021-02-23,10594105.156,-688321.1280000005,-0.061008253958293755,0.0,0.0
2021-02-24,10594105.156,-688321.1280000005,-0.061008253958293755,0.0,0.0
2021-02-25,10594105.156,-688321.1280000005,-0.061008253958293755,0.0,0.0
2021-02-26,10594105.156,-688321.1280000005,-0.061008253958293755,0.0,0.0
2021-03-01,10594105.156,-688321.1280000005,-0.061008253958293755,0.0,0.0
2021-03-02,10594105.156,-688321.1280000005,-0.061008253958293755,0.0,0.0
2021-03-03,10594105.156,-688321.1280000005,-0.061008253958293755,0.0,0.0
2021-03-04,10594105.156,-688321.1280000005,-0.061008253958293755,0.0,0.0
2021-03-05,10594105.156,-688321.1280000005,-0.061008253958293755,0.0,0.0
2021-03-08,10594105.156,-688321.1280000005,-0.061008253958293755,0.0,0.0
2021-03-09,10594105.156,-688321.1280000005,-0.061008253958293755,0.0,0.0
2021-03-10,10594105.156,-688321.1280000005,-0.061008253958293755,0.0,0.0
2021-03-11,10594105.156,-688321.1280000005,-0.061008253958293755,0.0,0.0
2021-03-12,10594105.156,-688321.1280000005,-0.061008253958293755,0.0,0.0
2021-03-15,10594105.156,-688321.1280000005,-0.061008253958293755,0.0,0.0
2021-03-16,10594105.156,-688321.1280000005,-0.061008253958293755,0.0,0.0
2021-03-17,10594105.156,-688321.1280000005,-0.061008253958293755,0.0,0.0
2021-03-18,10594105.156,-688321.1280000005,-0.061008253958293755,0.0,0.0
2021-03-19,10594105.156,-688321.1280000005,-0.061008253958293755,0.0,0.0
2021-03-22,10594105.156,-688321.1280000005,-0.061008253958293755,0.0,0.0
2021-03-23,10594105.156,-688321.1280000005,-0.061008253958293755,0.0,0.0
2021-03-24,10594105.156,-688321.1280000005,-0.061008253958293755,0.0,0.0
2021-03-25,10594105.156,-688321.1280000005,-0.061008253958293755,0.0,0.0
2021-03-26,10594105.156,-688321.1280000005,-0.061008253958293755,0.0,0.0
2021-03-29,10594105.156,-688321.1280000005,-0.061008253958293755,0.0,0.0
2021-03-30,10594105.156,-688321.1280000005,-0.061008253958293755,0.0,0.0
2021-03-31,10594105.156,-688321.1280000005,-0.061008253958293755,0.0,0.0
2021-04-01,10594105.156,-688321.1280000005,-0.061008253958293755,0.0,0.0
2021-04-02,10594105.156,-688321.1280000005,-0.061008253958293755,0.0,0.0
2021-04-06,10594105.156,-688321.1280000005,-0.061008253958293755,0.0,0.0
2021-04-07,10594105.156,-688321.1280000005,-0.061008253958293755,0.0,0.0
2021-04-08,10594105.156,-688321.1280000005,-0.061008253958293755,0.0,0.0
2021-04-09,10594105.156,-688321.1280000005,-0.061008253958293755,0.0,0.0
2021-04-12,10594105.156,-688321.1280000005,-0.061008253958293755,0.0,0.0
2021-04-13,10594105.156,-688321.1280000005,-0.061008253958293755,0.0,0.0
2021-04-14,10594105.156,-688321.1280000005,-0.061008253958293755,0.0,0.0
2021-04-15,10594105.156,-688321.1280000005,-0.061008253958293755,0.0,0.0
2021-04-16,10594105.156,-688321.1280000005,-0.061008253958293755,0.0,0.0
2021-04-19,10594105.156,-688321.1280000005,-0.061008253958293755,0.0,0.0
2021-04-20,10594105.156,-688321.1280000005,-0.061008253958293755,0.0,0.0
2021-04-21,10594105.156,-688321.1280000005,-0.061008253958293755,0.0,0.0
2021-04-22,10594105.156,-688321.1280000005,-0.061008253958293755,0.0,0.0
2021-04-23,10594105.156,-688321.1280000005,-0.061008253958293755,0.0,0.0
2021-04-26,10594105.156,-688321.1280000005,-0.061008253958293755,0.0,0.0
2021-04-27,10594105.156,-688321.1280000005,-0.061008253958293755,0.0,0.0
2021-04-28,10594105.156,-688321.1280000005,-0.061008253958293755,0.0,0.0
2021-04-29,10594105.156,-688321.1280000005,-0.061008253958293755,0.0,0.0
2021-04-30,10594105.156,-688321.1280000005,-0.061008253958293755,0.0,0.0
2021-05-06,10594105.156,-688321.1280000005,-0.061008253958293755,0.0,0.0
2021-05-07,10594105.156,-688321.1280000005,-0.061008253958293755,0.0,0.0
2021-05-10,10594105.156,-688321.1280000005,-0.061008253958293755,0.0,0.0
2021-05-11,10594105.156,-688321.1280000005,-0.061008253958293755,0.0,0.0
2021-05-12,10594105.156,-688321.1280000005,-0.061008253958293755,0.0,0.0
2021-05-13,10594105.156,-688321.1280000005,-0.061008253958293755,0.0,0.0
2021-05-14,10594105.156,-688321.1280000005,-0.061008253958293755,0.0,0.0
2021-05-17,10594105.156,-688321.1280000005,-0.061008253958293755,0.0,0.0
2021-05-18,10594105.156,-688321.1280000005,-0.061008253958293755,0.0,0.0
2021-05-19,10594105.156,-688321.1280000005,-0.061008253958293755,0.0,0.0
2021-05-20,10594105.156,-688321.1280000005,-0.061008253958293755,0.0,0.0
2021-05-21,10594105.156,-688321.1280000005,-0.061008253958293755,0.0,0.0
2021-05-24,10594105.156,-688321.1280000005,-0.061008253958293755,0.0,0.0
2021-05-25,10594105.156,-688321.1280000005,-0.061008253958293755,0.0,0.0
2021-05-26,10594105.156,-688321.1280000005,-0.061008253958293755,0.0,0.0
2021-05-27,10594105.156,-688321.1280000005,-0.061008253958293755,0.0,0.0
2021-05-28,10594105.156,-688321.1280000005,-0.061008253958293755,0.0,0.0
2021-05-31,10594105.156,-688321.1280000005,-0.061008253958293755,0.0,0.0
2021-06-01,10594105.156,-688321.1280000005,-0.061008253958293755,0.0,0.0
2021-06-02,10594105.156,-688321.1280000005,-0.061008253958293755,0.0,0.0
2021-06-03,10594105.156,-688321.1280000005,-0.061008253958293755,0.0,0.0
2021-06-04,10594105.156,-688321.1280000005,-0.061008253958293755,0.0,0.0
2021-06-07,10594105.156,-688321.1280000005,-0.061008253958293755,0.0,0.0
2021-06-08,10594105.156,-688321.1280000005,-0.061008253958293755,0.0,0.0
2021-06-09,10594105.156,-688321.1280000005,-0.061008253958293755,0.0,0.0
2021-06-10,10594105.156,-688321.1280000005,-0.061008253958293755,0.0,0.0
2021-06-11,10594105.156,-688321.1280000005,-0.061008253958293755,0.0,0.0
2021-06-15,10594105.156,-688321.1280000005,-0.061008253958293755,0.0,0.0
2021-06-16,10594105.156,-688321.1280000005,-0.061008253958293755,0.0,0.0
2021-06-17,10594105.156,-688321.1280000005,-0.061008253958293755,0.0,0.0
2021-06-18,10594105.156,-688321.1280000005,-0.061008253958293755,0.0,0.0
2021-06-21,10594105.156,-688321.1280000005,-0.061008253958293755,0.0,0.0
2021-06-22,10594105.156,-688321.1280000005,-0.061008253958293755,0.0,0.0
2021-06-23,10594105.156,-688321.1280000005,-0.061008253958293755,0.0,0.0
2021-06-24,10594105.156,-688321.1280000005,-0.061008253958293755,0.0,0.0
2021-06-25,10594105.156,-688321.1280000005,-0.061008253958293755,0.0,0.0
2021-06-28,10594105.156,-688321.1280000005,-0.061008253958293755,0.0,0.0
2021-06-29,10594105.156,-688321.1280000005,-0.061008253958293755,0.0,0.0
2021-06-30,10594105.156,-688321.1280000005,-0.061008253958293755,0.0,0.0
2021-07-01,10594105.156,-688321.1280000005,-0.061008253958293755,0.0,0.0
2021-07-02,10594105.156,-688321.1280000005,-0.061008253958293755,0.0,0.0
2021-07-05,10594105.156,-688321.1280000005,-0.061008253958293755,0.0,0.0
2021-07-06,10594105.156,-688321.1280000005,-0.061008253958293755,0.0,0.0
2021-07-07,10594105.156,-688321.1280000005,-0.061008253958293755,0.0,0.0
2021-07-08,10594105.156,-688321.1280000005,-0.061008253958293755,0.0,0.0
2021-07-09,10594105.156,-688321.1280000005,-0.061008253958293755,0.0,0.0
2021-07-12,10594105.156,-688321.1280000005,-0.061008253958293755,0.0,0.0
2021-07-13,10594105.156,-688321.1280000005,-0.061008253958293755,0.0,0.0
2021-07-14,10594105.156,-688321.1280000005,-0.061008253958293755,0.0,0.0
2021-07-15,10594105.156,-688321.1280000005,-0.061008253958293755,0.0,0.0
2021-07-16,10594105.156,-688321.1280000005,-0.061008253958293755,0.0,0.0
2021-07-19,10594105.156,-688321.1280000005,-0.061008253958293755,0.0,0.0
2021-07-20,10594105.156,-688321.1280000005,-0.061008253958293755,0.0,0.0
2021-07-21,10594105.156,-688321.1280000005,-0.061008253958293755,0.0,0.0
2021-07-22,10594105.156,-688321.1280000005,-0.061008253958293755,0.0,0.0
2021-07-23,10594105.156,-688321.1280000005,-0.061008253958293755,0.0,0.0
2021-07-26,10594105.156,-688321.1280000005,-0.061008253958293755,0.0,0.0
2021-07-27,10594105.156,-688321.1280000005,-0.061008253958293755,0.0,0.0
2021-07-28,10594105.156,-688321.1280000005,-0.061008253958293755,0.0,0.0
2021-07-29,10594105.156,-688321.1280000005,-0.061008253958293755,0.0,0.0
2021-07-30,10594105.156,-688321.1280000005,-0.061008253958293755,0.0,0.0
2021-08-02,10594105.156,-688321.1280000005,-0.061008253958293755,0.0,0.0
2021-08-03,10594105.156,-688321.1280000005,-0.061008253958293755,0.0,0.0
2021-08-04,10594105.156,-688321.1280000005,-0.061008253958293755,0.0,0.0
2021-08-05,10594105.156,-688321.1280000005,-0.061008253958293755,0.0,0.0
2021-08-06,10594105.156,-688321.1280000005,-0.061008253958293755,0.0,0.0
2021-08-09,10312927.546,-969498.7379999999,-0.08592998647594798,-281177.61,-0.026540949505372224
2021-08-10,10035727.546,-1246698.738,-0.11049916982555309,-277200.0,-0.0268788856281178
2021-08-11,9842527.546,-1439898.738,-0.1276231460995203,-193200.0,-0.01925122011477931
2021-08-12,10119727.546,-1162698.738,-0.10305396274991517,277200.0,0.02816349750655811
2021-08-13,10145098.696,-1137327.5879999995,-0.10080523101780715,25371.149999999998,0.002507098129339358
2021-08-16,10145098.696,-1137327.5879999995,-0.10080523101780715,0.0,0.0
2021-08-17,10145098.696,-1137327.5879999995,-0.10080523101780715,0.0,0.0
2021-08-18,10145098.696,-1137327.5879999995,-0.10080523101780715,0.0,0.0
2021-08-19,10145098.696,-1137327.5879999995,-0.10080523101780715,0.0,0.0
2021-08-20,10145098.696,-1137327.5879999995,-0.10080523101780715,0.0,0.0
2021-08-23,10145098.696,-1137327.5879999995,-0.10080523101780715,0.0,0.0
2021-08-24,10145098.696,-1137327.5879999995,-0.10080523101780715,0.0,0.0
2021-08-25,10145098.696,-1137327.5879999995,-0.10080523101780715,0.0,0.0
2021-08-26,10145098.696,-1137327.5879999995,-0.10080523101780715,0.0,0.0
2021-08-27,10145098.696,-1137327.5879999995,-0.10080523101780715,0.0,0.0
2021-08-30,10012516.906,-1269909.3780000005,-0.11255640817267319,-132581.78999999998,-0.0130685559572008
2021-08-31,9982816.906,-1299609.3780000005,-0.1151888206744166,-29700.0,-0.0029662871262871038
2021-09-01,10254076.906,-1028349.3780000005,-0.09114611982516016,271260.0,0.027172691090524115
2021-09-02,10275856.906,-1006569.3780000005,-0.08921568399054833,21780.0,0.0021240332210943347
2021-09-03,10339216.906,-943209.3780000005,-0.08359987065349574,63360.0,0.006165909138244663
2021-09-06,10616416.906,-666009.3780000005,-0.059030687303890605,277200.0,0.026810541119331566
2021-09-07,10685716.906,-596709.3780000005,-0.052888391466489326,69300.0,0.006527626092079464
2021-09-08,10454056.906,-828369.3780000005,-0.07342120898008789,-231660.0,-0.02167940644861399
2021-09-09,10475836.906,-806589.3780000005,-0.07149077314547607,21780.0,0.002083401706709731
2021-09-10,10184776.906,-1097649.3780000005,-0.09728841566256144,-291060.0,-0.02778393770461396
2021-09-13,10186756.906,-1095669.3780000005,-0.09711292149577855,1980.0,0.00019440779295165633
2021-09-14,10341196.906,-941229.3780000005,-0.08342437648671283,154440.0,0.015160860460804226
2021-09-15,10715416.906,-567009.3780000005,-0.05025597896474592,374220.0,0.03618730050318231
2021-09-16,10768876.906,-513549.3780000005,-0.045517636461607794,53460.0,0.004989073264155097
2021-09-17,10758976.906,-523449.3780000005,-0.04639510729552226,-9900.0,-0.0009193159218380265
2021-09-22,10945096.906,-337329.3780000005,-0.02989865561793025,186120.0,0.01729904261586479
2021-09-23,10933216.906,-349209.3780000005,-0.03095162061862761,-11880.0,-0.001085417525493737
2021-09-24,10705516.906,-576909.3780000005,-0.05113344979866039,-227700.0,-0.02082644128966671
2021-09-27,10564936.906,-717489.3780000005,-0.06359353564024585,-140580.0,-0.013131547148481082
2021-09-28,10855996.906,-426429.3780000005,-0.037795893123160465,291060.0,0.02754962027598129
2021-09-29,10887676.906,-394749.3780000005,-0.03498798645463417,31680.0,0.0029182027476897243
2021-09-30,10980736.906,-301689.3780000005,-0.02673976061583816,93060.0,0.008547277881539195
2021-10-08,10865896.906,-416529.3780000005,-0.036918422289245995,-114840.0,-0.010458314499571575
2021-10-11,11083696.906,-198729.3780000005,-0.017614063943127686,217800.0,0.02004436466535342
2021-10-12,11224276.906,-58149.37800000049,-0.005153978101542231,140580.0,0.012683493710830218
2021-10-13,11271796.906,-10629.378000000492,-0.0009421180987527817,47520.0,0.00423368029833604
2021-10-14,11206456.906,-75969.37800000049,-0.006733425602588275,-65340.0,-0.005796768744584013
2021-10-15,11265856.906,-16569.37800000049,-0.001468600599101463,59400.0,0.005300515631144531
2021-10-18,11406436.906,0.0,0.0,140580.0,0.012478411644402332
2021-10-19,11315356.906,-91080.0,-0.007984965046542291,-91080.0,-0.007984965046542336
2021-10-20,11085676.906,-320760.0,-0.028120963859561983,-229680.0,-0.020298078258425223
2021-10-21,10859956.906,-546480.0,-0.04790979027925375,-225720.0,-0.02036140886244231
2021-10-22,11131216.906,-275220.0,-0.02412848133629084,271260.0,0.02497799966868497
2021-10-25,11580676.906,0.0,0.0,449460.0,0.040378334533911486
2021-10-26,11636116.906,0.0,0.0,55440.0,0.004787284927297852
2021-10-27,11372776.906,-263340.0,-0.02263126110946964,-263340.0,-0.02263126110946967
2021-10-28,11164876.906,-471240.0,-0.04049804619589304,-207900.0,-0.018280495759159465
2021-10-29,10402576.906,-1233540.0,-0.10600959151277885,-762300.0,-0.0682766148178795
2021-11-01,10467916.906,-1168200.0,-0.10039431619990292,65340.0,0.006281135971444973
2021-11-02,10905496.906,-730620.0,-0.06278898758943081,437580.0,0.041802013134933036
2021-11-03,11230216.906,-405900.0,-0.03488277088301712,324720.0,0.029775809648925344
2021-11-04,11210416.906,-425700.0,-0.036584369462676486,-19800.0,-0.0017631004072077294
2021-11-05,11226256.906,-409860.0,-0.03522309059894899,15840.0,0.0014129715364574746
2021-11-08,11240116.906,-396000.0,-0.03403197159318743,13860.0,0.0012346056317837917
2021-11-09,11141116.906,-495000.0,-0.04253996449148429,-99000.0,-0.008807737573187868
2021-11-10,11014396.906,-621720.0,-0.05343019540130427,-126720.0,-0.011374084041049337
2021-11-11,10984696.906,-651420.0,-0.05598259327079332,-29700.0,-0.002696470832989628
2021-11-12,10729276.906,-906840.0,-0.07793321494839922,-255420.0,-0.02325234844308599
2021-11-15,9917476.906,-1718640.0,-0.14769875671443344,-811800.0,-0.07566213521304754
2021-11-16,9766996.906,-1869120.0,-0.16063090591984466,-150480.0,-0.01517321405699068
2021-11-17,9911536.906,-1724580.0,-0.14820923628833127,144540.0,0.014798817015208243
2021-11-18,10111516.906,-1524600.0,-0.1310230906337716,199980.0,0.020176487450593195
2021-11-19,9964996.906,-1671120.0,-0.14361492012325094,-146520.0,-0.014490407459345489
2021-11-22,9727396.906,-1908720.0,-0.1640341030791634,-237600.0,-0.023843459485365148
2021-11-23,9778876.906,-1857240.0,-0.15960994677204904,51480.0,0.005292268887295615
2021-11-24,9923416.906,-1712700.0,-0.14718827714053564,144540.0,0.014780838473517743
2021-11-25,10101616.906,-1534500.0,-0.1318738899236013,178200.0,0.01795752427697095
2021-11-26,10040236.906,-1595880.0,-0.13714884552054535,-61380.0,-0.006076254976917883
2021-11-29,9964996.906,-1671120.0,-0.14361492012325094,-75240.0,-0.007493847077954641
2021-11-30,9850156.906,-1785960.0,-0.15348419188527532,-114840.0,-0.0115243387512598
2021-12-01,9493756.906,-2142360.0,-0.184112966319144,-356400.0,-0.036182164751396684
2021-12-02,9664036.906,-1972080.0,-0.1694792185340734,170280.0,0.017935997486135724
2021-12-03,9357136.906,-2278980.0,-0.19585399651879368,-306900.0,-0.03175691514686363
2021-12-06,9284740.84,-2351376.0659999996,-0.20207566536114344,-72396.06599999999,-0.007736989073396816
2021-12-07,9344500.84,-2291616.0659999996,-0.1969399314661715,59760.0,0.006436367048883618
2021-12-08,9342010.84,-2294106.0659999996,-0.19715392037846202,-2490.0,-0.00026646688171305666
2021-12-09,9262330.84,-2373786.0659999996,-0.20400156557175791,-79680.0,-0.00852921296760134
2021-12-10,9312130.84,-2323986.0659999996,-0.19972178732594797,49800.0,0.0053766164111668235
2021-12-13,9581050.84,-2055066.0659999996,-0.17661098479857432,268920.0,0.028878460217167667
2021-12-14,9513820.84,-2122296.0659999996,-0.18238868543041775,-67230.0,-0.007016975603481912
2021-12-15,9518800.84,-2117316.0659999996,-0.18196070760583674,4980.0,0.0005234489994874192
2021-12-16,9511330.84,-2124786.0659999996,-0.18260267434270824,-7470.0,-0.0007847627159724979
2021-12-17,9498880.84,-2137236.0659999996,-0.18367261890416073,-12450.0,-0.0013089650869509972
2021-12-20,9628360.84,-2007756.0659999996,-0.1725451954650549,129480.0,0.013631079511468025
2021-12-21,9605950.84,-2030166.0659999996,-0.17447109567566935,-22410.0,-0.0023274989764509035
2021-12-22,9608440.84,-2027676.0659999996,-0.17425710676337886,2490.0,0.00025921431844433407
2021-12-23,9648280.84,-1987836.0659999996,-0.1708332841667309,39840.0,0.004146354300704536
2021-12-24,9722980.84,-1913136.0659999996,-0.16441361679801603,74700.0,0.007742311945388991
2021-12-27,9608440.84,-2027676.0659999996,-0.17425710676337886,-114540.0,-0.011780337931839413
2021-12-28,9578560.84,-2057556.0659999996,-0.17682497371086484,-29880.0,-0.003109765725528457
2021-12-29,9620890.84,-2015226.0659999996,-0.17318716220192637,42330.0,0.004419244258827559
2021-12-30,9660730.84,-1975386.0659999996,-0.16976333960527842,39840.0,0.00414098867376822
2021-12-31,9675670.84,-1960446.0659999996,-0.16847940613153545,14940.0,0.0015464668509488355
2022-01-04,9934630.84,-1701486.0659999996,-0.14622455925332378,258960.0,0.02676403572240571
2022-01-05,9869890.84,-1766226.0659999996,-0.1517882709728767,-64740.0,-0.00651659845671726
2022-01-06,9762820.84,-1873296.0659999996,-0.16098979420136805,-107070.0,-0.01084814429416725
2022-01-07,9650770.84,-1985346.0659999996,-0.17061929525444042,-112050.0,-0.011477215636377491
2022-01-10,9685630.84,-1950486.0659999996,-0.16762345048237345,34860.0,0.0036121466956311465
2022-01-11,9722980.84,-1913136.0659999996,-0.16441361679801603,37350.0,0.003856227912977017
2022-01-12,9673180.84,-1962936.0659999996,-0.16869339504382594,-49800.0,-0.005121886057321445
2022-01-13,9633340.84,-2002776.0659999996,-0.17211721764047389,-39840.0,-0.004118603865571946
2022-01-14,9638320.84,-1997796.0659999996,-0.1716892398158929,4980.0,0.0005169546144698778
2022-01-17,9618400.84,-2017716.0659999996,-0.1734011511142169,-19920.0,-0.002066750041908705
2022-01-18,9722980.84,-1913136.0659999996,-0.16441361679801603,104580.0,0.01087290930578444
2022-01-19,9705550.84,-1930566.0659999996,-0.1659115391840495,-17430.0,-0.001792660120062517
2022-01-20,9725470.84,-1910646.0659999996,-0.1641996278857255,19920.0,0.002052433739041737
2022-01-21,9685630.84,-1950486.0659999996,-0.16762345048237345,-39840.0,-0.00409645976584927
2022-01-24,9640810.84,-1995306.0659999996,-0.1714752509036024,-44820.0,-0.004627473495572576
2022-01-25,9695590.84,-1940526.0659999996,-0.1667674948332115,54780.0,0.005682094681571437
2022-01-26,9732940.84,-1903176.0659999996,-0.16355766114885403,37350.0,0.003852266521593428
2022-01-27,9772780.84,-1863336.0659999996,-0.1601338385522061,39840.0,0.004093315746487081
2022-01-28,9730450.84,-1905666.0659999996,-0.16377165006114452,-42330.0,-0.004331418118652897
2022-02-07,9735430.84,-1900686.0659999996,-0.16334367223656354,4980.0,0.0005117954020721349
2022-02-08,9787720.84,-1848396.0659999996,-0.1588499050784631,52290.0,0.005371102816031037
2022-02-09,9693100.84,-1943016.0659999996,-0.16698148374550198,-94620.0,-0.009667214824242931
2022-02-10,9670690.84,-1965426.0659999996,-0.16890738395611646,-22410.0,-0.002311953663735933
2022-02-11,9673180.84,-1962936.0659999996,-0.16869339504382594,2490.0,0.0002574790199787458
2022-02-14,9698080.84,-1938036.0659999996,-0.16655350592092097,24900.0,0.002574127415982508
2022-02-15,9708040.84,-1928076.0659999996,-0.165697550271759,9960.0,0.001027007318697537
2022-02-16,9755350.84,-1880766.0659999996,-0.16163176093823955,47310.0,0.004873279869720859
2022-02-17,9800170.84,-1835946.0659999996,-0.15777996051701063,44820.0,0.004594401650448443
2022-02-18,9907240.84,-1728876.0659999996,-0.14857843728851924,107070.0,0.01092531974677291
2022-02-21,9879850.84,-1756266.0659999996,-0.15093231532371473,-27390.0,-0.002764644611183198
2022-02-22,9817600.84,-1818516.0659999996,-0.15628203813097713,-62250.0,-0.006300702410199532
2022-02-23,9852460.84,-1783656.0659999996,-0.1532861933589102,34860.0,0.0035507656675111132
2022-02-24,9832540.84,-1803576.0659999996,-0.15499810465723415,-19920.0,-0.0020218299086383063
2022-02-25,9869890.84,-1766226.0659999996,-0.1517882709728767,37350.0,0.003798611224481885
2022-02-28,9912220.84,-1723896.0659999996,-0.14815045946393826,42330.0,0.004288801232577688
2022-03-01,9887320.84,-1748796.0659999996,-0.15029034858684323,-24900.0,-0.0025120505688813743
2022-03-02,9952060.84,-1684056.0659999996,-0.14472663686729031,64740.0,0.006547779833146361
2022-03-03,10093990.84,-1542126.0659999996,-0.132529268866732,141930.0,0.014261367799274893
2022-03-04,10263310.84,-1372806.0659999996,-0.11797802283097822,169320.0,0.016774336601240725
2022-03-07,10517290.84,-1118826.0659999996,-0.09615115377734756,253980.0,0.024746400451026496
2022-03-08,10656730.84,-979386.0659999996,-0.08416777468907974,139440.0,0.013258167157427447
2022-03-09,10689100.84,-947016.0659999996,-0.08138591882930328,32370.0,0.0030375168976304323
2022-03-10,10743880.84,-892236.0659999996,-0.07667816275891236,54780.0,0.005124846403825378
2022-03-11,10699060.84,-937056.0659999996,-0.0805299631801413,-44820.0,-0.004171676944994873
2022-03-14,10450060.84,-1186056.0659999996,-0.10192885440919097,-249000.0,-0.023273070760479908
2022-03-15,10113910.84,-1522206.0659999996,-0.13081735756840804,-336150.0,-0.032167276836639
2022-03-16,10235920.84,-1400196.0659999996,-0.1203319008661737,122010.0,0.012063582715941656
2022-03-17,9986920.84,-1649196.0659999996,-0.14173079209522335,-249000.0,-0.02432609668364727
2022-03-18,10059130.84,-1576986.0659999996,-0.13552511363879896,72210.0,0.007230456830175536
2022-03-21,9859930.84,-1776186.0659999996,-0.1526442266220387,-199200.0,-0.019802903766584223
2022-03-22,9469000.84,-2167116.0659999996,-0.18624048585164668,-390930.0,-0.039648351123728554
2022-03-23,9436630.84,-2199486.0659999996,-0.18902234171142313,-32370.0,-0.003418523300078191
2022-03-24,9566110.84,-2070006.0659999996,-0.17789491827231732,129480.0,0.013720998754254587
2022-03-25,9459040.84,-2177076.0659999996,-0.18709644150080867,-107070.0,-0.011192636358790087
2022-03-28,9264820.84,-2371296.0659999996,-0.20378757665946742,-194220.0,-0.020532737228355136
2022-03-29,9655750.84,-1980366.0659999996,-0.17019131742985943,390930.0,0.04219509548551614
2022-03-30,9767800.84,-1868316.0659999996,-0.16056181637678707,112050.0,0.011604483365065699
2022-03-31,9782740.84,-1853376.0659999996,-0.1592778829030441,14940.0,0.0015295152148084856
2022-04-01,9967000.84,-1669116.0659999996,-0.14344270339354734,184260.0,0.018835212238945465
2022-04-06,10300660.84,-1335456.0659999996,-0.11476818914662078,333660.0,0.03347646953745009
2022-04-07,10487410.84,-1148706.0659999996,-0.09871902072483352,186750.0,0.01812990476055698
2022-04-08,10519780.84,-1116336.0659999996,-0.09593716486505706,32370.0,0.003086557825744629
2022-04-11,10278250.84,-1357866.0659999996,-0.11669408935723524,-241530.0,-0.022959603785814187
2022-04-12,9959530.84,-1676586.0659999996,-0.1440846701304188,-318720.0,-0.031009167314698494
2022-04-13,9984430.84,-1651686.0659999996,-0.14194478100751387,24900.0,0.0025001177665915364
2022-04-14,9673180.84,-1962936.0659999996,-0.16869339504382594,-311250.0,-0.031173534574756023
2022-04-15,9451570.84,-2184546.0659999996,-0.18773840823768015,-221610.0,-0.02290973400224372
2022-04-18,9070600.84,-2565516.0659999996,-0.22047871181812614,-380970.0,-0.04030758552723279
2022-04-19,9287230.84,-2348886.0659999996,-0.20186167644885294,216630.0,0.023882651637000096
2022-04-20,9196696.015,-2439420.890999999,-0.20964217794530288,-90534.82500000001,-0.009748312124435055
2022-04-21,9285796.015,-2350320.890999999,-0.2019849843368357,89100.0,0.009688261942623289
2022-04-22,9305596.015,-2330520.890999999,-0.20028338575717633,19800.0,0.0021322889247206156
2022-04-25,9204946.015,-2431170.890999999,-0.20893317853711146,-100650.0,-0.010816072375993802
2022-04-26,9303946.015,-2332170.890999999,-0.2004251856388146,99000.0,0.010755087519109141
2022-04-27,9234646.015,-2401470.890999999,-0.20638078066762242,-69300.0,-0.007448452504805303
2022-04-28,9219796.015,-2416320.890999999,-0.20765697960236693,-14850.0,-0.0016080746328422935
2022-04-29,9333646.015,-2302470.890999999,-0.19787278776932554,113850.0,0.012348429381167758
2022-05-05,9327046.015,-2309070.890999999,-0.19843998729587867,-6600.0,-0.000707119167514314
2022-05-06,9300646.015,-2335470.890999999,-0.20070878540209117,-26400.0,-0.002830478155414151
2022-05-09,9229696.015,-2406420.890999999,-0.20680618031253725,-70950.0,-0.007628502351941235
2022-05-10,9193396.015,-2442720.890999999,-0.20992577770857943,-36300.0,-0.0039329572654402956
2022-05-11,9218146.015,-2417970.890999999,-0.2077987794840052,24750.0,0.0026921498823304635
2022-05-12,9185146.015,-2450970.890999999,-0.21063477711677084,-33000.0,-0.0035798955610273353
2022-05-13,9176896.015,-2459220.890999999,-0.21134377652496222,-8250.0,-0.0008981893141957187
2022-05-16,9247846.015,-2388270.890999999,-0.20524638161451617,70950.0,0.00773137233810095
2022-05-17,9247846.015,-2388270.890999999,-0.20524638161451617,0.0,0.0
2022-05-18,9166996.015,-2469120.890999999,-0.21219457581479192,-80850.0,-0.00874257636522724
2022-05-19,9173596.015,-2462520.890999999,-0.2116273762882388,6600.0,0.0007199741321148867
2022-05-20,9214846.015,-2421270.890999999,-0.20808237924728176,41250.0,0.004496600889394964
2022-05-23,9219796.015,-2416320.890999999,-0.20765697960236693,4950.0,0.0005371766377801901
2022-05-24,9135646.015,-2500470.890999999,-0.21488877356591926,-84150.0,-0.009127099977384923
2022-05-25,9138946.015,-2497170.890999999,-0.21460517380264268,3300.0,0.0003612224022890853
2022-05-26,9196696.015,-2439420.890999999,-0.20964217794530288,57750.0,0.006319109436166093
2022-05-27,9242896.015,-2393220.890999999,-0.205671781259431,46200.0,0.005023543229508487
2022-05-30,9221446.015,-2414670.890999999,-0.20751517972072864,-21450.0,-0.0023207012136877703
2022-05-31,9298996.015,-2337120.890999999,-0.20085058528372945,77550.0,0.00840974396790406
2022-06-01,9295696.015,-2340420.890999999,-0.201134185047006,-3300.0,-0.0003548770205596963
2022-06-02,9364996.015,-2271120.890999999,-0.1951785900181982,69300.0,0.00745506306232202
2022-06-06,9328696.015,-2307420.890999999,-0.19829818741424038,-36300.0,-0.003876136192888735
2022-06-07,9340246.015,-2295870.890999999,-0.19730558824277242,11550.0,0.0012381151643732213
2022-06-08,9442546.015,-2193570.890999999,-0.188513995581199,102300.0,0.01095260230145012
2022-06-09,9310546.015,-2325570.890999999,-0.19985798611226147,-132000.0,-0.013979280565888819
2022-06-10,9340246.015,-2295870.890999999,-0.19730558824277242,29700.0,0.003189931068720453
2022-06-13,9358396.015,-2277720.890999999,-0.19574578954475133,18150.0,0.0019432036341282544
2022-06-14,9364996.015,-2271120.890999999,-0.1951785900181982,6600.0,0.0007052490607815098
2022-06-15,9279196.015,-2356920.890999999,-0.20255218386338883,-85800.0,-0.009161776455918758
2022-06-16,9204946.015,-2431170.890999999,-0.20893317853711146,-74250.0,-0.008001770830142307
2022-06-17,9214846.015,-2421270.890999999,-0.20808237924728176,9900.0,0.0010755087519109807
2022-06-20,9094396.015,-2541720.890999999,-0.21843377060687627,-120450.0,-0.013071298185984959
2022-06-21,9208246.015,-2427870.890999999,-0.2086495787738349,113850.0,0.01251869830742125
2022-06-22,9132346.015,-2503770.890999999,-0.2151723733291958,-75900.0,-0.008242612097500546
2022-06-23,9181846.015,-2454270.890999999,-0.2109183768800474,49500.0,0.0054202939659420135
2022-06-24,9115846.015,-2520270.890999999,-0.21659037214557864,-66000.0,-0.007188097022339357
2022-06-27,9198346.015,-2437770.890999999,-0.2095003780636646,82500.0,0.009050174812545997
2022-06-28,9244546.015,-2391570.890999999,-0.20552998137779271,46200.0,0.005022642105946051
2022-06-29,9237946.015,-2398170.890999999,-0.20609718090434584,-6600.0,-0.0007139344635519462
2022-06-30,9138946.015,-2497170.890999999,-0.21460517380264268,-99000.0,-0.01071666795186399
2022-07-01,9188446.015,-2447670.890999999,-0.21035117735349426,49500.0,0.005416379516713921
2022-07-04,9171946.015,-2464170.890999999,-0.2117691761698771,-16500.0,-0.0017957334649476575
2022-07-05,9249496.015,-2386620.890999999,-0.20510458173287788,77550.0,0.008455130445946146
2022-07-06,9295696.015,-2340420.890999999,-0.201134185047006,46200.0,0.004994866739233883
2022-07-07,9336946.015,-2299170.890999999,-0.197589188006049,41250.0,0.004437537537096414
2022-07-08,9406246.015,-2229870.890999999,-0.1916335929772412,69300.0,0.007422127094733888
2022-07-11,9396346.015,-2239770.890999999,-0.19248439226707087,-9900.0,-0.0010524921402451648
2022-07-12,9295696.015,-2340420.890999999,-0.201134185047006,-100650.0,-0.010711610645172676
2022-07-13,9447496.015,-2188620.890999999,-0.18808859593628416,151800.0,0.01633013813651485
2022-07-14,9531646.015,-2104470.890999999,-0.18085680197273182,84150.0,0.008907122042326687
2022-07-15,9501946.015,-2134170.890999999,-0.1834091998422209,-29700.0,-0.0031159361093835436
2022-07-18,9627346.015,-2008770.890999999,-0.17263240883771153,125400.0,0.01319729661713942
2022-07-19,9452446.015,-2183670.890999999,-0.18766319629136932,-174900.0,-0.018167000513692466
2022-07-20,9317146.015,-2318970.890999999,-0.19929078658570834,-135300.0,-0.014313755379855464
2022-07-21,9214846.015,-2421270.890999999,-0.20808237924728176,-102300.0,-0.010979757088200981
2022-07-22,9330346.015,-2305770.890999999,-0.19815638753260212,115500.0,0.012534121548204658
2022-07-25,9341896.015,-2294220.890999999,-0.19716378836113413,11550.0,0.0012378962132200133
2022-07-26,9369946.015,-2266170.890999999,-0.19475319037328337,28050.0,0.0030026024647418215
2022-07-27,9328696.015,-2307420.890999999,-0.19829818741424038,-41250.0,-0.004402373283043937
2022-07-28,9275896.015,-2360220.890999999,-0.20283578362666538,-52800.0,-0.0056599550371349006
2022-07-29,9201646.015,-2434470.890999999,-0.209216778300388,-74250.0,-0.008004617546372939
2022-08-01,9525046.015,-2111070.890999999,-0.18142400149928495,323400.0,0.03514588579834643
2022-08-02,9577846.015,-2058270.890999999,-0.17688640528685995,52800.0,0.005543280307187093
2022-08-03,9594346.015,-2041770.890999999,-0.17546840647047715,16500.0,0.0017227255454053125
2022-08-04,9620746.015,-2015370.890999999,-0.17319960836426465,26400.0,0.0027516205855746545
2022-08-05,9480496.015,-2155620.890999999,-0.18525259830351853,-140250.0,-0.014577871589306235
2022-08-08,9548146.015,-2087970.890999999,-0.17943880315634902,67650.0,0.007135702593299431
2022-08-09,9454096.015,-2182020.890999999,-0.18752139640973103,-94050.0,-0.009850079780121535
2022-08-10,9454096.015,-2182020.890999999,-0.18752139640973103,0.0,0.0
2022-08-11,9371596.015,-2264520.890999999,-0.19461139049164508,-82500.0,-0.0087263763631239
2022-08-12,9412846.015,-2223270.890999999,-0.19106639345068807,41250.0,0.004401598183914057
2022-08-15,9411196.015,-2224920.890999999,-0.19120819333232633,-1650.0,-0.00017529236081947897
2022-08-16,9450796.015,-2185320.890999999,-0.1878049961730076,39600.0,0.004207754246844164
2022-08-17,9488746.015,-2147370.890999999,-0.18454359889532712,37950.0,0.004015534769745033
2022-08-18,9534946.015,-2101170.890999999,-0.18057320220945527,46200.0,0.004868925770272092
2022-08-19,9516876.007,-2119240.899,-0.18212612644921464,-18070.007999999973,-0.0018951347990406875
2022-08-22,9622476.007,-2013640.8990000002,-0.17305093402436467,105600.0,0.011096078158665534
2022-08-23,9588156.007,-2047960.8990000002,-0.17600037156244092,-34320.0,-0.0035666495790722674
2022-08-24,9582876.007,-2053240.8990000002,-0.17645413118368342,-5280.0,-0.000550679400308618
2022-08-25,9582876.007,-2053240.8990000002,-0.17645413118368342,0.0,0.0
2022-08-26,9775596.007,-1860520.8990000002,-0.1598919050083322,192720.0,0.020110872754611764
2022-08-29,9609276.007,-2026840.8990000002,-0.17418533307747092,-166320.0,-0.01701379638447653
2022-08-30,9490476.007,-2145640.899,-0.18439492455542714,-118800.0,-0.012363054189874267
2022-08-31,9479916.007,-2156200.899,-0.18530244379791214,-10560.0,-0.0011126944520181148
2022-09-01,9450876.007,-2185240.899,-0.18779812171474589,-29040.0,-0.0030633182803051495
2022-09-02,9545916.007,-2090200.8990000002,-0.17963044853238092,95040.0,0.010056210654928233
2022-09-05,9651516.007,-1984600.8990000002,-0.17055525610753092,105600.0,0.011062322350475773
2022-09-06,9596076.007,-2040040.8990000002,-0.17531973213057717,-55440.0,-0.0057441753150272445
2022-09-07,9582876.007,-2053240.8990000002,-0.17645413118368342,-13200.0,-0.0013755622600707396
2022-09-08,9680556.007,-1955560.8990000002,-0.16805957819069717,97680.0,0.010193182081104535
2022-09-09,9751836.007,-1884280.8990000002,-0.16193382330392345,71280.0,0.0073632134299370655
2022-09-13,9844236.007,-1791880.8990000002,-0.1539930299321797,92400.0,0.00947513882859341
2022-09-14,9857436.007,-1778680.8990000002,-0.15285863087907345,13200.0,0.0013408861785326742
2022-09-15,9978876.007,-1657240.8990000002,-0.14242215959049598,121440.0,0.012319633616060255
2022-09-16,10015836.007,-1620280.8990000002,-0.13924584224179848,36960.0,0.0037038239551301366
2022-09-19,10089756.007,-1546360.8990000002,-0.1328932075444035,73920.0,0.007380312531908295
2022-09-20,10039596.007,-1596520.8990000002,-0.13720392394620723,-50160.0,-0.0049713788881713405
2022-09-21,10084476.007,-1551640.8990000002,-0.133346967165646,44880.0,0.004470299399369049
2022-09-22,10145196.007,-1490920.8990000002,-0.12812873152135726,60720.0,0.006021135848590653
2022-09-23,10121436.007,-1514680.8990000002,-0.1301706498169485,-23760.0,-0.002341995165357713
2022-09-26,10163676.007,-1472440.8990000002,-0.1265405728470085,42240.0,0.004173320857908669
2022-09-27,10168956.007,-1467160.8990000002,-0.126086813225766,5280.0,0.0005194970792421483
2022-09-28,10087116.007,-1549000.8990000002,-0.13312008735502476,-81840.0,-0.008048023803393756
2022-09-29,10026396.007,-1609720.8990000002,-0.13833832299931348,-60720.0,-0.006019559996917168
2022-09-30,10036956.007,-1599160.8990000002,-0.13743080375682848,10560.0,0.0010532199199619896
2022-10-10,10213836.007,-1422280.8990000002,-0.12222985644520477,176880.0,0.01762287289857989
2022-10-11,10242876.007,-1393240.8990000002,-0.11973417852837102,29040.0,0.002843202101550979
2022-10-12,10269276.007,-1366840.8990000002,-0.11746538042215852,26400.0,0.0025774011109729322
2022-10-13,10306236.007,-1329880.8990000002,-0.11428906307346104,36960.0,0.003599085268991331
2022-10-14,10435596.007,-1200520.8990000002,-0.1031719523530198,129360.0,0.012551624076155399
2022-10-17,10343196.007,-1292920.8990000002,-0.11111274572476354,-92400.0,-0.008854309800611304
2022-10-18,10277196.007,-1358920.8990000002,-0.11678474099029477,-66000.0,-0.006381006408012868
2022-10-19,10298316.007,-1337800.8990000002,-0.11496970250532479,21120.0,0.002055035243622383
2022-10-20,10221756.007,-1414360.8990000002,-0.12154921701334102,-76560.0,-0.00743422516341119
2022-10-21,10287756.007,-1348360.8990000002,-0.11587722174780977,66000.0,0.0064568162216749325
2022-10-24,10324716.007,-1311400.8990000002,-0.11270090439911229,36960.0,0.003592620195779439
2022-10-25,10240236.007,-1395880.8990000002,-0.11996105833899227,-84480.0,-0.00818230738189063
2022-10-26,10221756.007,-1414360.8990000002,-0.12154921701334102,-18480.0,-0.001804645907317659
2022-10-27,10234956.007,-1401160.8990000002,-0.12041481796023477,13200.0,0.0012913632443349865
2022-10-28,10250796.007,-1385320.8990000002,-0.11905353909650727,15840.0,0.0015476373312368619
2022-10-31,10174236.007,-1461880.8990000002,-0.1256330536045235,-76560.0,-0.0074686882801803245
2022-11-01,10361676.007,-1274440.8990000002,-0.10952458705041479,187440.0,0.018423004918604047
2022-11-02,10332636.007,-1303480.8990000002,-0.11202026496724854,-29040.0,-0.002802635401877196
2022-11-03,10361676.007,-1274440.8990000002,-0.10952458705041479,29040.0,0.0028105122429868956
2022-11-04,10483116.007,-1153000.8990000002,-0.09908811576183732,121440.0,0.011720111680577405
2022-11-07,10512156.007,-1123960.8990000002,-0.09659243784500357,29040.0,0.0027701687151615584
2022-11-08,10559676.007,-1076440.8990000002,-0.09250860125382109,47520.0,0.0045204808574337285
2022-11-09,10704876.007,-931240.8990000002,-0.08003021166965235,145200.0,0.013750421878829133
2022-11-10,10586076.007,-1050040.8990000002,-0.09023980314760859,-118800.0,-0.011097746477615966
2022-11-11,10665276.007,-970840.8990000002,-0.0834334088289711,79200.0,0.007481525727534022
2022-11-14,10454076.007,-1182040.8990000002,-0.10158379367867106,-211200.0,-0.019802581748600057
2022-11-15,10517436.007,-1118680.8990000002,-0.09613867822376107,63360.0,0.006060793891069283
2022-11-16,10652076.007,-984040.8990000002,-0.08456780788207735,134640.0,0.012801599164510069
2022-11-17,10752396.007,-883720.8990000002,-0.07594637507846987,100320.0,0.009417882479816564
2022-11-18,10902876.007,-733240.8990000002,-0.06301422587305863,150480.0,0.013995020263579905
2022-11-21,10857996.007,-778120.8990000002,-0.06687118265361988,-44880.0,-0.004116345079150263
2022-11-22,10815756.007,-820360.8990000002,-0.07050125962355987,-42240.0,-0.003890220623839702
2022-11-23,10989996.007,-646120.8990000002,-0.055527192122557405,174240.0,0.016109830869634134
2022-11-24,11032236.007,-603880.8990000002,-0.05189711515261741,42240.0,0.0038434954819905887
2022-11-25,11029596.007,-606520.8990000002,-0.05212399496323866,-2640.0,-0.00023929872405969999
2022-11-28,10902876.007,-733240.8990000002,-0.06301422587305863,-126720.0,-0.011489088078980969
2022-11-29,10908156.007,-727960.8990000002,-0.06256046625181615,5280.0,0.000484275891664776
2022-11-30,10773516.007,-862600.8990000002,-0.07413133659349987,-134640.0,-0.012343057792132628
2022-12-01,10591356.007,-1044760.8990000002,-0.08978604352636609,-182160.0,-0.01690812914573503
2022-12-02,10527996.007,-1108120.8990000002,-0.09523115898127607,-63360.0,-0.005982236831442944
2022-12-05,10477836.007,-1158280.8990000002,-0.09954187538307982,-50160.0,-0.004764439496999118
2022-12-06,10261356.007,-1374760.8990000002,-0.11814601985402227,-216480.0,-0.02066075474509954
2022-12-07,10227897.871,-1408219.0350000001,-0.12102138938410562,-33458.136,-0.0032605959657939776
2022-12-08,10225137.871,-1410979.0350000001,-0.12125858191339146,-2760.0,-0.00026985017203051687
2022-12-09,10252737.871,-1383379.0350000001,-0.11888665662053294,27600.0,0.0026992301080142056
2022-12-12,10291377.871,-1344739.0350000001,-0.11556596121053102,38640.0,0.0037687494292908408
2022-12-13,10313457.871,-1322659.0350000001,-0.1136684209762442,22080.0,0.0021454853059297285
2022-12-14,10321737.871,-1314379.0350000001,-0.11295684338838664,8280.0,0.0008028345200576936
2022-12-15,10318977.871,-1317139.0350000001,-0.1131940359176725,-2760.0,-0.00026739683127918745
2022-12-16,10335537.871,-1300579.0350000001,-0.11177088074195739,16560.0,0.0016048101088130817
2022-12-19,10244457.871,-1391659.0350000001,-0.1195982342083905,-91080.0,-0.008812313508671621
2022-12-20,10238937.871,-1397179.0350000001,-0.12007261926696221,-5520.0,-0.000538827927207941
2022-12-21,10222377.871,-1413739.0350000001,-0.12149577444267731,-16560.0,-0.001617355257804931
2022-12-22,10222377.871,-1413739.0350000001,-0.12149577444267731,0.0,0.0
2022-12-23,10192017.871,-1444099.0350000001,-0.12410489226482169,-30360.0,-0.002969954777951256
2022-12-26,10261017.871,-1375099.0350000001,-0.11817507903267539,69000.0,0.006770003827831772
2022-12-27,10296897.871,-1339219.0350000001,-0.11509157615195932,35880.0,0.0034967291209389018
2022-12-28,10252737.871,-1383379.0350000001,-0.11888665662053294,-44160.0,-0.0042886702920859054
2022-12-29,10252737.871,-1383379.0350000001,-0.11888665662053294,0.0,0.0
2022-12-30,10211337.871,-1424779.0350000001,-0.12244454455982072,-41400.0,-0.004037945817097377
2023-01-03,10211337.871,-1424779.0350000001,-0.12244454455982072,0.0,0.0
2023-01-04,10175457.871,-1460659.0350000001,-0.1255280474405368,-35880.0,-0.0035137413386250316
2023-01-05,10208577.871,-1427539.0350000001,-0.12268173708910657,33120.0,0.003254890386249043
2023-01-06,10222377.871,-1413739.0350000001,-0.12149577444267731,13800.0,0.0013518043526123957
2023-01-09,10274817.871,-1361299.0350000001,-0.11698911638624612,52440.0,0.005129921889188704
2023-01-10,10277577.871,-1358539.0350000001,-0.11675192385696027,2760.0,0.0002686179000592759
2023-01-11,10283097.871,-1353019.0350000001,-0.11627753879838858,5520.0,0.0005370915277203014
2023-01-12,10277577.871,-1358539.0350000001,-0.11675192385696027,-5520.0,-0.0005368032152613944
2023-01-13,10307937.871,-1328179.0350000001,-0.11414280603481591,30360.0,0.002954003402461769
2023-01-16,10305177.871,-1330939.0350000001,-0.11437999856410176,-2760.0,-0.00026775481522500755
2023-01-17,10269297.871,-1366819.0350000001,-0.11746350144481783,-35880.0,-0.0034817448518740246
2023-01-18,10299657.871,-1336459.0350000001,-0.11485438362267346,30360.0,0.002956385176608345
2023-01-19,10310697.871,-1325419.0350000001,-0.11390561350553005,11040.0,0.0010718802642060155
2023-01-20,10269297.871,-1366819.0350000001,-0.11746350144481783,-41400.0,-0.004015247126621935
2023-01-30,10261017.871,-1375099.0350000001,-0.11817507903267539,-8280.0,-0.0008062868663477607
2023-01-31,10222377.871,-1413739.0350000001,-0.12149577444267731,-38640.0,-0.003765708284088065
2023-02-01,10189257.871,-1446859.0350000001,-0.12434208479410754,-33120.0,-0.0032399506668560063
2023-02-02,10236177.871,-1399939.0350000001,-0.12030981179624806,46920.0,0.00460484959690155
2023-02-03,10247217.871,-1388899.0350000001,-0.11936104167910465,11040.0,0.001078527565574694
2023-02-06,10285857.871,-1350259.0350000001,-0.11604034626910273,38640.0,0.0037707795897803376
2023-02-07,10285857.871,-1350259.0350000001,-0.11604034626910273,0.0,0.0
2023-02-08,10310697.871,-1325419.0350000001,-0.11390561350553005,24840.0,0.002414966287842102
2023-02-09,10305177.871,-1330939.0350000001,-0.11437999856410176,-5520.0,-0.0005353662835495543
2023-02-10,10318977.871,-1317139.0350000001,-0.1131940359176725,13800.0,0.0013391326353362487
2023-02-13,10302417.871,-1333699.0350000001,-0.11461719109338761,-16560.0,-0.0016048101088131927
2023-02-14,10316217.871,-1319899.0350000001,-0.11343122844695835,13800.0,0.0013394913866622282
2023-02-15,10332777.871,-1303339.0350000001,-0.11200807327124324,16560.0,0.0016052394595651442
2023-02-16,10382457.871,-1253659.0350000001,-0.10773860774409791,49680.0,0.0048080003867529975
2023-02-17,10517697.871,-1118419.0350000001,-0.09611617380909117,135240.0,0.013025817362355863
2023-02-20,10594977.871,-1041139.0350000001,-0.08947478298908731,77280.0,0.0073476155093863404
2023-02-21,10691577.871,-944539.0350000001,-0.08117304446408251,96600.0,0.00911752730172366
2023-02-22,10514937.871,-1121179.0350000001,-0.09635336633837702,-176640.0,-0.016521415466572154
2023-02-23,10658457.871,-977659.0350000001,-0.08401935481551273,143520.0,0.013649153400689729
2023-02-24,10619817.871,-1016299.0350000001,-0.08734005022551465,-38640.0,-0.0036252899310258435
2023-02-27,10680537.871,-955579.0350000001,-0.08212181458122592,60720.0,0.005717612179189091
2023-02-28,10608777.871,-1027339.0350000001,-0.08828882034265806,-71760.0,-0.006718762750221097
2023-03-01,10675017.871,-961099.0350000001,-0.08259619963979761,66240.0,0.006243886035268265
2023-03-02,10655697.871,-980419.0350000001,-0.08425654734479858,-19320.0,-0.001809833035735231
2023-03-03,10578417.871,-1057699.0350000001,-0.09089793816480243,-77280.0,-0.007252457880803975
2023-03-06,10468017.871,-1168099.0350000001,-0.10038563933623651,-110400.0,-0.010436343255323055
2023-03-07,10451457.871,-1184659.0350000001,-0.10180879451195161,-16560.0,-0.0015819613802797727
2023-03-08,10456977.871,-1179139.0350000001,-0.10133440945337992,5520.0,0.0005281559824603654
2023-03-09,10418337.871,-1217779.0350000001,-0.10465510486338184,-38640.0,-0.0036951402667838584
2023-03-10,10448697.871,-1187419.0350000001,-0.10204598704123746,30360.0,0.0029140924757786735
2023-03-13,10520457.871,-1115659.0350000001,-0.09587898127980532,71760.0,0.006867841417748988
2023-03-14,10470777.871,-1165339.0350000001,-0.10014844680695065,-49680.0,-0.004722227930491929
2023-03-15,10434897.871,-1201219.0350000001,-0.10323194968766672,-35880.0,-0.0034266795114977766
2023-03-16,10387977.871,-1248139.0350000001,-0.10726422268552621,-46920.0,-0.004496450332340807
2023-03-17,10399017.871,-1237099.0350000001,-0.1063154525683828,11040.0,0.0010627669924885286
2023-03-20,10390737.871,-1245379.0350000001,-0.10702703015624035,-8280.0,-0.0007962290384259108
2023-03-21,10335537.871,-1300579.0350000001,-0.11177088074195739,-55200.0,-0.005312423495357321
2023-03-22,10396257.871,-1239859.0350000001,-0.10655264509766865,60720.0,0.005874875672447821
2023-03-23,10374177.871,-1261939.0350000001,-0.10845018533195547,-22080.0,-0.002123841123794268
2023-03-24,10399017.871,-1237099.0350000001,-0.1063154525683828,24840.0,0.002394406603480226
2023-03-27,10404537.871,-1231579.0350000001,-0.1058410675098111,5520.0,0.0005308193589506072
2023-03-28,10382457.871,-1253659.0350000001,-0.10773860774409791,-22080.0,-0.002122150956991753
2023-03-29,10401777.871,-1234339.0350000001,-0.10607826003909694,19320.0,0.001860831051765155
2023-03-30,10294137.871,-1341979.0350000001,-0.11532876868124517,-107640.0,-0.010348230978869388
2023-03-31,10352097.871,-1284019.0350000001,-0.11034772556624228,57960.0,0.005630388938473452
2023-04-03,10263777.871,-1372339.0350000001,-0.11793788650338953,-88320.0,-0.008531604038193752
2023-04-04,10296897.871,-1339219.0350000001,-0.11509157615195932,33120.0,0.0032268819937715243
2023-04-06,10318977.871,-1317139.0350000001,-0.1131940359176725,22080.0,0.0021443351460428417
2023-04-07,10537017.871,-1099099.0350000001,-0.09445582610409022,218040.0,0.02112999976603991
2023-04-10,10490097.871,-1146019.0350000001,-0.0984880991019497,-46920.0,-0.004452872774291627
2023-04-11,10581177.871,-1054939.0350000001,-0.09066074563551658,91080.0,0.008682473807207547
2023-04-12,10686057.871,-950059.0350000001,-0.08164742952265422,104880.0,0.009911939982357287
2023-04-13,10810257.871,-825859.0350000001,-0.07097376570479089,124200.0,0.011622620942102202
2023-04-14,10909832.455,-726284.4509999994,-0.06241639344698411,99574.58399999997,0.009211120140540041
2023-04-17,10942232.455,-693884.4509999994,-0.059631959407541506,32400.0,0.0029697981278484775
2023-04-18,10981112.455,-655004.4509999994,-0.056290638560210375,38880.0,0.0035532054505234
2023-04-19,10961672.455,-674444.4509999994,-0.05796129898387594,-19440.0,-0.001770312441445654
2023-04-20,10851512.455,-784604.4509999994,-0.06742837471798081,-110160.0,-0.01004956136504076
2023-04-21,10835312.455,-800804.4509999994,-0.06882059173770211,-16200.0,-0.0014928794550234104
2023-04-24,10835312.455,-800804.4509999994,-0.06882059173770211,0.0,0.0
2023-04-25,10799672.455,-836444.4509999994,-0.07188346918108898,-35640.0,-0.0032892452477043532
2023-04-26,10741352.455,-894764.4509999994,-0.07689545045208568,-58320.0,-0.005400163777467104
2023-04-27,10676552.455,-959564.4509999994,-0.08246431853097089,-64800.0,-0.006032759866271387
2023-04-28,10705712.455,-930404.4509999994,-0.07995832789547254,29160.0,0.0027312187265415844
2023-05-04,10663592.455,-972524.4509999994,-0.08357809214674794,-42120.0,-0.00393434815076954
2023-05-05,10718672.455,-917444.4509999994,-0.0788445542796955,55080.0,0.0051652386597138555
2023-05-08,10715432.455,-920684.4509999994,-0.07912299768363976,-3240.0,-0.00030227623930134673
2023-05-09,10660352.455,-975764.4509999994,-0.0838565355506922,-55080.0,-0.005140249843514133
2023-05-10,10647392.455,-988724.4509999994,-0.08497030916646924,-12960.0,-0.0012157196541772164
2023-05-11,10657112.455,-979004.4509999994,-0.08413497895463645,9720.0,0.0009128995705831588
2023-05-12,10650632.455,-985484.4509999994,-0.08469186576252498,-6480.0,-0.000608044630040494
2023-05-15,10689512.455,-946604.4509999994,-0.08135054491519385,38880.0,0.003650487439527339
2023-05-16,10683032.455,-953084.4509999994,-0.08190743172308237,-6480.0,-0.0006062016417753835
2023-05-17,10741352.455,-894764.4509999994,-0.07689545045208568,58320.0,0.005459124105974711
2023-05-18,10695992.455,-940124.4509999994,-0.08079365810730532,-45360.0,-0.004222931906390004
2023-05-19,10634432.455,-1001684.4509999994,-0.08608408278224627,-61560.0,-0.0057554266477836125
2023-05-22,10637672.455,-998444.4509999994,-0.08580563937830202,3240.0,0.00030467070186501743
2023-05-23,10653872.455,-982244.4509999994,-0.08441342235858072,16200.0,0.0015228895295027467
2023-05-24,10670072.455,-966044.4509999994,-0.08302120533885941,16200.0,0.0015205738634873622
2023-05-25,10621472.455,-1014644.4509999994,-0.08719785639802333,-48600.0,-0.004554795687186308
2023-05-26,10602032.455,-1034084.4509999994,-0.08886851682168889,-19440.0,-0.0018302547111392897
2023-05-29,10605272.455,-1030844.4509999994,-0.08859007341774462,3240.0,0.00030560178095595525
2023-05-30,10592312.455,-1043804.4509999994,-0.08970384703352167,-12960.0,-0.0012220336681580957
2023-05-31,10579352.455,-1056764.4509999994,-0.09081762064929871,-12960.0,-0.001223528861621026
2023-06-01,10618232.455,-1017884.4509999994,-0.08747629980196758,38880.0,0.0036750831551721763
2023-06-02,10611752.455,-1024364.4509999994,-0.08803318660985611,-6480.0,-0.0006102710622942764
2023-06-05,10618232.455,-1017884.4509999994,-0.08747629980196758,6480.0,0.000610643720486248
2023-06-06,10634432.455,-1001684.4509999994,-0.08608408278224627,16200.0,0.0015256776557355245
2023-06-07,10634432.455,-1001684.4509999994,-0.08608408278224627,0.0,0.0
2023-06-08,10631192.455,-1004924.4509999994,-0.08636252618619054,-3240.0,-0.0003046707018649064
2023-06-09,10605272.455,-1030844.4509999994,-0.08859007341774462,-25920.0,-0.002438108435127595
2023-06-12,10582592.455,-1053524.4509999994,-0.09053917724535446,-22680.0,-0.002138558919276723
2023-06-13,10602032.455,-1034084.4509999994,-0.08886851682168889,19440.0,0.0018369789900407607
2023-06-14,10660352.455,-975764.4509999994,-0.0838565355506922,58320.0,0.005500832057205862
2023-06-15,10715432.455,-920684.4509999994,-0.07912299768363976,55080.0,0.005166808530253197
2023-06-16,10715432.455,-920684.4509999994,-0.07912299768363976,0.0,0.0
2023-06-19,10666832.455,-969284.4509999994,-0.08329964874280367,-48600.0,-0.004535514567806542
2023-06-20,10640912.455,-995204.4509999994,-0.08552719597435776,-25920.0,-0.00242996223193237
2023-06-21,10644152.455,-991964.4509999994,-0.08524875257041349,3240.0,0.00030448516644621115
2023-06-26,10589072.455,-1047044.4509999994,-0.08998229043746593,-55080.0,-0.00517467221865342
2023-06-27,10611752.455,-1024364.4509999994,-0.08803318660985611,22680.0,0.0021418306557428046
2023-06-28,10637672.455,-998444.4509999994,-0.08580563937830202,25920.0,0.002442574881944992
2023-06-29,10618232.455,-1017884.4509999994,-0.08747629980196758,-19440.0,-0.001827467435403407
2023-06-30,10657112.455,-979004.4509999994,-0.08413497895463645,38880.0,0.0036616263737654364
2023-07-03,10614992.455,-1021124.4509999994,-0.08775474320591184,-42120.0,-0.003952290095262989
2023-07-04,10631192.455,-1004924.4509999994,-0.08636252618619054,16200.0,0.0015261433362931953
2023-07-05,10598792.455,-1037324.4509999994,-0.08914696022563315,-32400.0,-0.0030476355439094105
2023-07-06,10634432.455,-1001684.4509999994,-0.08608408278224627,35640.0,0.0033626472214942638
2023-07-07,10592312.455,-1043804.4509999994,-0.08970384703352167,-42120.0,-0.003960719124244005
2023-07-10,10576112.455,-1060004.4509999994,-0.09109606405324297,-16200.0,-0.0015294110770261993
2023-07-11,10634432.455,-1001684.4509999994,-0.08608408278224627,58320.0,0.0055143135294886125
2023-07-12,10644152.455,-991964.4509999994,-0.08524875257041349,9720.0,0.0009140121055948303
2023-07-13,10589072.455,-1047044.4509999994,-0.08998229043746593,-55080.0,-0.00517467221865342
2023-07-14,10650632.455,-985484.4509999994,-0.08469186576252498,61560.0,0.005813540351301771
2023-07-17,10653872.455,-982244.4509999994,-0.08441342235858072,3240.0,0.00030420728662727825
2023-07-18,10776992.455,-859124.4509999994,-0.0738325730086988,123120.0,0.011556361362503376
2023-07-19,10861232.455,-774884.4509999994,-0.06659304450614803,84240.0,0.007816652034577265
2023-07-20,10926032.455,-710084.4509999994,-0.06102417642726281,64800.0,0.005966173753160886
2023-07-21,10864472.455,-771644.4509999994,-0.06631460110220376,-61560.0,-0.005634250150138298
2023-07-24,10867712.455,-768404.4509999994,-0.0660361576982595,3240.0,0.00029821972612298353
2023-07-25,10951952.455,-684164.4509999994,-0.05879662919570872,84240.0,0.007751401258435209
2023-07-26,10977872.455,-658244.4509999994,-0.05656908196415464,25920.0,0.0023667012897017337
2023-07-27,10977872.455,-658244.4509999994,-0.05656908196415464,0.0,0.0
2023-07-28,11081552.455,-554564.4509999994,-0.04765889303793829,103680.0,0.009444452959806338
2023-07-31,10909832.455,-726284.4509999994,-0.06241639344698411,-171720.0,-0.015496023747333387
2023-08-01,11013512.455,-622604.4509999994,-0.053506204520767764,103680.0,0.009503354009115172
2023-08-02,11065352.455,-570764.4509999994,-0.049051110057659594,51840.0,0.004706945237662685
2023-08-03,10945472.455,-690644.4509999994,-0.05935351600359724,-119880.0,-0.01083381668026584
2023-08-04,11023232.455,-612884.4509999994,-0.05267087430893499,77760.0,0.00710430731242484
2023-08-07,11178752.455,-457364.4509999994,-0.039305590919610466,155520.0,0.014108384326909196
2023-08-08,11191712.455,-444404.4509999994,-0.03819181730383343,12960.0,0.0011593422479092563
2023-08-09,11240312.455,-395804.4509999994,-0.03401516624466951,48600.0,0.004342498987122134
2023-08-10,11091272.455,-544844.4509999994,-0.04682356282610551,-149040.0,-0.013259417885105429
2023-08-11,10961672.455,-674444.4509999994,-0.05796129898387594,-129600.0,-0.011684863078228247
2023-08-14,10776900.715,-859216.1909999996,-0.07384045708211791,-184771.74000000002,-0.016856163214010178
2023-08-15,10812300.715,-823816.1909999996,-0.07079820507606024,35400.0,0.0032848033897843187
2023-08-16,10759200.715,-876916.1909999996,-0.07536158308514675,-53100.0,-0.004911073174864056
2023-08-17,10808760.715,-827356.1909999996,-0.07110243027666602,49560.0,0.004606290124405499
2023-08-18,10858320.715,-777796.1909999996,-0.06684327746818529,49560.0,0.0045851695034031525
2023-08-21,10918500.715,-717616.1909999996,-0.061671449057887254,60180.0,0.0055422934705608995
2023-08-22,10982220.715,-653896.1909999996,-0.05619539544698346,63720.0,0.00583596609674264
2023-08-23,11028240.715,-607876.1909999996,-0.0522404678391085,46020.0,0.0041904093165003875
2023-08-24,10936200.715,-699916.1909999996,-0.06015032305485842,-92040.0,-0.008345846121658562
2023-08-25,10932660.715,-703456.1909999996,-0.06045454825546419,-3540.0,-0.0003236955952302667
2023-08-28,10904340.715,-731776.1909999996,-0.06288834986031032,-28320.0,-0.0025904032639688657
2023-08-29,10868940.715,-767176.1909999996,-0.06593060186636798,-35400.0,-0.0032464136003476085
2023-08-30,10943280.715,-692836.1909999996,-0.05954187265364689,74340.0,0.0068396729680755275
2023-08-31,10900800.715,-735316.1909999996,-0.06319257506091609,-42480.0,-0.003881834077579027
2023-09-01,11010540.715,-625576.1909999996,-0.05376159384213733,109740.0,0.010067150374466705
2023-09-04,11166300.715,-469816.19099999964,-0.04037568501548361,155760.0,0.014146444214842457
2023-09-05,11137980.715,-498136.19099999964,-0.04280948662032974,-28320.0,-0.0025362025188840898
2023-09-06,11159220.715,-476896.19099999964,-0.04098413541669514,21240.0,0.001906988397941456
2023-09-07,11077800.715,-558316.1909999996,-0.04798131503062777,-81420.0,-0.007296208407326921
2023-09-08,11003460.715,-632656.1909999996,-0.05437004424334886,-74340.0,-0.006710718301633611
2023-09-11,11162760.715,-473356.19099999964,-0.040679910216089375,159300.0,0.014477263483373193
2023-09-12,11290200.715,-345916.19099999964,-0.029727802994281783,127440.0,0.01141653066420667
2023-09-13,11350380.715,-285736.19099999964,-0.02455597458398375,60180.0,0.0053302861055468664
2023-09-14,11435340.715,-200776.19099999964,-0.01725456976944536,84960.0,0.007485211477331388
2023-09-15,11481360.715,-154756.19099999964,-0.013299642161570395,46020.0,0.004024366317274097
2023-09-18,11569860.715,-66256.19099999964,-0.005694012146426234,88500.0,0.0077081455932639376
2023-09-19,11601720.715,-34396.19099999964,-0.002955985340974336,31860.0,0.0027537064433882374
2023-09-20,11584020.715,-52096.19099999964,-0.004477111344003168,-17700.0,-0.0015256357599710002
2023-09-21,11594640.715,-41476.19099999964,-0.0035644357421858687,10620.0,0.000916780128530803
2023-09-22,11576940.715,-59176.19099999964,-0.0050855617452147004,-17700.0,-0.0015265673542692593
2023-09-25,11520300.715,-115816.19099999964,-0.009953164954906963,-56640.0,-0.004892484240384243
2023-09-26,11389320.715,-246796.19099999964,-0.02120949737732032,-130980.0,-0.011369494880412057
2023-09-27,11396400.715,-239716.19099999964,-0.02060104697610879,7080.0,0.0006216349664009968
2023-09-28,11509680.715,-126436.19099999964,-0.010865840556724264,113280.0,0.009939980423020689
2023-10-09,11661900.715,0.0,0.0,152220.0,0.013225388589765075
2023-10-10,11421180.715,-240720.0,-0.02064157514995616,-240720.0,-0.020641575149956126
2023-10-11,11389320.715,-272580.0,-0.023373548331568007,-31860.0,-0.002789553969508307
2023-10-12,11541540.715,-120360.0,-0.01032078757497808,152220.0,0.013365151777622986
2023-10-13,11481360.715,-180540.0,-0.015481181362467122,-60180.0,-0.0052142085260581394
2023-10-16,11424720.715,-237180.0,-0.02033802257422151,-56640.0,-0.004933213179688867
2023-10-17,11449500.715,-212400.0,-0.018213154544078968,24780.0,0.002168980810836496
2023-10-18,11385780.715,-276120.0,-0.023677100907302656,-63720.0,-0.005565308181213591
2023-10-19,11325600.715,-336300.0,-0.028837494694791698,-60180.0,-0.005285540052665572
2023-10-20,11201700.715,-460200.0,-0.03946183484550443,-123900.0,-0.010939817067354585
2023-10-23,11194620.715,-467280.0,-0.040068939996973724,-7080.0,-0.0006320468811060742
2023-10-24,11208780.715,-453120.0,-0.03885472969403513,14160.0,0.00126489323403578
2023-10-25,11042400.715,-619500.0,-0.05312170075356366,-166380.0,-0.014843719779203512
2023-10-26,10957440.715,-704460.0,-0.06040696257119524,-84960.0,-0.007693979071470403
2023-10-27,11102580.715,-559320.0,-0.04796130696607461,145140.0,0.013245793773842829
2023-10-30,11123820.715,-538080.0,-0.046139991511666714,21240.0,0.0019130687310657812
2023-10-31,11116740.715,-545160.0,-0.04674709666313601,-7080.0,-0.0006364719624124549
2023-11-01,11038860.715,-623040.0,-0.0534252533292983,-77880.0,-0.007005650486649806
2023-11-02,11141520.715,-520380.0,-0.04462222863299347,102660.0,0.00929987275412425
2023-11-03,11056560.715,-605340.0,-0.05190749045062506,-84960.0,-0.007625529958905641
2023-11-06,10992840.715,-669060.0,-0.05737143681384874,-63720.0,-0.0057630941160169424
2023-11-07,10939740.715,-722160.0,-0.06192472544986849,-53100.0,-0.004830416575357432
2023-11-08,10883100.715,-778800.0,-0.06678156666162288,-56640.0,-0.00517745360475852
2023-11-09,11049480.715,-612420.0,-0.05251459560209436,166380.0,0.015287922473296689
2023-11-10,11233560.715,-428340.0,-0.03672986166389258,184080.0,0.01665960643291653
2023-11-13,11527380.715,-134520.0,-0.011534997877916679,293820.0,0.02615555365340816
2023-11-14,11410560.715,-251340.0,-0.02155223287716011,-116820.0,-0.010134132192579415
2023-11-15,11254800.715,-407100.0,-0.034908546209484685,-155760.0,-0.013650512353458821
2023-11-16,11091960.715,-569940.0,-0.04887196469327856,-162840.0,-0.0144684925236368
2023-11-17,11031780.715,-630120.0,-0.0540323584807676,-60180.0,-0.005425551130794792
2023-11-20,10957440.715,-704460.0,-0.06040696257119524,-74340.0,-0.0067387126267765
2023-11-21,10840620.715,-821280.0,-0.07042419757043868,-116820.0,-0.010661248647239385
2023-11-22,10989300.715,-672600.0,-0.057674989389583396,148680.0,0.01371508181208414
2023-11-23,10822920.715,-838980.0,-0.07194196044911191,-166380.0,-0.015140180828148386
2023-11-24,10656540.715,-1005360.0,-0.08620893150864044,-166380.0,-0.01537292976464344
2023-11-27,10582200.715,-1079700.0,-0.09258353559906808,-74340.0,-0.006975997369893183
2023-11-28,10720260.715,-941640.0,-0.08074498514541675,138060.0,0.013046435587287908
2023-11-29,10681320.715,-980580.0,-0.0840840634784979,-38940.0,-0.0036323743456644353
2023-11-30,10663620.715,-998280.0,-0.08560182635717115,-17700.0,-0.001657098449927008
2023-12-01,10589280.715,-1072620.0,-0.09197643044759879,-74340.0,-0.006971365729037005
2023-12-04,10571580.715,-1090320.0,-0.09349419332627203,-17700.0,-0.0016715016322994547
2023-12-05,10872480.715,-789420.0,-0.06769222438882683,300900.0,0.028463103873676454
2023-12-06,10876020.715,-785880.0,-0.06738867181309217,3540.0,0.0003255926676528631
2023-12-07,10571580.715,-1090320.0,-0.09349419332627203,-304440.0,-0.0279918554752403
2023-12-08,10642407.334,-1019493.3809999991,-0.0874208592505582,70826.61899999999,0.006699718888728334
2023-12-11,10627827.334,-1034073.3809999991,-0.0886710842658721,-14580.0,-0.0013699907870863282
2023-12-12,10647267.334,-1014633.3809999991,-0.08700411757878691,19440.0,0.0018291603155622393
2023-12-13,10567077.334,-1094823.3809999991,-0.09388035516301334,-80190.0,-0.00753150996255425
2023-12-14,10625397.334,-1036503.3809999991,-0.08887945510175775,58320.0,0.005519028408389914
2023-12-15,10618107.334,-1043793.3809999991,-0.0895045676094147,-7290.0,-0.0006860919898659112
2023-12-18,10622967.334,-1038933.3809999991,-0.0890878259376434,4860.0,0.0004577086901766947
2023-12-19,10622967.334,-1038933.3809999991,-0.0890878259376434,0.0,0.0
2023-12-20,10649697.334,-1012203.3809999991,-0.08679574674290126,26730.0,0.0025162460882701687
2023-12-21,10695867.334,-966033.3809999991,-0.08283670086107392,46170.0,0.004335334474961927
2023-12-22,10681287.334,-980613.3809999991,-0.08408692587638782,-14580.0,-0.0013631433099074997
2023-12-25,10644837.334,-1017063.3809999991,-0.08721248841467256,-36450.0,-0.003412510014965564
2023-12-26,10678857.334,-983043.3809999991,-0.08429529671227347,34020.0,0.003195915440749708
2023-12-27,10669137.334,-992763.3809999991,-0.08512878005581606,-9720.0,-0.0009102097439819268
2023-12-28,10620537.334,-1041363.3809999991,-0.08929619677352905,-48600.0,-0.004555194902695958
2023-12-29,10620537.334,-1041363.3809999991,-0.08929619677352905,0.0,0.0
2024-01-02,10698297.334,-963603.3809999991,-0.08262833002518828,77760.0,0.007321663448332627
2024-01-03,10669137.334,-992763.3809999991,-0.08512878005581606,-29160.0,-0.0027256673739406434
2024-01-04,10637547.334,-1024353.3809999991,-0.0878376009223295,-31590.0,-0.0029608766867523784
2024-01-05,10610817.334,-1051083.3809999991,-0.09012968011707165,-26730.0,-0.0025127972793658193
2024-01-08,10588947.334,-1072953.3809999991,-0.09200501764004249,-21870.0,-0.002061104183739171
2024-01-09,10584087.334,-1077813.3809999991,-0.09242175931181379,-4860.0,-0.0004589691351467584
2024-01-10,10569507.334,-1092393.3809999991,-0.09367198432712769,-14580.0,-0.0013775396536235274
2024-01-11,10637547.334,-1024353.3809999991,-0.0878376009223295,68040.0,0.006437386138247847
2024-01-12,10615677.334,-1046223.3809999991,-0.08971293844530034,-21870.0,-0.0020559250467537815
2024-01-15,10637547.334,-1024353.3809999991,-0.0878376009223295,21870.0,0.002060160582495696
2024-01-16,10632687.334,-1029213.3809999991,-0.08825434259410081,-4860.0,-0.0004568722326119268
2024-01-17,10605957.334,-1055943.3809999991,-0.09054642178884295,-26730.0,-0.0025139458314104024
2024-01-18,10656987.334,-1004913.3809999991,-0.08617063423524432,51030.0,0.004811446849442902
2024-01-19,10610817.334,-1051083.3809999991,-0.09012968011707165,-46170.0,-0.004332368853690927
2024-01-22,10596237.334,-1065663.3809999991,-0.09137990513238554,-14580.0,-0.0013740694558261879
2024-01-23,10603527.334,-1058373.3809999991,-0.09075479262472859,7290.0,0.0006879800603001307
2024-01-24,10603527.334,-1058373.3809999991,-0.09075479262472859,0.0,0.0
2024-01-25,10613247.334,-1048653.3809999991,-0.089921309281186,9720.0,0.0009166760921937023
2024-01-26,10557357.334,-1104543.3809999991,-0.09471383850655593,-55890.0,-0.0052660602585745675
2024-01-29,10550067.334,-1111833.3809999991,-0.09533895101421287,-7290.0,-0.0006905137118474736
2024-01-30,10528197.334,-1133703.3809999991,-0.09721428853718372,-21870.0,-0.0020729725515133968
2024-01-31,10499037.334,-1162863.3809999991,-0.09971473856781152,-29160.0,-0.00276970492430173
2024-02-01,10484457.334,-1177443.3809999991,-0.1009649635831254,-14580.0,-0.0013886987479113655
2024-02-02,10494177.334,-1167723.3809999991,-0.1001314802395828,9720.0,0.0009270866092876417
2024-02-05,10513617.334,-1148283.3809999991,-0.09846451355249762,19440.0,0.0018524558315797801
2024-02-06,10513617.334,-1148283.3809999991,-0.09846451355249762,0.0,0.0
2024-02-07,10496607.334,-1165293.3809999991,-0.09992310940369716,-17010.0,-0.0016179017610800095
2024-02-08,10503897.334,-1158003.3809999991,-0.09929799689604021,7290.0,0.0006945101181776714
2024-02-19,10440717.334,-1221183.3809999991,-0.10471563862906709,-63180.0,-0.00601491027482659
2024-02-20,10462587.334,-1199313.3809999991,-0.10284030110609625,21870.0,0.0020946836601716257
2024-02-21,10564647.334,-1097253.3809999991,-0.09408872599889899,102060.0,0.00975475728344355
2024-02-22,10540347.334,-1121553.3809999991,-0.09617243435775548,-24300.0,-0.002300124105590884
2024-02-23,10537917.334,-1123983.3809999991,-0.09638080519364112,-2430.0,-0.00023054268735167582
2024-02-26,10467447.334,-1194453.3809999991,-0.10242355943432495,-70470.0,-0.0066872796366158616
2024-02-27,10474737.334,-1187163.3809999991,-0.10179844692666801,7290.0,0.0006964448702140302
2024-02-28,10511187.334,-1150713.3809999991,-0.09867288438838326,36450.0,0.0034798008616108156
2024-02-29,10528197.334,-1133703.3809999991,-0.09721428853718372,17010.0,0.0016182757912590606
2024-03-01,10467447.334,-1194453.3809999991,-0.10242355943432495,-60750.0,-0.0057702185922952065
2024-03-04,10472307.334,-1189593.3809999991,-0.10200681776255366,4860.0,0.0004642965801426868
2024-03-05,10450437.334,-1211463.3809999991,-0.1038821552855245,-21870.0,-0.002088364989919267
2024-03-06,10372677.334,-1289223.3809999991,-0.11055002203386527,-77760.0,-0.007440836925265426
2024-03-07,10331367.334,-1330533.3809999991,-0.11409232624392131,-41310.0,-0.003982578332461184
2024-03-08,10243887.334,-1418013.3809999991,-0.12159367633580467,-87480.0,-0.008467417445521264
2024-03-11,10178277.334,-1483623.3809999991,-0.12721968890471722,-65610.0,-0.0064047951584002005
2024-03-12,10185567.334,-1476333.3809999991,-0.12659457639706026,7290.0,0.0007162312207438237
2024-03-13,10102947.334,-1558953.3809999991,-0.13367918481717234,-82620.0,-0.00811147747501606
2024-03-14,10034907.334,-1626993.3809999991,-0.1395135682219705,-68040.0,-0.0067346683844446975
2024-03-15,10008177.334,-1653723.3809999991,-0.14180564741671264,-26730.0,-0.002663701727412482
2024-03-18,10042197.334,-1619703.3809999991,-0.13888845571431355,34020.0,0.003399220343990761
2024-03-19,10066497.334,-1595403.3809999991,-0.13680474735545706,24300.0,0.0024197891349662104
2024-03-20,10156407.334,-1505493.3809999991,-0.12909502642768805,89910.0,0.008931607193330748
2024-03-21,10161267.334,-1500633.3809999991,-0.12867828475591675,4860.0,0.0004785156640705335
2024-03-22,10200147.334,-1461753.3809999991,-0.12534435138174635,38880.0,0.0038262943707725317
2024-03-25,10100517.334,-1561383.3809999991,-0.133887555653058,-99630.0,-0.009767505971987722
2024-03-26,10115097.334,-1546803.3809999991,-0.13263733063774408,14580.0,0.00144349041914138
2024-03-27,10085937.334,-1575963.3809999991,-0.13513778066837187,-29160.0,-0.0028828195159312786
2024-03-28,10119957.334,-1541943.3809999991,-0.13222058896597277,34020.0,0.0033730132236016175
2024-03-29,10049487.334,-1612413.3809999991,-0.13826334320665662,-70470.0,-0.006963468093214353
2024-04-01,9874527.334,-1787373.3809999991,-0.15326604339042335,-174960.0,-0.017409843326839702
2024-04-02,9833217.334,-1828683.3809999991,-0.1568083476004794,-41310.0,-0.004183491381684834
2024-04-03,9976587.334,-1685313.3809999991,-0.1445144682832261,143370.0,0.014580171995616675
2024-04-08,9932847.334,-1729053.3809999991,-0.14826514332916776,-43740.0,-0.004384264732583909
2024-04-09,9767607.334,-1894293.3809999991,-0.16243436016939192,-165240.0,-0.01663571324955193
2024-04-10,9838077.334,-1823823.3809999991,-0.1563916059287081,70470.0,0.007214663488232409
2024-04-11,9809432.359,-1852468.3560000006,-0.1588478929182858,-28644.975000000035,-0.0029116436095705245
2024-04-12,9840332.359,-1821568.3560000006,-0.15619823907924607,30900.0,0.003150029366546292
2024-04-15,9821792.359,-1840108.3560000006,-0.15778803138266992,-18540.0,-0.0018840827040809138
2024-04-16,9827972.359,-1833928.3560000006,-0.15725810061486195,6180.0,0.0006292130574656607
2024-04-17,9800162.359,-1861738.3560000006,-0.15964278906999774,-27810.0,-0.002829678288068571
2024-04-18,9710552.359,-1951348.3560000006,-0.16732678520321295,-89610.0,-0.009143726064671398
2024-04-19,9719822.359,-1942078.3560000006,-0.16653188905150104,9270.0,0.0009546315860609056
2024-04-22,9673472.359,-1988428.3560000006,-0.17050636981006065,-46350.0,-0.004768605668711845
2024-04-23,9636392.359,-2025508.3560000006,-0.17368595441690832,-37080.0,-0.0038331633795904985
2024-04-24,9593132.359,-2068768.3560000006,-0.17739546979156395,-43260.0,-0.004489231902185531
2024-04-25,9599312.359,-2062588.3560000006,-0.176865539023756,6180.0,0.0006442108550916981
2024-04-26,9540602.359,-2121298.3560000006,-0.1818998813179315,-58710.0,-0.0061160630891394785
2024-04-29,9410822.359,-2251078.3560000006,-0.1930284274418984,-129780.0,-0.013602914692024015
2024-04-30,9352112.359,-2309788.3560000006,-0.1980627697360739,-58710.0,-0.0062385621320173446
2024-05-06,9277952.359,-2383948.3560000006,-0.20442193894976926,-74160.0,-0.007929759304980188
2024-05-07,9296492.359,-2365408.3560000006,-0.20283214664634544,18540.0,0.0019982857512752528
2024-05-08,9108002.359,-2553898.3560000006,-0.21899503506448784,-188490.0,-0.020275389116791054
2024-05-09,9067832.359,-2594068.3560000006,-0.22243958505523947,-40170.0,-0.004410407289838547
2024-05-10,9287222.359,-2374678.3560000006,-0.20362704279805735,219390.0,0.02419431583141818
2024-05-13,9305762.359,-2356138.3560000006,-0.2020372504946335,18540.0,0.0019962911711739473
2024-05-14,9324302.359,-2337598.3560000006,-0.20044745819120968,18540.0,0.0019923139324602435
2024-05-15,9367562.359,-2294338.3560000006,-0.19673794281655405,43260.0,0.004639489190120916
2024-05-16,9271772.359,-2390128.3560000006,-0.20495186971757723,-95790.0,-0.010225712552419663
2024-05-17,9182162.359,-2479738.3560000006,-0.21263586585079244,-89610.0,-0.009664818821076504
2024-05-20,9148172.359,-2513728.3560000006,-0.21555048507373617,-33990.0,-0.0037017424296232893
2024-05-21,9092552.359,-2569348.3560000006,-0.2203198619840077,-55620.0,-0.006079902937692339
2024-05-22,9132722.359,-2529178.3560000006,-0.21687531199325605,40170.0,0.004417901422391957
2024-05-23,9203792.359,-2458108.3560000006,-0.21078110816346465,71070.0,0.00778190743201157
2024-05-24,9160532.359,-2501368.3560000006,-0.21449062353812026,-43260.0,-0.004700236414796777
2024-05-27,9114182.359,-2547718.3560000006,-0.21846510429667987,-46350.0,-0.005059749606633135
2024-05-28,8975132.359,-2686768.3560000006,-0.2303885465723587,-139050.0,-0.015256442599339892
2024-05-29,8931872.359,-2730028.3560000006,-0.23409806194701432,-43260.0,-0.004819984627482454
2024-05-30,8873162.359,-2788738.3560000006,-0.2391324042411898,-58710.0,-0.006573089901004026
2024-05-31,8888612.359,-2773288.3560000006,-0.23780757732166996,15450.0,0.001741205601217155
2024-06-03,8947322.359,-2714578.3560000006,-0.23277323502749445,58710.0,0.00660508048149433
2024-06-04,8885522.359,-2776378.3560000006,-0.23807254270557393,-61800.0,-0.006907094382023304
2024-06-05,8900972.359,-2760928.3560000006,-0.23674771578605405,15450.0,0.0017387835375093363
2024-06-06,8789732.359,-2872168.3560000006,-0.2462864696065971,-111240.0,-0.012497511003673911
2024-06-07,8845352.359,-2816548.3560000006,-0.2415170926963256,55620.0,0.006327837723414831
2024-06-11,8836082.359,-2825818.3560000006,-0.2423119888480375,-9270.0,-0.0010480079960373256
2024-06-12,8839172.359,-2822728.3560000006,-0.24204702346413354,3090.0,0.00034970248968457796
2024-06-13,8808272.359,-2853628.3560000006,-0.24469667730317327,-30900.0,-0.003495802406040638
2024-06-14,8783552.359,-2878348.3560000006,-0.24681640037440505,-24720.0,-0.002806452729035125
2024-06-17,8792822.359,-2869078.3560000006,-0.24602150422269314,9270.0,0.0010553816521059467
2024-06-18,8774282.359,-2887618.3560000006,-0.247611296526117,-18540.0,-0.0021085379919023595
2024-06-19,8792822.359,-2869078.3560000006,-0.24602150422269314,18540.0,0.002112993318591272
2024-06-20,8780462.359,-2881438.3560000006,-0.24708136575830902,-12360.0,-0.00140569199460161
2024-06-21,8743382.359,-2918518.3560000006,-0.2502609503651567,-37080.0,-0.004223012238301238
2024-06-24,8792822.359,-2869078.3560000006,-0.24602150422269314,49440.0,0.005654562270070329
2024-06-25,8829902.359,-2831998.3560000006,-0.24284191961584545,37080.0,0.004217075983804719
2024-06-26,8873162.359,-2788738.3560000006,-0.2391324042411898,43260.0,0.004899261423418455
2024-06-27,8885522.359,-2776378.3560000006,-0.23807254270557393,12360.0,0.0013929644809738129
2024-06-28,8913332.359,-2748568.3560000006,-0.23568785425043817,27810.0,0.0031298103675168054
2024-07-01,8913332.359,-2748568.3560000006,-0.23568785425043817,0.0,0.0
2024-07-02,8870072.359,-2791828.3560000006,-0.2393973696250938,-43260.0,-0.004853403671896017
2024-07-03,8836082.359,-2825818.3560000006,-0.2423119888480375,-33990.0,-0.0038319867780460815
2024-07-04,8857712.359,-2804188.3560000006,-0.2404572311607097,21630.0,0.0024479174277918236
2024-07-05,8786642.359,-2875258.3560000006,-0.24655143499050108,-71070.0,-0.008023516357221538
2024-07-08,8811362.359,-2850538.3560000006,-0.2444317119192693,24720.0,0.002813361348966259
2024-07-09,8808272.359,-2853628.3560000006,-0.24469667730317327,-3090.0,-0.0003506835690220145
2024-07-10,8783552.359,-2878348.3560000006,-0.24681640037440505,-24720.0,-0.002806452729035125
2024-07-11,8811362.359,-2850538.3560000006,-0.2444317119192693,27810.0,0.003166144956317618
2024-07-12,8823722.359,-2838178.3560000006,-0.24337185038365342,12360.0,0.0014027342760878359
2024-07-15,8842262.359,-2819638.3560000006,-0.24178205808022957,18540.0,0.0021011540533220074
2024-07-16,8876252.359,-2785648.3560000006,-0.23886743885728584,33990.0,0.0038440388466198794
2024-07-17,8894792.359,-2767108.3560000006,-0.23727764655386202,18540.0,0.0020887193434966367
2024-07-18,8928782.359,-2733118.3560000006,-0.2343630273309183,33990.0,0.003821337095700539
2024-07-19,8981312.359,-2680588.3560000006,-0.22985861580455075,52530.0,0.005883221013563089
2024-07-22,9036932.359,-2624968.3560000006,-0.22508923889427923,55620.0,0.006192858880391228
2024-07-23,9024572.359,-2637328.3560000006,-0.2261491004298951,-12360.0,-0.0013677207606506148
2024-07-24,9036932.359,-2624968.3560000006,-0.22508923889427923,12360.0,0.0013695939827744752
2024-07-25,9132722.359,-2529178.3560000006,-0.21687531199325605,95790.0,0.010599835895042542
2024-07-26,9206882.359,-2455018.3560000006,-0.21051614277956066,74160.0,0.00812025123340332
2024-07-29,9250142.359,-2411758.3560000006,-0.20680662740490505,43260.0,0.004698658928525612
2024-07-30,9256322.359,-2405578.3560000006,-0.20627669663709708,6180.0,0.0006680978259743231
2024-07-31,9265592.359,-2396308.3560000006,-0.20548180048538517,9270.0,0.0010014776539180037
2024-08-01,9148172.359,-2513728.3560000006,-0.21555048507373617,-117420.0,-0.012672692198243074
2024-08-02,9117272.359,-2544628.3560000006,-0.2182001389127759,-30900.0,-0.0033777238542734844
2024-08-05,9117272.359,-2544628.3560000006,-0.2182001389127759,0.0,0.0
2024-08-06,9123452.359,-2538448.3560000006,-0.21767020814496796,6180.0,0.0006778343079658633
2024-08-07,9305762.359,-2356138.3560000006,-0.2020372504946335,182310.0,0.019982567215376168
2024-08-08,9336662.359,-2325238.3560000006,-0.19938759665559377,30900.0,0.0033205232207671465
2024-08-09,9522062.359,-2139838.3560000006,-0.18348967362135535,185400.0,0.01985720302087235
2024-08-12,9549872.359,-2112028.3560000006,-0.1811049851662196,27810.0,0.002920585788194874
2024-08-13,9586952.359,-2074948.3560000006,-0.1779254005593719,37080.0,0.0038827744085034865
2024-08-14,9673472.359,-1988428.3560000006,-0.17050636981006065,86520.0,0.009024765823393066
2024-08-15,9858872.359,-1803028.3560000006,-0.15460844677582222,185400.0,0.019165816897952714
2024-08-16,9729092.359,-1932808.3560000006,-0.1657369928997891,-129780.0,-0.013163777283466516
2024-08-19,9695760.535,-1966140.1799999997,-0.1685951739814653,-33331.82400000001,-0.003425995228544143
2024-08-20,9740400.535,-1921500.1799999997,-0.16476732455186227,44640.0,0.004604074104229028
2024-08-21,9710640.535,-1951260.1799999997,-0.16731922417159764,-29760.0,-0.0030553158356336763
2024-08-22,9684600.535,-1977300.1799999997,-0.16955213633886607,-26040.0,-0.0026815944742413222
2024-08-23,9613920.535,-2047980.1799999997,-0.17561289793573756,-70680.0,-0.007298184343748959
2024-08-26,9613920.535,-2047980.1799999997,-0.17561289793573756,0.0,0.0
2024-08-27,9732960.535,-1928940.1799999997,-0.1654052994567961,119040.0,0.012382045344209835
2024-08-28,9651120.535,-2010780.1799999997,-0.17242302341106835,-81840.0,-0.008408541235290223
2024-08-29,9729240.535,-1932660.1799999997,-0.16572428690926302,78120.0,0.00809439688549074
2024-08-30,9647400.535,-2014500.1799999997,-0.17274201086353527,-81840.0,-0.00841175626253543
2024-09-02,9528360.535,-2133540.1799999997,-0.1829496093424767,-119040.0,-0.012339075128904642
2024-09-03,9517200.535,-2144700.1799999997,-0.18390657169987745,-11160.0,-0.0011712403155828
2024-09-04,9457680.535,-2204220.1799999997,-0.18901037093934817,-59520.0,-0.006253939882963744
2024-09-05,9427920.535,-2233980.1799999997,-0.19156227055908354,-29760.0,-0.003146648894500892
2024-09-06,9424200.535,-2237700.1799999997,-0.19188125801155045,-3720.0,-0.00039457269354259417
2024-09-09,9539520.535,-2122380.1799999997,-0.18199264698507595,115320.0,0.012236581720828088
2024-09-10,9520920.535,-2140980.1799999997,-0.18358758424741053,-18600.0,-0.0019497835275638087
2024-09-11,9480000.535,-2181900.1799999997,-0.18709644622454666,-40920.0,-0.0042979037425607824
2024-09-12,9546960.535,-2114940.1799999997,-0.1813546720801421,66960.0,0.007063290740626504
2024-09-13,9684600.535,-1977300.1799999997,-0.16955213633886607,137640.0,0.014417153972240637
2024-09-18,9617640.535,-2044260.1799999997,-0.17529391048327062,-66960.0,-0.006914069378288534
2024-09-19,9647400.535,-2014500.1799999997,-0.17274201086353527,29760.0,0.003094314025534617
2024-09-20,9602760.535,-2059140.1799999997,-0.17656986029313831,-44640.0,-0.004627153173339282
2024-09-23,9528360.535,-2133540.1799999997,-0.1829496093424767,-74400.0,-0.007747772083748994
2024-09-24,9569280.535,-2092620.1799999997,-0.17944074736534057,40920.0,0.004294547823803452
2024-09-25,9587880.535,-2074020.1799999997,-0.17784581010300599,18600.0,0.0019437197950222806
2024-09-26,9487440.535,-2174460.1799999997,-0.18645847131961282,-100440.0,-0.010475725019033155
2024-09-27,9279120.535,-2382780.1799999997,-0.20432176865776033,-208320.0,-0.021957449876127244
2024-09-30,9271680.535,-2390220.1799999997,-0.20495974356269417,-7440.0,-0.0008018001244769479
2024-10-08,9387000.535,-2274900.1799999997,-0.19507113253621966,115320.0,0.012437874618810962
2024-10-09,9390720.535,-2271180.1799999997,-0.19475214508375274,3720.0,0.0003962927226999202
2024-10-10,9375840.535,-2286060.1799999997,-0.1960280948936204,-14880.0,-0.001584542947960288
2024-10-11,9301440.535,-2360460.1799999997,-0.2024078439429588,-74400.0,-0.007935288545305896
2024-10-14,9342360.535,-2319540.1799999997,-0.1988989819658227,40920.0,0.004399318562111398
2024-10-15,9167520.535,-2494380.1799999997,-0.21389139223176792,-174840.0,-0.01871475622729224
2024-10-16,9230760.535,-2431140.1799999997,-0.2084686055398303,63240.0,0.006898266522399554
2024-10-17,9204720.535,-2457180.1799999997,-0.21070151770709872,-26040.0,-0.0028210026575020697
2024-10-18,9152640.535,-2509260.1799999997,-0.2151673420416356,-52080.0,-0.0056579664534052165
2024-10-21,9230760.535,-2431140.1799999997,-0.2084686055398303,78120.0,0.008535241791837622
2024-10-22,9256800.535,-2405100.1799999997,-0.20623569337256184,26040.0,0.0028210026575019587
2024-10-23,9130320.535,-2531580.1799999997,-0.2170812667564371,-126480.0,-0.013663468227686049
2024-10-24,9163800.535,-2498100.1799999997,-0.21421037968423484,33480.0,0.0036669030262035385
2024-10-25,9137760.535,-2524140.1799999997,-0.21644329185150327,-26040.0,-0.0028416157576263146
2024-10-28,9122880.535,-2539020.1799999997,-0.21771924166137097,-14880.0,-0.0016284077420288812
2024-10-29,9055920.535,-2605980.1799999997,-0.22346101580577551,-66960.0,-0.007339787005113951
2024-10-30,9059640.535,-2602260.1799999997,-0.2231420283533086,3720.0,0.00041078098969871135
2024-10-31,9033600.535,-2628300.1799999997,-0.22537494052057702,-26040.0,-0.0028742862257503665
2024-11-01,9018720.535,-2643180.1799999997,-0.22665089033044472,-14880.0,-0.001647183749419523
2024-11-04,8992680.535,-2669220.1799999997,-0.22888380249771315,-26040.0,-0.002887327520455174
2024-11-05,9007560.535,-2654340.1799999997,-0.22760785268784547,14880.0,0.0016546790405915779
2024-11-06,8966640.535,-2695260.1799999997,-0.2311167146649816,-40920.0,-0.004542850402281529
2024-11-07,9007560.535,-2654340.1799999997,-0.22760785268784547,40920.0,0.0045635820729375
2024-11-08,8996400.535,-2665500.1799999997,-0.22856481504524623,-11160.0,-0.001238959200622225
2024-11-11,9126600.535,-2535300.1799999997,-0.21740025420890405,130200.0,0.014472454788274858
2024-11-12,9193560.535,-2468340.1799999997,-0.21165848006449947,66960.0,0.007336795309843103
2024-11-13,9234480.535,-2427420.1799999997,-0.20814961808736338,40920.0,0.004450941487165627
2024-11-14,9167520.535,-2494380.1799999997,-0.21389139223176792,-66960.0,-0.007251084643712491
2024-11-15,9141480.535,-2520420.1799999997,-0.21612430439903635,-26040.0,-0.002840462685693934
2024-11-18,9215880.535,-2446020.1799999997,-0.20974455534969796,74400.0,0.00813872541927374
2024-11-19,9227040.535,-2434860.1799999997,-0.2087875929922972,11160.0,0.0012109531973225618
2024-11-20,9234480.535,-2427420.1799999997,-0.20814961808736338,7440.0,0.000806325708853084
2024-11-21,9364680.535,-2297220.1799999997,-0.19698505725102117,130200.0,0.014099331251663072
2024-11-22,9320040.535,-2341860.1799999997,-0.2008129066806242,-44640.0,-0.004766847073230163
2024-11-25,9282840.535,-2379060.1799999997,-0.20400278120529342,-37200.0,-0.00399139894942524
2024-11-26,9327480.535,-2334420.1799999997,-0.20017493177569037,44640.0,0.004808872869429326
2024-11-27,9323760.535,-2338140.1799999997,-0.2004939192281573,-3720.0,-0.0003988215237803461
2024-11-28,9327480.535,-2334420.1799999997,-0.20017493177569037,3720.0,0.00039898064584953374
2024-11-29,9297720.535,-2364180.1799999997,-0.20272683139542572,-29760.0,-0.0031905721902425466
2024-12-02,9189840.535,-2472060.1799999997,-0.2119774675169664,-107880.0,-0.01160284390070665
2024-12-03,9078240.535,-2583660.1799999997,-0.22154709109097398,-111600.0,-0.012143845105360151
2024-12-04,9119160.535,-2542740.1799999997,-0.21803822911383788,40920.0,0.004507481360759069
2024-12-05,9104280.535,-2557620.1799999997,-0.21931417892370556,-14880.0,-0.0016317291424895464
2024-12-06,9145200.535,-2516700.1799999997,-0.21580531694656943,40920.0,0.00449458909385414
2024-12-09,9093120.535,-2568780.1799999997,-0.2202711412811063,-52080.0,-0.0056947903767317065
2024-12-10,9007560.535,-2654340.1799999997,-0.22760785268784547,-85560.0,-0.009409311101802098
2024-12-11,9022440.535,-2639460.1799999997,-0.22633190287797778,14880.0,0.0016519456008297073
2024-12-12,9007560.535,-2654340.1799999997,-0.22760785268784547,-14880.0,-0.0016492211771612642
2024-12-13,8996400.535,-2665500.1799999997,-0.22856481504524623,-11160.0,-0.001238959200622225
2024-12-16,8977800.535,-2684100.1799999997,-0.23015975230758082,-18600.0,-0.002067493541182186
2024-12-17,9156360.535,-2505540.1799999997,-0.21484835458916868,178560.0,0.01988905849532774
2024-12-18,9178680.535,-2483220.1799999997,-0.21293442987436717,22320.0,0.002437649753379789
2024-12-19,9363341.452,-2298559.2630000003,-0.19709988270123943,184660.917,0.020118459978626824
2024-12-20,9350651.452,-2311249.2630000003,-0.1981880415108645,-12690.0,-0.001355285403726203
2024-12-23,9367571.452,-2294329.2630000003,-0.19673716309803108,16920.0,0.0018094995933550795
2024-12-24,9337961.452,-2323939.2630000003,-0.19927620032048954,-29610.0,-0.0031609046327240042
2024-12-25,9321041.452,-2340859.2630000003,-0.20072707873332296,-16920.0,-0.001811958647181644
2024-12-26,9295661.452,-2366239.2630000003,-0.20290339635257307,-25380.0,-0.0027228717016974935
2024-12-27,9299891.452,-2362009.2630000003,-0.2025406767493647,4230.0,0.0004550509957621518
2024-12-30,9316811.452,-2345089.2630000003,-0.20108979833653132,16920.0,0.0018193760741542775
2024-12-31,9299891.452,-2362009.2630000003,-0.2025406767493647,-16920.0,-0.001816071956287968
2025-01-02,9333731.452,-2328169.2630000003,-0.1996389199236979,33840.0,0.003638752148308333
2025-01-03,9304121.452,-2357779.2630000003,-0.20217795714615636,-29610.0,-0.0031723646809717065
2025-01-06,9287201.452,-2374699.2630000003,-0.20362883555898978,-16920.0,-0.0018185489180564396
2025-01-07,9287201.452,-2374699.2630000003,-0.20362883555898978,0.0,0.0
2025-01-08,9299891.452,-2362009.2630000003,-0.2025406767493647,12690.0,0.0013663965475054773
2025-01-09,9274511.452,-2387389.2630000003,-0.20471699436861485,-25380.0,-0.002729064111231305
2025-01-10,9236441.452,-2425459.2630000003,-0.20798147079749,-38070.0,-0.004104798424912182
2025-01-13,9321041.452,-2340859.2630000003,-0.20072707873332296,84600.0,0.009159371651912718
2025-01-14,9291431.452,-2370469.2630000003,-0.20326611595578142,-29610.0,-0.0031766836519804276
2025-01-15,9282971.452,-2378929.2630000003,-0.20399155516219813,-8460.0,-0.0009105163228836366
2025-01-16,9409871.452,-2252029.2630000003,-0.19310996706594755,126900.0,0.013670191776002927
2025-01-17,9342191.452,-2319709.2630000003,-0.1989134807172812,-67680.0,-0.007192446819835663
2025-01-20,9274511.452,-2387389.2630000003,-0.20471699436861485,-67680.0,-0.007244552881166988
2025-01-21,9333731.452,-2328169.2630000003,-0.1996389199236979,59220.0,0.006385241994308011
2025-01-22,9333731.452,-2328169.2630000003,-0.1996389199236979,0.0,0.0
2025-01-23,9257591.452,-2404309.2630000003,-0.20616787278144824,-76140.0,-0.008157509179641642
2025-01-24,9282971.452,-2378929.2630000003,-0.20399155516219813,25380.0,0.0027415338137994905
2025-01-27,9257591.452,-2404309.2630000003,-0.20616787278144824,-25380.0,-0.0027340383552005854
2025-02-05,9215291.452,-2446609.2630000003,-0.20979506881353177,-42300.0,-0.004569223022999336
2025-02-06,9232211.452,-2429689.2630000003,-0.20834419040069835,16920.0,0.0018360786620945646
2025-02-07,9240671.452,-2421229.2630000003,-0.20761875119428166,8460.0,0.000916356827828757
2025-02-10,9223751.452,-2438149.2630000003,-0.20906962960711506,-16920.0,-0.001831035773524614
2025-02-11,9198371.452,-2463529.2630000003,-0.21124594722636517,-25380.0,-0.0027515919235331365
2025-02-12,9156071.452,-2505829.2630000003,-0.2148731432584487,-42300.0,-0.0045986401202359195
2025-02-13,9160301.452,-2501599.2630000003,-0.21451042365524034,4230.0,0.00046198853101730997
2025-02-14,9194141.452,-2467759.2630000003,-0.21160866682957352,33840.0,0.0036942015693830488
2025-02-17,9249131.452,-2412769.2630000003,-0.20689331198786495,54990.0,0.005980982594958606
2025-02-18,9249131.452,-2412769.2630000003,-0.20689331198786495,0.0,0.0
2025-02-19,9177221.452,-2484679.2630000003,-0.21305954524240694,-71910.0,-0.007774784083585562
2025-02-20,9227981.452,-2433919.2630000003,-0.2087069100039067,50760.0,0.0055310858810035946
2025-02-21,9253361.452,-2408539.2630000003,-0.2065305923846566,25380.0,0.0027503306256104754
2025-02-24,9232211.452,-2429689.2630000003,-0.20834419040069835,-21150.0,-0.0022856558786460424
2025-02-25,9198371.452,-2463529.2630000003,-0.21124594722636517,-33840.0,-0.0036654273113154723
2025-02-26,9257591.452,-2404309.2630000003,-0.20616787278144824,59220.0,0.006438096168330354
2025-02-27,9363341.452,-2298559.2630000003,-0.19709988270123943,105750.0,0.011423057557498284
2025-02-28,9308351.452,-2353549.2630000003,-0.20181523754294803,-54990.0,-0.00587290341614688
2025-03-03,9295661.452,-2366239.2630000003,-0.20290339635257307,-12690.0,-0.0013632918852966025
2025-03-04,9299891.452,-2362009.2630000003,-0.2025406767493647,4230.0,0.0004550509957621518
2025-03-05,9397181.452,-2264719.2630000003,-0.1941981258755726,97290.0,0.010461412426386651
2025-03-06,9435251.452,-2226649.2630000003,-0.19093364944669744,38070.0,0.004051214738638231
2025-03-07,9519851.452,-2142049.2630000003,-0.1836792573825304,84600.0,0.008966374709819425
2025-03-10,9574841.452,-2087059.2630000003,-0.1789639025408218,54990.0,0.005776350637114902
2025-03-11,9515621.452,-2146279.2630000003,-0.18404197698573876,-59220.0,-0.006184958810741437
2025-03-12,9536771.452,-2125129.2630000003,-0.18222837896969699,21150.0,0.0022226609272644193
2025-03-13,9435251.452,-2226649.2630000003,-0.19093364944669744,-101520.0,-0.010645111976413157
2025-03-14,9414101.452,-2247799.2630000003,-0.19274724746273922,-21150.0,-0.0022415936774549117
2025-03-17,9367571.452,-2294329.2630000003,-0.19673716309803108,-46530.0,-0.00494258535849057
2025-03-18,9354881.452,-2307019.2630000003,-0.19782532190765614,-12690.0,-0.0013546734140246208
2025-03-19,9376031.452,-2285869.2630000003,-0.19601172389161436,21150.0,0.0022608517391182748
2025-03-20,9452171.452,-2209729.2630000003,-0.18948277103386404,76140.0,0.008120706547305678
2025-03-21,9359111.452,-2302789.2630000003,-0.1974626023044478,-93060.0,-0.009845356749248246
2025-03-24,9431021.452,-2230879.2630000003,-0.1912963690499058,71910.0,0.007683421697540771
2025-03-25,9447941.452,-2213959.2630000003,-0.1898454906370724,16920.0,0.001794079261309589
2025-03-26,9473321.452,-2188579.2630000003,-0.18766917301782227,25380.0,0.0026862994578176203
2025-03-27,9481781.452,-2180119.2630000003,-0.18694373381140558,8460.0,0.0008930341953310439
2025-03-28,9447941.452,-2213959.2630000003,-0.1898454906370724,-33840.0,-0.003568949587301695
2025-03-31,9329501.452,-2332399.2630000003,-0.20000163952690625,-118440.0,-0.012536064136482117
2025-04-01,9380261.452,-2281639.2630000003,-0.19564900428840604,50760.0,0.005440805198558385
2025-04-02,9304121.452,-2357779.2630000003,-0.20217795714615636,-76140.0,-0.008117044539709073
2025-04-03,9312581.452,-2349319.2630000003,-0.20145251793973967,8460.0,0.0009092744590282198
2025-04-07,9329501.452,-2332399.2630000003,-0.20000163952690625,16920.0,0.001816896860146855
2025-04-08,9194141.452,-2467759.2630000003,-0.21160866682957352,-135360.0,-0.014508813862822434
2025-04-09,9181451.452,-2480449.2630000003,-0.2126968256391986,-12690.0,-0.0013802267526827894
2025-04-10,9101081.452,-2560819.2630000003,-0.21958849810015726,-80370.0,-0.008753517939965039
2025-04-11,9046091.452,-2615809.2630000003,-0.22430385294186586,-54990.0,-0.006042139089735943
2025-04-14,9160301.452,-2501599.2630000003,-0.21451042365524034,114210.0,0.012625342182976729
2025-04-15,9270281.452,-2391619.2630000003,-0.20507971397182317,109980.0,0.012006155100494853
2025-04-16,9281030.848,-2380869.8670000006,-0.20415796062623232,10749.396000000037,0.0011595544380889056
2025-04-17,9260750.848,-2401149.8670000006,-0.2058969567380681,-20280.0,-0.0021851021004170024
2025-04-18,9336800.848,-2325099.8670000006,-0.19937572131868392,76050.0,0.008212077103491477
2025-04-21,9357080.848,-2304819.8670000006,-0.1976367252068481,20280.0,0.002172050184013896
2025-04-22,9372290.848,-2289609.8670000006,-0.19633247812297128,15210.0,0.0016255069553290369
2025-04-23,9377360.848,-2284539.8670000006,-0.19589772909501232,5070.0,0.0005409563235099224
2025-04-24,9331730.848,-2330169.8670000006,-0.19981047034664284,-45630.0,-0.004865974631842351
2025-04-25,9336800.848,-2325099.8670000006,-0.19937572131868392,5070.0,0.0005433075688296984
2025-04-28,9275960.848,-2385939.8670000006,-0.20459270965419127,-60840.0,-0.0065161505520417995
2025-04-29,9260750.848,-2401149.8670000006,-0.2058969567380681,-15210.0,-0.0016397223154817064
2025-04-30,9321590.848,-2340309.8670000006,-0.20067996840256075,60840.0,0.006569661682793271
2025-05-06,9336800.848,-2325099.8670000006,-0.19937572131868392,15210.0,0.0016316957317712433
2025-05-07,9387500.848,-2274399.8670000006,-0.19502823103909445,50700.0,0.005430125460034851
2025-05-08,9539600.848,-2122299.8670000006,-0.18198576020032603,152100.0,0.01620239534065182
2025-05-09,9635930.848,-2025969.8670000006,-0.17372552866910604,96330.0,0.010097906771455278
2025-05-12,9711980.848,-1949919.8670000006,-0.16720429324972183,76050.0,0.007892335592651678
2025-05-13,9711980.848,-1949919.8670000006,-0.16720429324972183,0.0,0.0
2025-05-14,9656210.848,-2005689.8670000006,-0.17198653255727023,-55770.0,-0.005742391884090758
2025-05-15,9661280.848,-2000619.8670000006,-0.1715517835293113,5070.0,0.000525050672547156
2025-05-16,9605510.848,-2056389.8670000006,-0.1763340228368597,-55770.0,-0.005772526529082889
2025-05-19,9717050.848,-1944849.8670000006,-0.16676954422176288,111540.0,0.011612084121816801
2025-05-20,9696770.848,-1965129.8670000006,-0.16850854033359866,-20280.0,-0.002087052987293392
2025-05-21,9676490.848,-1985409.8670000006,-0.17024753644543444,-20280.0,-0.0020914178872426525
2025-05-22,9656210.848,-2005689.8670000006,-0.17198653255727023,-20280.0,-0.0020958010831159113
2025-05-23,9630860.848,-2031039.8670000006,-0.17416027769706496,-25350.0,-0.002625253362736002
2025-05-26,9686630.848,-1975269.8670000006,-0.16937803838951657,55770.0,0.005790759609155982
2025-05-27,9666350.848,-1995549.8670000006,-0.17111703450135235,-20280.0,-0.0020936071910067078
2025-05-28,9661280.848,-2000619.8670000006,-0.1715517835293113,-5070.0,-0.0005244998945025392
2025-05-29,9630860.848,-2031039.8670000006,-0.17416027769706496,-30420.0,-0.0031486508340451413
2025-05-30,9605510.848,-2056389.8670000006,-0.1763340228368597,-25350.0,-0.002632163458707204
2025-06-03,9656210.848,-2005689.8670000006,-0.17198653255727023,50700.0,0.005278220055371374
2025-06-04,9641000.848,-2020899.8670000006,-0.17329077964114709,-15210.0,-0.001575152017641579
2025-06-05,9661280.848,-2000619.8670000006,-0.1715517835293113,20280.0,0.0021035160477356207
2025-06-06,9681560.848,-1980339.8670000006,-0.1698127874174755,20280.0,0.00209910055603002
2025-06-09,9686630.848,-1975269.8670000006,-0.16937803838951657,5070.0,0.0005236758906543848
2025-06-10,9757610.848,-1904289.8670000006,-0.16329155199809128,70980.0,0.007327625168523477
2025-06-11,9727190.848,-1934709.8670000006,-0.16590004616584497,-30420.0,-0.003117566428285534
2025-06-12,9696770.848,-1965129.8670000006,-0.16850854033359866,-30420.0,-0.003127316043794348
2025-06-13,9686630.848,-1975269.8670000006,-0.16937803838951657,-10140.0,-0.0010457089436213263
2025-06-16,9671420.848,-1990479.8670000006,-0.1706822854733934,-15210.0,-0.0015702053932550308
2025-06-17,9646070.848,-2015829.8670000006,-0.17285603061318813,-25350.0,-0.0026211246928875553
2025-06-18,9570020.848,-2091879.8670000006,-0.17937726603257234,-76050.0,-0.00788403912830149
2025-06-19,9585230.848,-2076669.8670000006,-0.1780730189486955,15210.0,0.00158933823045726
2025-06-20,9554810.848,-2107089.8670000006,-0.18068151311644917,-30420.0,-0.0031736324854760856
2025-06-23,9453410.848,-2208489.8670000006,-0.18937649367562812,-101400.0,-0.010612454983473074
2025-06-24,9382430.848,-2279469.8670000006,-0.19546298006705337,-70980.0,-0.007508401056642633
2025-06-25,9387500.848,-2274399.8670000006,-0.19502823103909445,5070.0,0.0005403716885459264
2025-06-26,9458480.848,-2203419.8670000006,-0.18894174464766916,70980.0,0.007561117825637398
2025-06-27,9392570.848,-2269329.8670000006,-0.1945934820111355,-65910.0,-0.006968349469559598
2025-06-30,9458480.848,-2203419.8670000006,-0.18894174464766916,65910.0,0.007017248106681473
2025-07-01,9392570.848,-2269329.8670000006,-0.1945934820111355,-65910.0,-0.006968349469559598
2025-07-02,9336800.848,-2325099.8670000006,-0.19937572131868392,-55770.0,-0.005937671474884332
2025-07-03,9235400.848,-2426499.8670000006,-0.20807070187786283,-101400.0,-0.010860250920069703
2025-07-04,9326660.848,-2335239.8670000006,-0.2002452193746018,91260.0,0.009881541852053255
2025-07-07,9281030.848,-2380869.8670000006,-0.20415796062623232,-45630.0,-0.004892426211658085
2025-07-08,9341870.848,-2320029.8670000006,-0.19894097229072497,60840.0,0.006555306301251118
2025-07-09,9422990.848,-2238909.8670000006,-0.1919849878433818,81120.0,0.008683485494489274
2025-07-10,9443270.848,-2218629.8670000006,-0.19024599173154602,20280.0,0.002152182924416657
2025-07-11,9488900.848,-2172999.8670000006,-0.1863332504799155,45630.0,0.004832012205777669
2025-07-14,9382430.848,-2279469.8670000006,-0.19546298006705337,-106470.0,-0.011220477661798012
2025-07-15,9311450.848,-2350449.8670000006,-0.20154946645847865,-70980.0,-0.007565203639644191
2025-07-16,9352010.848,-2309889.8670000006,-0.19807147423480706,40560.0,0.0043559269830342195
2025-07-17,9321590.848,-2340309.8670000006,-0.20067996840256075,-30420.0,-0.003252776380868405
2025-07-18,9321590.848,-2340309.8670000006,-0.20067996840256075,0.0,0.0
2025-07-21,9316520.848,-2345379.8670000006,-0.2011147174305197,-5070.0,-0.0005438985772571181
2025-07-22,8926130.848,-2735769.8670000006,-0.23459039258335862,-390390.0,-0.04190298142077431
2025-07-23,9215120.848,-2446779.8670000006,-0.20980969798969865,288990.0,0.032375729744624104
2025-07-24,9154280.848,-2507619.8670000006,-0.215026686325206,-60840.0,-0.0066021923101751145
2025-07-25,9220190.848,-2441709.8670000006,-0.2093749489617397,65910.0,0.0071999101944091315
2025-07-28,9017390.848,-2644509.8670000006,-0.22676491008009758,-202800.0,-0.02199520631874885
2025-07-29,8870360.848,-2791539.8670000006,-0.23937263189090704,-147030.0,-0.0163051599379892
2025-07-30,8652350.848,-3009549.8670000006,-0.25806684009314174,-218010.0,-0.024577354150046138
2025-07-31,8915990.848,-2745909.8670000006,-0.23545989063927653,263640.0,0.030470331662630246
2025-08-01,9076357.456,-2585543.2589999996,-0.22170856382565246,160366.608,0.017986403388466243
2025-08-04,8883637.456,-2778263.2589999996,-0.2382341718470032,-192720.0,-0.021233187535226627
2025-08-05,8870497.456,-2791403.2589999996,-0.23936091784845895,-13140.0,-0.001479123845956276
2025-08-06,8905537.456,-2756363.2589999996,-0.236356261844577,35040.0,0.003950173051038952
2025-08-07,9006277.456,-2655623.2589999996,-0.22771787583341638,100740.0,0.011312062915655563
2025-08-08,8975617.456,-2686283.2589999996,-0.2303469498368131,-30660.0,-0.0034042921895076628
2025-08-11,9063217.456,-2598683.2589999996,-0.2228353098271082,87600.0,0.00975977423608243
2025-08-12,9128917.456,-2532983.2589999996,-0.21720157981982954,65700.0,0.007249081280346514
2025-08-13,9063217.456,-2598683.2589999996,-0.2228353098271082,-65700.0,-0.007196910292667669
2025-08-14,8979997.456,-2681903.2589999996,-0.22997136783632785,-83220.0,-0.009182169621772318
2025-08-15,8826697.456,-2835203.2589999996,-0.2431167378533114,-153300.0,-0.017071274323977925
2025-08-18,8918677.456,-2743223.2589999996,-0.23522951584312127,91980.0,0.010420658514524783
2025-08-19,9006277.456,-2655623.2589999996,-0.22771787583341638,87600.0,0.009822084096231976
2025-08-20,8979997.456,-2681903.2589999996,-0.22997136783632785,-26280.0,-0.0029179647338637427
2025-08-21,8914297.456,-2747603.2589999996,-0.2356050978436065,-65700.0,-0.0073162604245620155
2025-08-22,8901157.456,-2760743.2589999996,-0.23673184384506224,-13140.0,-0.001474036519967803
2025-08-25,8914297.456,-2747603.2589999996,-0.2356050978436065,13140.0,0.0014762125111205116
2025-08-26,8979997.456,-2681903.2589999996,-0.22997136783632785,65700.0,0.007370182599838904
2025-08-27,8953717.456,-2708183.2589999996,-0.2322248598392393,-26280.0,-0.002926504169824762
2025-08-28,8905537.456,-2756363.2589999996,-0.236356261844577,-48180.0,-0.005381005178772269
2025-08-29,8949337.456,-2712563.2589999996,-0.23260044183972456,43800.0,0.004918288224198042
2025-09-01,8888017.456,-2773883.2589999996,-0.23785858984651798,-61320.0,-0.0068519038757319795
2025-09-02,8905537.456,-2756363.2589999996,-0.236356261844577,17520.0,0.001971193248295533
2025-09-03,8901157.456,-2760743.2589999996,-0.23673184384506224,-4380.0,-0.0004918288224198264
2025-09-04,8835457.456,-2826443.2589999996,-0.2423655738523409,-65700.0,-0.007381062555602114
2025-09-05,8686537.456,-2975363.2589999996,-0.2551353618688392,-148920.0,-0.016854814902523385
2025-09-08,8581417.456,-3080483.2589999996,-0.26414932988048506,-105120.0,-0.012101484686213082
2025-09-09,8603317.456,-3058583.2589999996,-0.26227141987805885,21900.0,0.0025520259458637895
2025-09-10,8633977.456,-3027923.2589999996,-0.2596423458746621,30660.0,0.0035637415632754355
2025-09-11,8559517.456,-3102383.2589999996,-0.26602723988291127,-74460.0,-0.008624066993394242
2025-09-12,8607697.456,-3054203.2589999996,-0.2618958378775736,48180.0,0.00562882198063952
2025-09-15,8467537.456,-3194363.2589999996,-0.2739144618931014,-140160.0,-0.016283100180560117
2025-09-16,8537617.456,-3124283.2589999996,-0.26790514988533753,70080.0,0.008276314142589669
2025-09-17,8616457.456,-3045443.2589999996,-0.2611446738766031,78840.0,0.009234426396628193
2025-09-18,8511337.456,-3150563.2589999996,-0.27015864188824895,-105120.0,-0.012199909363772243
2025-09-19,8423737.456,-3238163.2589999996,-0.27767028189795384,-87600.0,-0.010292154488393268
2025-09-22,8537617.456,-3124283.2589999996,-0.26790514988533753,113880.0,0.013518939852391387
2025-09-23,8471917.456,-3189983.2589999996,-0.27353887989261616,-65700.0,-0.007695355330523457
2025-09-24,8550757.456,-3111143.2589999996,-0.2667784038838818,78840.0,0.009306039678675493
2025-09-25,8498197.456,-3163703.2589999996,-0.2712853878897047,-52560.0,-0.006146823865658679
2025-09-26,8572657.456,-3089243.2589999996,-0.26490049388145553,74460.0,0.00876185807467067
2025-09-29,8568277.456,-3093623.2589999996,-0.2652760758819408,-4380.0,-0.0005109267485001734
2025-09-30,8563897.456,-3098003.2589999996,-0.26565165788242606,-4380.0,-0.000511187928086132
2025-10-09,8450017.456,-3211883.2589999996,-0.27541678989504237,-113880.0,-0.013297683745642441
2025-10-10,8458777.456,-3203123.2589999996,-0.2746656258940719,8760.0,0.001036684248951536
2025-10-13,8471917.456,-3189983.2589999996,-0.27353887989261616,13140.0,0.001553415971557337
2025-10-14,8612077.456,-3049823.2589999996,-0.2615202558770884,140160.0,0.016544070539867617
2025-10-15,8638357.456,-3023543.2589999996,-0.2592667638741769,26280.0,0.0030515285230847677
2025-10-16,8581417.456,-3080483.2589999996,-0.26414932988048506,-56940.0,-0.006591530888832464
2025-10-17,8594557.456,-3067343.2589999996,-0.2630225838790293,13140.0,0.0015312155675182293
2025-10-20,8690917.456,-2970983.2589999996,-0.25475977986835396,96360.0,0.011211746560927383
2025-10-21,8677777.456,-2984123.2589999996,-0.2558865258698097,-13140.0,-0.001511923230950507
2025-10-22,8660257.456,-3001643.2589999996,-0.25738885387175064,-17520.0,-0.0020189501388845343
2025-10-23,8734717.456,-2927183.2589999996,-0.2510039598635015,74460.0,0.008597896815228268
2025-10-24,8756617.456,-2905283.2589999996,-0.24912604986107528,21900.0,0.0025072362226159495
2025-10-27,8769757.456,-2892143.2589999996,-0.24799930385961957,13140.0,0.0015005794264766337
2025-10-28,8743477.456,-2918423.2589999996,-0.250252795862531,-26280.0,-0.0029966621234228663
2025-10-29,8647117.456,-3014783.2589999996,-0.2585155998732064,-96360.0,-0.011020786693271
2025-10-30,8695297.456,-2966603.2589999996,-0.2543841978678687,48180.0,0.005571798954409957
2025-10-31,8721577.456,-2940323.2589999996,-0.2521307058649572,26280.0,0.0030223232883039852
2025-11-03,8765377.456,-2896523.2589999996,-0.2483748858601048,43800.0,0.005022027290472408
2025-11-04,8804797.456,-2857103.2589999996,-0.2449946478557376,39420.0,0.0044972393029141244
2025-11-05,8760997.456,-2900903.2589999996,-0.24875046786059005,-43800.0,-0.004974560768590153
2025-11-06,8839837.456,-2822063.2589999996,-0.24198999185185566,78840.0,0.008998975333111892
2025-11-07,8909917.456,-2751983.2589999996,-0.23598067984409174,70080.0,0.00792774758006809
2025-11-10,8988757.456,-2673143.2589999996,-0.22922020383535735,78840.0,0.008848566823355775
2025-11-11,8800417.456,-2861483.2589999996,-0.24537022985622287,-188340.0,-0.020952840358851033
2025-11-12,8787277.456,-2874623.2589999996,-0.24649697585767857,-13140.0,-0.0014931109877113213
2025-11-13,8905537.456,-2756363.2589999996,-0.236356261844577,118260.0,0.013458093316406128
2025-11-14,8809177.456,-2852723.2589999996,-0.24461906585525237,-96360.0,-0.010820234093235848
2025-11-17,8730337.456,-2931563.2589999996,-0.25137954186398676,-78840.0,-0.008949757272320724
2025-11-18,8677777.456,-2984123.2589999996,-0.2558865258698097,-52560.0,-0.006020385840169062
2025-11-19,8695297.456,-2966603.2589999996,-0.2543841978678687,17520.0,0.0020189501388845343
2025-11-20,8712817.456,-2949083.2589999996,-0.25288186986592776,17520.0,0.002014882192202805
2025-11-21,8568277.456,-3093623.2589999996,-0.2652760758819408,-144540.0,-0.016589352494750575
2025-11-24,8590177.456,-3071723.2589999996,-0.2633981658795146,21900.0,0.002555939640430882
2025-11-25,8458777.456,-3203123.2589999996,-0.2746656258940719,-131400.0,-0.015296540807573256
2025-11-26,8511337.456,-3150563.2589999996,-0.27015864188824895,52560.0,0.00621366388622957
2025-11-27,8493817.456,-3168083.2589999996,-0.27166096989018995,-17520.0,-0.0020584308976786536
2025-11-28,8572657.456,-3089243.2589999996,-0.26490049388145553,78840.0,0.009282045488781643
2025-12-01,8528857.456,-3133043.2589999996,-0.268656313886308,-43800.0,-0.005109267485001956
2025-12-02,8590177.456,-3071723.2589999996,-0.2633981658795146,61320.0,0.007189708623499325
2025-12-03,8493817.456,-3168083.2589999996,-0.27166096989018995,-96360.0,-0.011217463258887062
2025-12-04,8506957.456,-3154943.2589999996,-0.2705342238887342,13140.0,0.0015470075814636441
2025-12-05,8581417.456,-3080483.2589999996,-0.26414932988048506,74460.0,0.0087528355919404
2025-12-08,8603724.796,-3058175.9189999998,-0.2622364907520137,22307.340000000026,0.002599493628456795
2025-12-09,8507364.796,-3154535.9189999998,-0.2704992947626891,-96360.0,-0.011199800352145073
2025-12-10,8511744.796,-3150155.9189999998,-0.27012371276220387,4380.0,0.0005148480293286628
2025-12-11,8524884.796,-3137015.9189999998,-0.26899696676074814,13140.0,0.0015437492917051987
2025-12-12,8551164.796,-3110735.9189999998,-0.26674347475783666,26280.0,0.0030827396063264345
2025-12-15,8516124.796,-3145775.9189999998,-0.2697481307617186,-35040.0,-0.004097687371946157
2025-12-16,8529264.796,-3132635.9189999998,-0.26862138476026287,13140.0,0.00154295531298132
2025-12-17,8577444.796,-3084455.9189999998,-0.2644899827549252,48180.0,0.0056487869883692365
2025-12-18,8555544.796,-3106355.9189999998,-0.2663678927573514,-21900.0,-0.0025532079215727643
2025-12-19,8485464.796,-3176435.9189999998,-0.27237720476511534,-70080.0,-0.008191179132480797
2025-12-22,8516124.796,-3145775.9189999998,-0.2697481307617186,30660.0,0.0036132375464514865
2025-12-23,8516124.796,-3145775.9189999998,-0.2697481307617186,0.0,0.0
2025-12-24,8498604.796,-3163295.9189999998,-0.2712504587636596,-17520.0,-0.002057273750641686
2025-12-25,8520504.796,-3141395.9189999998,-0.26937254876123334,21900.0,0.0025768935637890955
2025-12-26,8498604.796,-3163295.9189999998,-0.2712504587636596,-21900.0,-0.0025702702509223796
2025-12-29,8481084.796,-3180815.9189999998,-0.27275278676560055,-17520.0,-0.002061514851031343
2025-12-30,8494224.796,-3167675.9189999998,-0.2716260407641448,13140.0,0.0015493301052946773
2025-12-31,8568684.796,-3093215.9189999998,-0.26524114675589566,74460.0,0.008765955903953015
2026-01-05,8538024.796,-3123875.9189999998,-0.2678702207592924,-30660.0,-0.003578145389863452
2026-01-06,8524884.796,-3137015.9189999998,-0.26899696676074814,-13140.0,-0.0015389976386758208
2026-01-07,8476704.796,-3185195.9189999998,-0.2731283687660858,-48180.0,-0.005651689278265315
2026-01-08,8573064.796,-3088835.9189999998,-0.26486556475541045,96360.0,0.011367624839957902
2026-01-09,8555544.796,-3106355.9189999998,-0.2663678927573514,-17520.0,-0.002043609889449849
2026-01-12,8564304.796,-3097595.9189999998,-0.2656167287563809,8760.0,0.001023897391560169
2026-01-13,8524884.796,-3137015.9189999998,-0.26899696676074814,-39420.0,-0.004602825441057501
2026-01-14,8507364.796,-3154535.9189999998,-0.2704992947626891,-17520.0,-0.0020551597375509933
2026-01-15,8511744.796,-3150155.9189999998,-0.27012371276220387,4380.0,0.0005148480293286628
2026-01-16,8481084.796,-3180815.9189999998,-0.27275278676560055,-30660.0,-0.0036020816806453526
2026-01-19,8502984.796,-3158915.9189999998,-0.27087487676317434,21900.0,0.0025822168421578695
2026-01-20,8502984.796,-3158915.9189999998,-0.27087487676317434,0.0,0.0
2026-01-21,8551164.796,-3110735.9189999998,-0.26674347475783666,48180.0,0.005666245577983897
2026-01-22,8573064.796,-3088835.9189999998,-0.26486556475541045,21900.0,0.002561054607466362
2026-01-23,8511744.796,-3150155.9189999998,-0.27012371276220387,-61320.0,-0.007152634613074471
2026-01-26,8516124.796,-3145775.9189999998,-0.2697481307617186,4380.0,0.0005145830972350662
2026-01-27,8511744.796,-3150155.9189999998,-0.27012371276220387,-4380.0,-0.000514318437660477
2026-01-28,8498604.796,-3163295.9189999998,-0.2712504587636596,-13140.0,-0.0015437492917051987
2026-01-29,8520504.796,-3141395.9189999998,-0.26937254876123334,21900.0,0.0025768935637890955
2026-01-30,8524884.796,-3137015.9189999998,-0.26899696676074814,4380.0,0.0005140540501844537
2026-02-02,8459184.796,-3202715.9189999998,-0.2746306967680268,-65700.0,-0.007706849015816308
2026-02-03,8516124.796,-3145775.9189999998,-0.2697481307617186,56940.0,0.006731145065766109
2026-02-04,8564304.796,-3097595.9189999998,-0.2656167287563809,48180.0,0.005657502814264692
2026-02-05,8533644.796,-3128255.9189999998,-0.26824580275977766,-30660.0,-0.0035799753430447723
2026-02-06,8507364.796,-3154535.9189999998,-0.2704992947626891,-26280.0,-0.003079575096952558
2026-02-09,8538024.796,-3123875.9189999998,-0.2678702207592924,30660.0,0.0036039362053001955
2026-02-10,8520504.796,-3141395.9189999998,-0.26937254876123334,-17520.0,-0.002051996851567872
2026-02-11,8498604.796,-3163295.9189999998,-0.2712504587636596,-21900.0,-0.0025702702509223796
2026-02-12,8498604.796,-3163295.9189999998,-0.2712504587636596,0.0,0.0
2026-02-13,8494224.796,-3167675.9189999998,-0.2716260407641448,-4380.0,-0.0005153787127578635
2026-02-24,8472324.796,-3189575.9189999998,-0.2735039507665711,-21900.0,-0.00257822232469207
2026-02-25,8463564.796,-3198335.9189999998,-0.27425511476754155,-8760.0,-0.0010339546949540424
2026-02-26,8380344.796,-3281555.9189999998,-0.2813911727767612,-83220.0,-0.009832736205827919
2026-02-27,8362824.796,-3299075.9189999998,-0.2828935007787022,-17520.0,-0.00209060610589229
2026-03-02,8319024.796,-3342875.9189999998,-0.2866493207835546,-43800.0,-0.005237464740496467
2026-03-03,8367204.796,-3294695.9189999998,-0.2825179187782169,48180.0,0.005791544223208156
2026-03-04,8310264.796,-3351635.9189999998,-0.28740048478452507,-56940.0,-0.006805139994567888
2026-03-05,8371584.796,-3290315.9189999998,-0.28214233677773165,61320.0,0.007378826247451897
2026-03-06,8380344.796,-3281555.9189999998,-0.2813911727767612,8760.0,0.001046396854772924
2026-03-09,8467944.796,-3193955.9189999998,-0.2738795327670563,87600.0,0.010453030529461227
2026-03-10,8349684.796,-3312215.9189999998,-0.2840202467801579,-118260.0,-0.013965608285007036
2026-03-11,8297124.796,-3364775.9189999998,-0.2885272307859808,-52560.0,-0.006294848402562336
2026-03-12,8310264.796,-3351635.9189999998,-0.28740048478452507,13140.0,0.0015836811332927692
2026-03-13,8336544.796,-3325355.9189999998,-0.28514699278161365,26280.0,0.003162354106050813
2026-03-16,8327784.796,-3334115.9189999998,-0.2858981567825841,-8760.0,-0.0010507950493114926
2026-03-17,8270844.796,-3391055.9189999998,-0.2907807227888923,-56940.0,-0.006837352476657399
2026-03-18,8288364.796,-3373535.9189999998,-0.28927839478695133,17520.0,0.0021182842178919525
2026-03-19,8213904.796,-3447995.9189999998,-0.2956632887952005,-74460.0,-0.00898367794283561
2026-03-20,8183244.796,-3478655.9189999998,-0.29829236279859717,-30660.0,-0.0037326948341220856
2026-03-23,8419764.796,-3242135.9189999998,-0.27801093477239397,236520.0,0.028902960365503327
2026-03-24,8130684.796,-3531215.9189999998,-0.3027993468044201,-289080.0,-0.03433350063856111
2026-03-25,8003664.796,-3658235.9189999998,-0.3136912248184922,-127020.0,-0.015622300358081653
2026-03-26,7986144.796,-3675755.9189999998,-0.31519355282043315,-17520.0,-0.0021889972214673703
2026-03-27,7990524.796,-3671375.9189999998,-0.31481797081994795,4380.0,0.0005484498605878851
2026-03-30,7986144.796,-3675755.9189999998,-0.31519355282043315,-4380.0,-0.0005481492282199962
2026-03-31,8064984.796,-3596915.9189999998,-0.3084330768116988,78840.0,0.009872097490579934
2026-04-01,7994904.796,-3666995.9189999998,-0.3144423888194627,-70080.0,-0.008689415017218316
2026-04-02,7973004.796,-3688895.9189999998,-0.3163202988218889,-21900.0,-0.0027392446262720638
2026-04-03,8034324.796,-3627575.9189999998,-0.3110621508150955,61320.0,0.007690952353466951
2026-04-07,7990524.796,-3671375.9189999998,-0.31481797081994795,-43800.0,-0.0054516093277441335
2026-04-08,7977384.796,-3684515.9189999998,-0.3159447168214037,-13140.0,-0.0016444476846599887
2026-04-09,7973004.796,-3688895.9189999998,-0.3163202988218889,-4380.0,-0.0005490521157004435
2026-04-10,7911684.796,-3750215.9189999998,-0.3215784468286823,-61320.0,-0.007690952353467062
2026-04-13,7898544.796,-3763355.9189999998,-0.32270519283013804,-13140.0,-0.00166083461851807
2026-04-14,7902924.796,-3758975.9189999998,-0.3223296108296528,4380.0,0.0005545325263227596
2026-04-15,7885404.796,-3776495.9189999998,-0.3238319388315938,-17520.0,-0.0022169007617113268
2026-04-16,7929204.796,-3732695.9189999998,-0.32007611882674136,43800.0,0.005554565825487856
2026-04-17,7931524.882,-3730375.8329999996,-0.3198771730410843,2320.086,0.00029260008534159887
2026-04-20,7931524.882,-3730375.8329999996,-0.3198771730410843,0.0,0.0
2026-04-21,7931524.882,-3730375.8329999996,-0.3198771730410843,0.0,0.0
2026-04-22,7931524.882,-3730375.8329999996,-0.3198771730410843,0.0,0.0
2026-04-23,7931524.882,-3730375.8329999996,-0.3198771730410843,0.0,0.0
2026-04-24,7931524.882,-3730375.8329999996,-0.3198771730410843,0.0,0.0
2026-04-27,7931524.882,-3730375.8329999996,-0.3198771730410843,0.0,0.0
2026-04-28,7931524.882,-3730375.8329999996,-0.3198771730410843,0.0,0.0
2026-04-29,7931524.882,-3730375.8329999996,-0.3198771730410843,0.0,0.0
2026-04-30,7931524.882,-3730375.8329999996,-0.3198771730410843,0.0,0.0
2026-05-06,7931524.882,-3730375.8329999996,-0.3198771730410843,0.0,0.0
2026-05-07,7931524.882,-3730375.8329999996,-0.3198771730410843,0.0,0.0
2026-05-08,7931524.882,-3730375.8329999996,-0.3198771730410843,0.0,0.0
2026-05-11,7931524.882,-3730375.8329999996,-0.3198771730410843,0.0,0.0
2026-05-12,7931524.882,-3730375.8329999996,-0.3198771730410843,0.0,0.0
2026-05-13,7931524.882,-3730375.8329999996,-0.3198771730410843,0.0,0.0
2026-05-14,7931524.882,-3730375.8329999996,-0.3198771730410843,0.0,0.0
2026-05-15,7931524.882,-3730375.8329999996,-0.3198771730410843,0.0,0.0
2026-05-18,7931524.882,-3730375.8329999996,-0.3198771730410843,0.0,0.0
2026-05-19,7931524.882,-3730375.8329999996,-0.3198771730410843,0.0,0.0
2026-05-20,7931524.882,-3730375.8329999996,-0.3198771730410843,0.0,0.0
2026-05-21,7931524.882,-3730375.8329999996,-0.3198771730410843,0.0,0.0
2026-05-22,7931524.882,-3730375.8329999996,-0.3198771730410843,0.0,0.0
2026-05-25,7931524.882,-3730375.8329999996,-0.3198771730410843,0.0,0.0
2026-05-26,7931524.882,-3730375.8329999996,-0.3198771730410843,0.0,0.0
2026-05-27,7931524.882,-3730375.8329999996,-0.3198771730410843,0.0,0.0
2026-05-28,7931524.882,-3730375.8329999996,-0.3198771730410843,0.0,0.0
2026-05-29,7931524.882,-3730375.8329999996,-0.3198771730410843,0.0,0.0
2026-06-01,7931524.882,-3730375.8329999996,-0.3198771730410843,0.0,0.0
2026-06-02,7931524.882,-3730375.8329999996,-0.3198771730410843,0.0,0.0
2026-06-03,7931524.882,-3730375.8329999996,-0.3198771730410843,0.0,0.0
2026-06-04,7931524.882,-3730375.8329999996,-0.3198771730410843,0.0,0.0
2026-06-05,7931524.882,-3730375.8329999996,-0.3198771730410843,0.0,0.0
2026-06-08,7931524.882,-3730375.8329999996,-0.3198771730410843,0.0,0.0
2026-06-18,7931524.882,-3730375.8329999996,-0.3198771730410843,0.0,0.0
2026-06-22,7931524.882,-3730375.8329999996,-0.3198771730410843,0.0,0.0
2026-06-23,7931524.882,-3730375.8329999996,-0.3198771730410843,0.0,0.0
2026-06-24,7931524.882,-3730375.8329999996,-0.3198771730410843,0.0,0.0
2026-06-25,7931524.882,-3730375.8329999996,-0.3198771730410843,0.0,0.0
2026-06-26,7931524.882,-3730375.8329999996,-0.3198771730410843,0.0,0.0
2026-06-29,7931524.882,-3730375.8329999996,-0.3198771730410843,0.0,0.0
2026-06-30,7931524.882,-3730375.8329999996,-0.3198771730410843,0.0,0.0
