datetime,balance,drawdown,ddpercent,net_pnl,return
2020-01-03,10000000.0,0.0,0.0,0.0,0.0
2020-01-06,10000000.0,0.0,0.0,0.0,0.0
2020-01-07,10000000.0,0.0,0.0,0.0,0.0
2020-01-08,10000000.0,0.0,0.0,0.0,0.0
2020-01-09,10000000.0,0.0,0.0,0.0,0.0
2020-01-10,10000000.0,0.0,0.0,0.0,0.0
2020-01-13,10000000.0,0.0,0.0,0.0,0.0
2020-01-14,10000000.0,0.0,0.0,0.0,0.0
2020-01-15,10000000.0,0.0,0.0,0.0,0.0
2020-01-16,10000000.0,0.0,0.0,0.0,0.0
2020-01-17,10035827.015,0.0,0.0,35827.014999999985,0.003582701500000063
2020-01-20,10020727.015,-15100.0,-0.0015046094335255935,-15100.0,-0.0015046094335255944
2020-01-21,10035827.015,0.0,0.0,15100.0,0.0015068766944150713
2020-01-22,9998077.015,-37750.0,-0.003761523583813984,-37750.0,-0.003761523583813986
2020-01-23,9952777.015,-83050.0,-0.008275351884390766,-45300.0,-0.0045308712797508255
2020-02-03,9930127.015,-105700.0,-0.010532266034679156,-22650.0,-0.0022757467554898048
2020-02-04,9529977.015,-505850.0,-0.050404416023107385,-400150.0,-0.040296564122045075
2020-02-05,9454477.015,-581350.0,-0.05792746319073536,-75500.0,-0.007922369579817956
2020-02-06,9363877.015,-671950.0,-0.06695511979188891,-90600.0,-0.00958276167536909
2020-02-07,9348777.015,-687050.0,-0.0684597292254145,-15100.0,-0.0016125799149018238
2020-02-10,9303477.015,-732350.0,-0.07297355752599129,-45300.0,-0.004845553587096707
2020-02-11,9424277.015,-611550.0,-0.06093668205778654,120800.0,0.012984392803382372
2020-02-12,9499777.015,-536050.0,-0.05341363489015857,75500.0,0.008011224614878243
2020-02-13,9545077.015,-490750.0,-0.04889980658958179,45300.0,0.004768532980139684
2020-02-14,9590377.015,-445450.0,-0.044385978289005014,45300.0,0.004745901989979817
2020-02-17,9462027.015,-573800.0,-0.05717515847397256,-128350.0,-0.013383206916605217
2020-02-18,9499777.015,-536050.0,-0.05341363489015857,37750.0,0.0039896313908378556
2020-02-19,9514877.015,-520950.0,-0.05190902545663298,15100.0,0.0015895109933798945
2020-02-20,9582827.015,-453000.0,-0.04513828300576781,67950.0,0.007141448060009381
2020-02-21,9688527.015,-347300.0,-0.03460601697108865,105700.0,0.011030147975597204
2020-02-24,9764027.015,-271800.0,-0.027082969803460685,75500.0,0.007792722245921313
2020-02-25,9741377.015,-294450.0,-0.029339883953749077,-22650.0,-0.002319739587488212
2020-02-26,9635677.015,-400150.0,-0.03987214998842823,-105700.0,-0.010850622025740386
2020-02-27,9537527.015,-498300.0,-0.04965211130634459,-98150.0,-0.010186103150531922
2020-02-28,9499777.015,-536050.0,-0.05341363489015857,-37750.0,-0.003958049077148584
2020-03-02,9613027.015,-422800.0,-0.04212906413871662,113250.0,0.011921332450349098
2020-03-03,9552627.015,-483200.0,-0.04814750187281899,-60400.0,-0.0062831405659999895
2020-03-04,9673427.015,-362400.0,-0.036110626404614245,120800.0,0.012645736069283764
2020-03-05,9733827.015,-302000.0,-0.03009218867051187,60400.0,0.0062439092067725355
2020-03-06,9711177.015,-324650.0,-0.032349102820800266,-22650.0,-0.0023269367706140187
2020-03-09,9711177.015,-324650.0,-0.032349102820800266,0.0,0.0
2020-03-10,9764027.015,-271800.0,-0.027082969803460685,52850.0,0.005442182746578261
2020-03-11,9779127.015,-256700.0,-0.02557836036993509,15100.0,0.0015464930583255487
2020-03-12,9816877.015,-218950.0,-0.02181683678612111,37750.0,0.0038602627762269748
2020-03-13,9930127.015,-105700.0,-0.010532266034679156,113250.0,0.011536255351570102
2020-03-16,9937677.015,-98150.0,-0.009779961317916358,7550.0,0.000760312530604601
2020-03-17,10035827.015,0.0,0.0,98150.0,0.009876553630375762
2020-03-18,10073577.015,0.0,0.0,37750.0,0.003761523583813986
2020-03-19,10232127.015,0.0,0.0,158550.0,0.01573919569621718
2020-03-20,10345377.015,0.0,0.0,113250.0,0.011068079963626243
2020-03-23,10262327.015,-83050.0,-0.008027740301739018,-83050.0,-0.008027740301739028
2020-03-24,10050927.015,-294450.0,-0.028461988342529245,-211400.0,-0.020599616411658417
2020-03-25,10292527.015,-52850.0,-0.005108562010197557,241600.0,0.024037583761123305
2020-03-26,10322727.015,-22650.0,-0.0021893837186560956,30200.0,0.002934167669027099
2020-03-27,10352927.015,0.0,0.0,30200.0,0.0029255835164598842
2020-03-30,10420877.015,0.0,0.0,67950.0,0.0065633612505477945
2020-03-31,10428427.015,0.0,0.0,7550.0,0.00072450715895922
2020-04-01,10424611.805,-3815.210000000894,-0.00036584712100043345,-3815.2099999999627,-0.0003658471210004066
2020-04-02,10424611.805,-3815.210000000894,-0.00036584712100043345,0.0,0.0
2020-04-03,10450711.805,0.0,0.0,26100.0,0.0025036903520456733
2020-04-07,10398511.805,-52200.0,-0.00499487508353504,-52200.0,-0.004994875083535022
2020-04-08,10476811.805,0.0,0.0,78300.0,0.0075299236533394875
2020-04-09,10546411.805,0.0,0.0,69600.0,0.006643242361839885
2020-04-10,10598611.805,0.0,0.0,52200.0,0.004949550706454753
2020-04-13,10598611.805,0.0,0.0,0.0,0.0
2020-04-14,10598611.805,0.0,0.0,0.0,0.0
2020-04-15,10598611.805,0.0,0.0,0.0,0.0
2020-04-16,10572511.805,-26100.0,-0.002462586655705898,-26100.0,-0.0024625866557058673
2020-04-17,10546411.805,-52200.0,-0.004925173311411796,-26100.0,-0.002468665959555305
2020-04-20,10572511.805,-26100.0,-0.002462586655705898,26100.0,0.0024747753532272654
2020-04-21,10529011.805,-69600.0,-0.006566897748549062,-43500.0,-0.0041144432659254715
2020-04-22,10537711.805,-60900.0,-0.0057460355299804285,8700.0,0.0008262883698040291
2020-04-23,10494211.805,-104400.0,-0.009850346622823592,-43500.0,-0.004128030905092728
2020-04-24,10511611.805,-87000.0,-0.008208622185686326,17400.0,0.001658056872047231
2020-04-27,10520311.805,-78300.0,-0.007387759967117694,8700.0,0.0008276561350812894
2020-04-28,10546411.805,-52200.0,-0.004925173311411796,26100.0,0.00248091506067305
2020-04-29,10555111.805,-43500.0,-0.004104311092843163,8700.0,0.0008249251177423478
2020-04-30,10555111.805,-43500.0,-0.004104311092843163,0.0,0.0
2020-05-06,10581211.805,-17400.0,-0.0016417244371372654,26100.0,0.0024727355315778965
2020-05-07,10607311.805,0.0,0.0,26100.0,0.0024666361926208857
2020-05-08,10668211.805,0.0,0.0,60900.0,0.005741322695095308
2020-05-11,10633411.805,-34800.0,-0.0032620274734037305,-34800.0,-0.0032620274734037613
2020-05-12,10729111.805,0.0,0.0,95700.0,0.008999933582465092
2020-05-13,10746511.805,0.0,0.0,17400.0,0.0016217558653728315
2020-05-14,10685611.805,-60900.0,-0.005666955111114774,-60900.0,-0.005666955111114813
2020-05-15,10790011.805,0.0,0.0,104400.0,0.0097701471759577
2020-05-18,10972711.805,0.0,0.0,182700.0,0.016932326238543904
2020-05-19,11033611.805,0.0,0.0,60900.0,0.005550132098817162
2020-05-20,10964011.805,-69600.0,-0.0063079978913577524,-69600.0,-0.0063079978913577195
2020-05-21,10990111.805,-43500.0,-0.0039424986820985955,26100.0,0.002380515495988167
2020-05-22,11138011.805,0.0,0.0,147900.0,0.013457551899764386
2020-05-25,11181511.805,0.0,0.0,43500.0,0.0039055444330264866
2020-05-26,11033611.805,-147900.0,-0.01322719168743032,-147900.0,-0.013227191687430362
2020-05-27,11042311.805,-139200.0,-0.012449121588169713,8700.0,0.0007884997364198121
2020-05-28,11024911.805,-156600.0,-0.014005261786690927,-17400.0,-0.001575756988869026
2020-05-29,11129311.805,-52200.0,-0.004668420595563643,104400.0,0.009469463506515563
2020-06-01,11172811.805,-8700.0,-0.0007780700992606071,43500.0,0.0039085974732469
2020-06-02,11103211.805,-78300.0,-0.007002630893345464,-69600.0,-0.006229407709960055
2020-06-03,11111911.805,-69600.0,-0.0062245607940848565,8700.0,0.0007835570601366637
2020-06-04,11051011.805,-130500.0,-0.011671051488909106,-60900.0,-0.0054806050541723605
2020-06-05,11059711.805,-121800.0,-0.0108929813896485,8700.0,0.0007872582306049924
2020-06-08,11233711.805,0.0,0.0,174000.0,0.015732778852459495
2020-06-09,11155411.805,-78300.0,-0.006970091574287097,-78300.0,-0.006970091574287074
2020-06-10,11190211.805,-43500.0,-0.0038722730968261654,34800.0,0.003119562111046692
2020-06-11,11198911.805,-34800.0,-0.0030978184774609323,8700.0,0.000777465176853287
2020-06-12,11338111.805,0.0,0.0,139200.0,0.012429779109239147
2020-06-15,11207611.805,-130500.0,-0.011509852984731615,-130500.0,-0.011509852984731617
2020-06-16,11242411.805,-95700.0,-0.00844055885546985,34800.0,0.003105032597977342
2020-06-17,11172811.805,-165300.0,-0.014579147113993378,-69600.0,-0.0061908424284053964
2020-06-18,11146711.805,-191400.0,-0.0168811177109397,-26100.0,-0.002336027891234993
2020-06-19,11146711.805,-191400.0,-0.0168811177109397,0.0,0.0
2020-06-22,11181511.805,-156600.0,-0.013811823581677938,34800.0,0.003121996926877646
2020-06-23,11146711.805,-191400.0,-0.0168811177109397,-34800.0,-0.0031122803970424773
2020-06-24,11259811.805,-78300.0,-0.006905911790838969,113100.0,0.010146490012352016
2020-06-29,11155411.805,-182700.0,-0.016113794178624262,-104400.0,-0.00927191340388478
2020-06-30,11146711.805,-191400.0,-0.0168811177109397,-8700.0,-0.0007798905277616175
2020-07-01,11085811.805,-252300.0,-0.022252382437147788,-60900.0,-0.005463494622035769
2020-07-02,11042311.805,-295800.0,-0.026089000098724995,-43500.0,-0.003923934553929587
2020-07-03,11094511.805,-243600.0,-0.021485058904832346,52200.0,0.004727270966607078
2020-07-06,11077111.805,-261000.0,-0.02301970596946323,-17400.0,-0.0015683430065086545
2020-07-07,11138011.805,-200100.0,-0.017648441243255143,60900.0,0.0054978229950257695
2020-07-08,11225011.805,-113100.0,-0.009975205920100733,87000.0,0.007811088866052751
2020-07-09,11198911.805,-139200.0,-0.012277176517047055,-26100.0,-0.0023251645925551623
2020-07-10,11207611.805,-130500.0,-0.011509852984731615,8700.0,0.0007768611943275161
2020-07-13,11381611.805,0.0,0.0,174000.0,0.015525162989886487
2020-07-14,11503411.805,0.0,0.0,121800.0,0.010701471995951728
2020-07-15,11459911.805,-43500.0,-0.003781486809078031,-43500.0,-0.003781486809078083
2020-07-16,11425111.805,-78300.0,-0.006806676256340455,-34800.0,-0.00303667258458451
2020-07-17,11312011.805,-191400.0,-0.016638541959943336,-113100.0,-0.009899246670873163
2020-07-20,11198911.805,-304500.0,-0.026470407663546216,-113100.0,-0.009998221532089402
2020-07-21,11294611.805,-208800.0,-0.01815113668357455,95700.0,0.008545473137601789
2020-07-22,11242411.805,-261000.0,-0.022688920854468185,-52200.0,-0.00462167278532688
2020-07-23,11259811.805,-243600.0,-0.021176326130836972,17400.0,0.0015477106071013491
2020-07-24,11277211.805,-226200.0,-0.01966373140720576,17400.0,0.0015453189006475743
2020-07-27,11320711.805,-182700.0,-0.015882244598127728,43500.0,0.0038573364367169294
2020-07-28,11390311.805,-113100.0,-0.00983186570360288,69600.0,0.006148023304440864
2020-07-29,11416411.805,-87000.0,-0.007562973618156062,26100.0,0.002291421029277041
2020-07-30,11329411.805,-174000.0,-0.015125947236312123,-87000.0,-0.007620608075989077
2020-07-31,11346811.805,-156600.0,-0.01361335251268091,17400.0,0.0015358255397091014
2020-08-03,11416411.805,-87000.0,-0.007562973618156062,69600.0,0.006133881586837475
2020-08-04,11407711.805,-95700.0,-0.008319270979971668,-8700.0,-0.0007620608075988855
2020-08-05,11399011.805,-104400.0,-0.009075568341787275,-8700.0,-0.0007626419871675783
2020-08-06,11338111.805,-165300.0,-0.014369649874496517,-60900.0,-0.005342568377136647
2020-08-07,11251111.805,-252300.0,-0.02193262349265258,-87000.0,-0.007673235323154448
2020-08-10,11103211.805,-400200.0,-0.03478967864351788,-147900.0,-0.013145367547967357
2020-08-11,11016211.805,-487200.0,-0.042352652261673944,-87000.0,-0.007835570601366193
2020-08-12,11020875.815,-482535.9900000002,-0.04194720646184849,4664.009999999995,0.0004233769359702766
2020-08-13,11020875.815,-482535.9900000002,-0.04194720646184849,0.0,0.0
2020-08-14,11032775.815,-470635.9900000002,-0.040912730760054736,11900.0,0.0010797689947474876
2020-08-17,10979225.815,-524185.9900000002,-0.045567871418126654,-53550.0,-0.004853719580451776
2020-08-18,10997075.815,-506335.9900000002,-0.044016157865436015,17850.0,0.0016257976929132667
2020-08-19,10955425.815,-547985.9900000002,-0.04763682282171417,-41650.0,-0.003787370451987737
2020-08-20,10961375.815,-542035.9900000002,-0.047119584970817294,5950.0,0.0005431098800243728
2020-08-21,10961375.815,-542035.9900000002,-0.047119584970817294,0.0,0.0
2020-08-24,11026825.815,-476585.9900000002,-0.04142996861095161,65450.0,0.005970965789753757
2020-08-25,11032775.815,-470635.9900000002,-0.040912730760054736,5950.0,0.000539593179381237
2020-08-26,11020875.815,-482535.9900000002,-0.04194720646184849,-11900.0,-0.0010786043512115429
2020-08-27,10991125.815,-512285.9900000002,-0.04453339571633289,-29750.0,-0.00269942248686883
2020-08-28,11026825.815,-476585.9900000002,-0.04142996861095161,35700.0,0.003248074910695564
2020-08-31,11074425.815,-428985.9900000002,-0.03729206580377657,47600.0,0.004316745435050562
2020-09-01,11032775.815,-470635.9900000002,-0.040912730760054736,-41650.0,-0.0037609173329407053
2020-09-02,11062525.815,-440885.9900000002,-0.038326541505570334,29750.0,0.0026965108780288016
2020-09-03,11110125.815,-393285.9900000002,-0.03418863869839529,47600.0,0.004302814817883416
2020-09-04,11098225.815,-405185.9900000002,-0.035223114400189055,-11900.0,-0.0010710949811147952
2020-09-07,11151775.815,-351635.9900000002,-0.03056797374211713,53550.0,0.004825095550644143
2020-09-08,11157725.815,-345685.9900000002,-0.030050735891220252,5950.0,0.0005335473110925637
2020-09-09,11086325.815,-417085.9900000002,-0.03625759010198281,-71400.0,-0.006399153481976838
2020-09-10,11068475.815,-434935.9900000002,-0.03780930365467345,-17850.0,-0.0016100915937224958
2020-09-11,11110125.815,-393285.9900000002,-0.03418863869839529,41650.0,0.003762939061903614
2020-09-14,11127975.815,-375435.9900000002,-0.032636925145704654,17850.0,0.0016066424716720817
2020-09-15,11074425.815,-428985.9900000002,-0.03729206580377657,-53550.0,-0.004812195936642616
2020-09-16,11038725.815,-464685.9900000002,-0.04039549290915785,-35700.0,-0.0032236434282348903
2020-09-17,11020875.815,-482535.9900000002,-0.04194720646184849,-17850.0,-0.0016170344566167616
2020-09-18,11044675.815,-458735.9900000002,-0.039878255058260974,23800.0,0.002159537989494975
2020-09-21,10985175.815,-518235.9900000002,-0.04505063356722978,-59500.0,-0.005387211086738453
2020-09-22,10973275.815,-530135.9900000002,-0.04608510926902353,-11900.0,-0.0010832780649492335
2020-09-23,10973275.815,-530135.9900000002,-0.04608510926902353,0.0,0.0
2020-09-24,10979225.815,-524185.9900000002,-0.045567871418126654,5950.0,0.000542226414455671
2020-09-25,10967325.815,-536085.9900000002,-0.046602347119920416,-11900.0,-0.0010838651286088075
2020-09-28,10973275.815,-530135.9900000002,-0.04608510926902353,5950.0,0.0005425205834463931
2020-09-29,10973275.815,-530135.9900000002,-0.04608510926902353,0.0,0.0
2020-09-30,10991125.815,-512285.9900000002,-0.04453339571633289,17850.0,0.001626679243366791
2020-10-09,11038725.815,-464685.9900000002,-0.04039549290915785,47600.0,0.004330766547594012
2020-10-12,11086325.815,-417085.9900000002,-0.03625759010198281,47600.0,0.004312091884311364
2020-10-13,11026825.815,-476585.9900000002,-0.04142996861095161,-59500.0,-0.005366971979074875
2020-10-14,10991125.815,-512285.9900000002,-0.04453339571633289,-35700.0,-0.003237559076287977
2020-10-15,11020875.815,-482535.9900000002,-0.04194720646184849,29750.0,0.0027067290922462295
2020-10-16,10937575.815,-565835.9900000002,-0.04918853637440481,-83300.0,-0.007558382963232746
2020-10-19,10895925.815,-607485.9900000002,-0.052809201330682974,-41650.0,-0.003807973604432524
2020-10-20,10925675.815,-577735.9900000002,-0.05022301207619857,29750.0,0.0027303783547281135
2020-10-21,10931625.815,-571785.9900000002,-0.049705774225301695,5950.0,0.0005445887376440695
2020-10-22,10919725.815,-583685.9900000002,-0.05074024992709546,-11900.0,-0.0010885846443510205
2020-10-23,10913775.815,-589635.9900000002,-0.051257487777992335,-5950.0,-0.0005448854761377353
2020-10-26,10943525.815,-559885.9900000002,-0.04867129852350793,29750.0,0.002725912690923371
2020-10-27,10955425.815,-547985.9900000002,-0.04763682282171417,11900.0,0.0010874009164112408
2020-10-28,10979225.815,-524185.9900000002,-0.045567871418126654,23800.0,0.002172439520097269
2020-10-29,10973275.815,-530135.9900000002,-0.04608510926902353,-5950.0,-0.0005419325643043482
2020-10-30,10979225.815,-524185.9900000002,-0.045567871418126654,5950.0,0.000542226414455671
2020-11-02,10991125.815,-512285.9900000002,-0.04453339571633289,11900.0,0.0010838651286086964
2020-11-03,10985175.815,-518235.9900000002,-0.04505063356722978,-5950.0,-0.0005413458184492237
2020-11-04,11026825.815,-476585.9900000002,-0.04142996861095161,41650.0,0.0037914732273223173
2020-11-05,11032775.815,-470635.9900000002,-0.040912730760054736,5950.0,0.000539593179381237
2020-11-06,11032775.815,-470635.9900000002,-0.040912730760054736,0.0,0.0
2020-11-09,11127975.815,-375435.9900000002,-0.032636925145704654,95200.0,0.008628834809691899
2020-11-10,11193425.815,-309985.9900000002,-0.02694730878583897,65450.0,0.005881572811452074
2020-11-11,11169625.815,-333785.9900000002,-0.02901626018942649,-23800.0,-0.0021262480667988415
2020-11-12,11157725.815,-345685.9900000002,-0.030050735891220252,-11900.0,-0.0010653893153715899
2020-11-13,11151775.815,-351635.9900000002,-0.03056797374211713,-5950.0,-0.0005332627901647458
2020-11-16,11127975.815,-375435.9900000002,-0.032636925145704654,-23800.0,-0.002134189244370144
2020-11-17,11145825.815,-357585.9900000002,-0.03108521159301401,17850.0,0.0016040653122142423
2020-11-18,11181525.815,-321885.9900000002,-0.027981784487632732,35700.0,0.003202992814758998
2020-11-19,11270775.815,-232635.99000000022,-0.02022321672417953,89250.0,0.007981916017246071
2020-11-20,11318375.815,-185035.99000000022,-0.01608531391700449,47600.0,0.004223311756112791
2020-11-23,11235075.815,-268335.9900000002,-0.02332664382956081,-83300.0,-0.007359713209876273
2020-11-24,11252925.815,-250485.99000000022,-0.02177493027687017,17850.0,0.0015887743255071918
2020-11-25,11145825.815,-357585.9900000002,-0.03108521159301401,-107100.0,-0.009517524754072193
2020-11-26,11139875.815,-363535.9900000002,-0.03160244944391089,-5950.0,-0.0005338321357931664
2020-11-27,11080375.815,-423035.9900000002,-0.036774827952879695,-59500.0,-0.005341172647533643
2020-11-30,11086325.815,-417085.9900000002,-0.03625759010198281,5950.0,0.0005369853964651838
2020-12-01,11056575.815,-446835.9900000002,-0.03884377935646721,-29750.0,-0.002683485989537493
2020-12-02,11169625.815,-333785.9900000002,-0.02901626018942649,113050.0,0.010224684558001185
2020-12-03,11092275.815,-411135.9900000002,-0.03574035225108593,-77350.0,-0.006925030549915556
2020-12-04,11169625.815,-333785.9900000002,-0.02901626018942649,77350.0,0.006973321010950828
2020-12-07,10925675.815,-577735.9900000002,-0.05022301207619857,-243950.0,-0.021840480965118148
2020-12-08,10715349.5,-788062.3049999997,-0.0685068324388305,-210326.315,-0.01925064577801583
2020-12-09,10742599.5,-760812.3049999997,-0.06613797001245403,27250.0,0.0025430808393136495
2020-12-10,10671749.5,-831662.3049999997,-0.07229701232103285,-70850.0,-0.006595237958931688
2020-12-11,10628149.5,-875262.3049999997,-0.07608719220323519,-43600.0,-0.004085553170077638
2020-12-14,10666299.5,-837112.3049999997,-0.07277078480630814,38150.0,0.0035895242158572316
2020-12-15,10780749.5,-722662.3049999997,-0.06282156261552697,114450.0,0.010730056848675673
2020-12-16,10797099.5,-706312.3049999997,-0.0614002451597011,16350.0,0.0015165921441733232
2020-12-17,10851599.5,-651812.3049999997,-0.05666252030694816,54500.0,0.005047651917998941
2020-12-18,10824349.5,-679062.3049999997,-0.05903138273332463,-27250.0,-0.0025111505451339555
2020-12-21,10895199.5,-608212.3049999997,-0.05287234042474581,70850.0,0.006545427972369122
2020-12-22,10791649.5,-711762.3049999997,-0.06187401764497639,-103550.0,-0.009504185765483175
2020-12-23,11015099.5,-488312.3049999997,-0.04244934574868936,223450.0,0.02070582444324187
2020-12-24,10976949.5,-526462.3049999997,-0.045765753145616414,-38150.0,-0.0034634276340399506
2020-12-25,10944249.5,-559162.3049999997,-0.04860838805726817,-32700.0,-0.002978969703741452
2020-12-28,10889749.5,-613662.3049999997,-0.05334611291002111,-54500.0,-0.004979784132297049
2020-12-29,10922449.5,-580962.3049999997,-0.050503477998369344,32700.0,0.003002823894158402
2020-12-30,10884299.5,-619112.3049999997,-0.053819885395296405,-38150.0,-0.0034928062610863897
2020-12-31,10971499.5,-531912.3049999997,-0.046239525630891704,87200.0,0.00801153992500847
2021-01-04,10976949.5,-526462.3049999997,-0.045765753145616414,5450.0,0.0004967415803098785
2021-01-05,10922449.5,-580962.3049999997,-0.050503477998369344,-54500.0,-0.004964949506235716
2021-01-06,10889749.5,-613662.3049999997,-0.05334611291002111,-32700.0,-0.002993833938074064
2021-01-07,10895199.5,-608212.3049999997,-0.05287234042474581,5450.0,0.0005004706490263633
2021-01-08,10878849.5,-624562.3049999997,-0.054293657880571694,-16350.0,-0.001500660910339402
2021-01-11,10862499.5,-640912.3049999997,-0.055714975336397576,-16350.0,-0.0015029162780494376
2021-01-12,10878849.5,-624562.3049999997,-0.054293657880571694,16350.0,0.0015051784352211328
2021-01-13,10889749.5,-613662.3049999997,-0.05334611291002111,10900.0,0.0010019441853663658
2021-01-14,10955149.5,-548262.3049999997,-0.047660843086717586,65400.0,0.006005647788316804
2021-01-15,10982399.5,-521012.3049999997,-0.04529198066034112,27250.0,0.002487414708489455
2021-01-18,11047799.5,-455612.3049999997,-0.039606710837037595,65400.0,0.005954982788597407
2021-01-19,10966049.5,-537362.3049999997,-0.046713298116167,-81750.0,-0.007399663616270424
2021-01-20,11009649.5,-493762.3049999997,-0.04292311823396465,43600.0,0.003975907641124543
2021-01-21,11025999.5,-477412.3049999997,-0.04150180077813877,16350.0,0.0014850609004402049
2021-01-22,10998749.5,-504662.3049999997,-0.043870663204515235,-27250.0,-0.0024714312747792233
2021-01-25,11020549.5,-482862.3049999997,-0.041975573263414064,21800.0,0.00198204350412734
2021-01-26,10982399.5,-521012.3049999997,-0.04529198066034112,-38150.0,-0.003461714862766141
2021-01-27,11058699.5,-444712.3049999997,-0.03865916586648701,76300.0,0.006947479920030197
2021-01-28,11015099.5,-488312.3049999997,-0.04244934574868936,-43600.0,-0.003942597409397064
2021-01-29,11004199.5,-499212.3049999997,-0.043396890719239946,-10900.0,-0.0009895507525828906
2021-02-01,11036899.5,-466512.3049999997,-0.04055425580758818,32700.0,0.002971592799639877
2021-02-02,11075049.5,-428362.3049999997,-0.03723784841066113,38150.0,0.0034565866981031146
2021-02-03,11178599.5,-324812.3049999997,-0.02823617119043055,103550.0,0.00934984534380634
2021-02-04,11293049.5,-210362.3049999997,-0.01828694899964939,114450.0,0.010238312947878692
2021-02-05,11331199.5,-172212.3049999997,-0.014970541602722333,38150.0,0.0033781840768518645
2021-02-08,11402049.5,-101362.3049999997,-0.008811499294143517,70850.0,0.006252647833091318
2021-02-09,11418399.5,-85012.3049999997,-0.007390181838317637,16350.0,0.001433952729287924
2021-02-10,11505599.5,0.0,0.0,87200.0,0.0076367970835142795
2021-02-18,11636399.5,0.0,0.0,130800.0,0.011368377632126059
2021-02-19,11352999.5,-283400.0,-0.024354612438323382,-283400.0,-0.024354612438323375
2021-02-22,11489249.5,-147150.0,-0.012645664150667911,136250.0,0.012001233682781276
2021-02-23,11412949.5,-223450.0,-0.019202675191754975,-76300.0,-0.006640990780120148
2021-02-24,11489249.5,-147150.0,-0.012645664150667911,76300.0,0.006685388382731361
2021-02-25,11560099.5,-76300.0,-0.006557011041087065,70850.0,0.006166634295825757
2021-02-26,11609149.5,-27250.0,-0.0023417896575310946,49050.0,0.004243043063772989
2021-03-01,11516499.5,-119900.0,-0.010303874493136815,-92650.0,-0.007980774129922263
2021-03-02,11587349.5,-49050.0,-0.00421522138355597,70850.0,0.006152042988409878
2021-03-03,11581899.5,-54500.0,-0.004683579315062189,-5450.0,-0.00047034052092753686
2021-03-04,11625499.5,-10900.0,-0.0009367158630124378,43600.0,0.0037644947618480362
2021-03-05,11505599.5,-130800.0,-0.011240590356149254,-119900.0,-0.010313535345298441
2021-03-08,11598249.5,-38150.0,-0.0032785055205435325,92650.0,0.00805260082275594
2021-03-09,11418399.5,-218000.0,-0.018734317260248757,-179850.0,-0.01550665037857657
2021-03-10,11554649.5,-81750.0,-0.007025368972593283,136250.0,0.01193249544299091
2021-03-11,11652749.5,0.0,0.0,98100.0,0.008490088773354776
2021-03-12,11663649.5,0.0,0.0,10900.0,0.0009354015548004302
2021-03-15,11641849.5,-21800.0,-0.0018690547928416402,-21800.0,-0.0018690547928416068
2021-03-16,11772649.5,0.0,0.0,130800.0,0.011235328201073314
2021-03-17,11827149.5,0.0,0.0,54500.0,0.004629374211811976
2021-03-18,11925249.5,0.0,0.0,98100.0,0.008294475350971053
2021-03-19,11990649.5,0.0,0.0,65400.0,0.0054841619875543035
2021-03-22,11827149.5,-163500.0,-0.01363562499262446,-163500.0,-0.013635624992624495
2021-03-23,11979749.5,-10900.0,-0.0009090416661749641,152600.0,0.01290251721262159
2021-03-24,12023349.5,0.0,0.0,43600.0,0.003639475099208145
2021-03-25,11952499.5,-70850.0,-0.005892700698752872,-70850.0,-0.005892700698752917
2021-03-26,11881649.5,-141700.0,-0.011785401397505745,-70850.0,-0.005927630450852539
2021-03-29,11788999.5,-234350.0,-0.019491240772797964,-92650.0,-0.007797738857723391
2021-03-30,11614599.5,-408750.0,-0.033996350185112725,-174400.0,-0.014793452150031916
2021-03-31,11799899.5,-223450.0,-0.01858467143452829,185300.0,0.015954058510583957
2021-04-01,11581899.5,-441450.0,-0.03671605819992174,-218000.0,-0.01847473361955332
2021-04-02,11563279.030000001,-460070.4699999988,-0.03826475060048773,-18620.47,-0.0016077216004161121
2021-04-06,11563279.030000001,-460070.4699999988,-0.03826475060048773,0.0,0.0
2021-04-07,11563279.030000001,-460070.4699999988,-0.03826475060048773,0.0,0.0
2021-04-08,11563279.030000001,-460070.4699999988,-0.03826475060048773,0.0,0.0
2021-04-09,11563279.030000001,-460070.4699999988,-0.03826475060048773,0.0,0.0
2021-04-12,11563279.030000001,-460070.4699999988,-0.03826475060048773,0.0,0.0
2021-04-13,11563279.030000001,-460070.4699999988,-0.03826475060048773,0.0,0.0
2021-04-14,11563279.030000001,-460070.4699999988,-0.03826475060048773,0.0,0.0
2021-04-15,11563279.030000001,-460070.4699999988,-0.03826475060048773,0.0,0.0
2021-04-16,11563279.030000001,-460070.4699999988,-0.03826475060048773,0.0,0.0
2021-04-19,11563279.030000001,-460070.4699999988,-0.03826475060048773,0.0,0.0
2021-04-20,11563279.030000001,-460070.4699999988,-0.03826475060048773,0.0,0.0
2021-04-21,11563279.030000001,-460070.4699999988,-0.03826475060048773,0.0,0.0
2021-04-22,11563279.030000001,-460070.4699999988,-0.03826475060048773,0.0,0.0
2021-04-23,11563279.030000001,-460070.4699999988,-0.03826475060048773,0.0,0.0
2021-04-26,11563279.030000001,-460070.4699999988,-0.03826475060048773,0.0,0.0
2021-04-27,11563279.030000001,-460070.4699999988,-0.03826475060048773,0.0,0.0
2021-04-28,11563279.030000001,-460070.4699999988,-0.03826475060048773,0.0,0.0
2021-04-29,11563279.030000001,-460070.4699999988,-0.03826475060048773,0.0,0.0
2021-04-30,11563279.030000001,-460070.4699999988,-0.03826475060048773,0.0,0.0
2021-05-06,11563279.030000001,-460070.4699999988,-0.03826475060048773,0.0,0.0
2021-05-07,11563279.030000001,-460070.4699999988,-0.03826475060048773,0.0,0.0
2021-05-10,11563279.030000001,-460070.4699999988,-0.03826475060048773,0.0,0.0
2021-05-11,11563279.030000001,-460070.4699999988,-0.03826475060048773,0.0,0.0
2021-05-12,11563279.030000001,-460070.4699999988,-0.03826475060048773,0.0,0.0
2021-05-13,11563279.030000001,-460070.4699999988,-0.03826475060048773,0.0,0.0
2021-05-14,11563279.030000001,-460070.4699999988,-0.03826475060048773,0.0,0.0
2021-05-17,11563279.030000001,-460070.4699999988,-0.03826475060048773,0.0,0.0
2021-05-18,11563279.030000001,-460070.4699999988,-0.03826475060048773,0.0,0.0
2021-05-19,11563279.030000001,-460070.4699999988,-0.03826475060048773,0.0,0.0
2021-05-20,11563279.030000001,-460070.4699999988,-0.03826475060048773,0.0,0.0
2021-05-21,11563279.030000001,-460070.4699999988,-0.03826475060048773,0.0,0.0
2021-05-24,11563279.030000001,-460070.4699999988,-0.03826475060048773,0.0,0.0
2021-05-25,11563279.030000001,-460070.4699999988,-0.03826475060048773,0.0,0.0
2021-05-26,11563279.030000001,-460070.4699999988,-0.03826475060048773,0.0,0.0
2021-05-27,11563279.030000001,-460070.4699999988,-0.03826475060048773,0.0,0.0
2021-05-28,11563279.030000001,-460070.4699999988,-0.03826475060048773,0.0,0.0
2021-05-31,11563279.030000001,-460070.4699999988,-0.03826475060048773,0.0,0.0
2021-06-01,11563279.030000001,-460070.4699999988,-0.03826475060048773,0.0,0.0
2021-06-02,11563279.030000001,-460070.4699999988,-0.03826475060048773,0.0,0.0
2021-06-03,11563279.030000001,-460070.4699999988,-0.03826475060048773,0.0,0.0
2021-06-04,11563279.030000001,-460070.4699999988,-0.03826475060048773,0.0,0.0
2021-06-07,11563279.030000001,-460070.4699999988,-0.03826475060048773,0.0,0.0
2021-06-08,11563279.030000001,-460070.4699999988,-0.03826475060048773,0.0,0.0
2021-06-09,11563279.030000001,-460070.4699999988,-0.03826475060048773,0.0,0.0
2021-06-10,11563279.030000001,-460070.4699999988,-0.03826475060048773,0.0,0.0
2021-06-11,11563279.030000001,-460070.4699999988,-0.03826475060048773,0.0,0.0
2021-06-15,11563279.030000001,-460070.4699999988,-0.03826475060048773,0.0,0.0
2021-06-16,11563279.030000001,-460070.4699999988,-0.03826475060048773,0.0,0.0
2021-06-17,11563279.030000001,-460070.4699999988,-0.03826475060048773,0.0,0.0
2021-06-18,11563279.030000001,-460070.4699999988,-0.03826475060048773,0.0,0.0
2021-06-21,11563279.030000001,-460070.4699999988,-0.03826475060048773,0.0,0.0
2021-06-22,11563279.030000001,-460070.4699999988,-0.03826475060048773,0.0,0.0
2021-06-23,11563279.030000001,-460070.4699999988,-0.03826475060048773,0.0,0.0
2021-06-24,11563279.030000001,-460070.4699999988,-0.03826475060048773,0.0,0.0
2021-06-25,11563279.030000001,-460070.4699999988,-0.03826475060048773,0.0,0.0
2021-06-28,11563279.030000001,-460070.4699999988,-0.03826475060048773,0.0,0.0
2021-06-29,11563279.030000001,-460070.4699999988,-0.03826475060048773,0.0,0.0
2021-06-30,11563279.030000001,-460070.4699999988,-0.03826475060048773,0.0,0.0
2021-07-01,11563279.030000001,-460070.4699999988,-0.03826475060048773,0.0,0.0
2021-07-02,11563279.030000001,-460070.4699999988,-0.03826475060048773,0.0,0.0
2021-07-05,11563279.030000001,-460070.4699999988,-0.03826475060048773,0.0,0.0
2021-07-06,11563279.030000001,-460070.4699999988,-0.03826475060048773,0.0,0.0
2021-07-07,11563279.030000001,-460070.4699999988,-0.03826475060048773,0.0,0.0
2021-07-08,11563279.030000001,-460070.4699999988,-0.03826475060048773,0.0,0.0
2021-07-09,11563279.030000001,-460070.4699999988,-0.03826475060048773,0.0,0.0
2021-07-12,11565637.780000001,-457711.7199999988,-0.03806856982740116,2358.75,0.00020398625631012912
2021-07-13,11625137.780000001,-398211.7199999988,-0.03311986564143368,59500.0,0.0051445498408129176
2021-07-14,11599637.780000001,-423711.7199999988,-0.03524073886399117,-25500.0,-0.002193522389375091
2021-07-15,11535887.780000001,-487461.7199999988,-0.040542921920384896,-63750.0,-0.005495861268178359
2021-07-16,11387137.780000001,-636211.7199999988,-0.0529146823853036,-148750.0,-0.012894542911373597
2021-07-19,11404137.780000001,-619211.7199999988,-0.0515007669035986,17000.0,0.0014929124709335273
2021-07-20,11476387.780000001,-546961.7199999988,-0.04549162610635238,72250.0,0.006335419774277762
2021-07-21,11391387.780000001,-631961.7199999988,-0.05256120351487735,-85000.0,-0.007406511668081706
2021-07-22,11370137.780000001,-653211.7199999988,-0.05432859786700859,-21250.0,-0.0018654443523824504
2021-07-23,11314887.780000001,-708461.7199999988,-0.05892382318254982,-55250.0,-0.004859219920552271
2021-07-26,11450887.780000001,-572461.7199999988,-0.04761249932890987,136000.0,0.012019562424683716
2021-07-27,11459387.780000001,-563961.7199999988,-0.04690554158805737,8500.0,0.0007423005240558833
2021-07-28,11569887.780000001,-453461.7199999988,-0.03771509095697491,110500.0,0.009642748995094985
2021-07-29,11603887.780000001,-419461.7199999988,-0.03488725999356492,34000.0,0.002938662902052691
2021-07-30,11357387.780000001,-665961.7199999988,-0.05538903447828734,-246500.0,-0.021242880375390905
2021-08-02,11353137.780000001,-670211.7199999988,-0.055742513348713586,-4250.0,-0.0003742057665305776
2021-08-03,11455137.780000001,-568211.7199999988,-0.04725902045848362,102000.0,0.008984300373742204
2021-08-04,11535887.780000001,-487461.7199999988,-0.040542921920384896,80750.0,0.007049238651758882
2021-08-05,11472137.780000001,-551211.7199999988,-0.04584510497677863,-63750.0,-0.005526232676302922
2021-08-06,11406780.43,-616569.0700000003,-0.05128097374196768,-65357.35,-0.0056970506503105645
2021-08-09,11406780.43,-616569.0700000003,-0.05128097374196768,0.0,0.0
2021-08-10,11406780.43,-616569.0700000003,-0.05128097374196768,0.0,0.0
2021-08-11,11406780.43,-616569.0700000003,-0.05128097374196768,0.0,0.0
2021-08-12,11406780.43,-616569.0700000003,-0.05128097374196768,0.0,0.0
2021-08-13,11406780.43,-616569.0700000003,-0.05128097374196768,0.0,0.0
2021-08-16,11406780.43,-616569.0700000003,-0.05128097374196768,0.0,0.0
2021-08-17,11406780.43,-616569.0700000003,-0.05128097374196768,0.0,0.0
2021-08-18,11406780.43,-616569.0700000003,-0.05128097374196768,0.0,0.0
2021-08-19,11406780.43,-616569.0700000003,-0.05128097374196768,0.0,0.0
2021-08-20,11406780.43,-616569.0700000003,-0.05128097374196768,0.0,0.0
2021-08-23,11406780.43,-616569.0700000003,-0.05128097374196768,0.0,0.0
2021-08-24,11406780.43,-616569.0700000003,-0.05128097374196768,0.0,0.0
2021-08-25,11406780.43,-616569.0700000003,-0.05128097374196768,0.0,0.0
2021-08-26,11406780.43,-616569.0700000003,-0.05128097374196768,0.0,0.0
2021-08-27,11406780.43,-616569.0700000003,-0.05128097374196768,0.0,0.0
2021-08-30,11406780.43,-616569.0700000003,-0.05128097374196768,0.0,0.0
2021-08-31,11406780.43,-616569.0700000003,-0.05128097374196768,0.0,0.0
2021-09-01,11406780.43,-616569.0700000003,-0.05128097374196768,0.0,0.0
2021-09-02,11406780.43,-616569.0700000003,-0.05128097374196768,0.0,0.0
2021-09-03,11527417.36,-495932.1400000006,-0.04124741944829938,120636.93,0.01057589656786262
2021-09-06,11450017.36,-573332.1400000006,-0.04768489346500329,-77400.0,-0.006714426795075279
2021-09-07,11520967.36,-502382.1400000006,-0.04178387561635804,70950.0,0.00619649715535453
2021-09-08,11469367.36,-553982.1400000006,-0.04607552496082731,-51600.0,-0.004478790572669422
2021-09-09,11462917.36,-560432.1400000006,-0.046611981128885975,-6450.0,-0.0005623675480562751
2021-09-10,11424217.36,-599132.1400000006,-0.04983071813723793,-38700.0,-0.0033761038996097392
2021-09-13,11262967.36,-760382.1400000006,-0.06324212233870442,-161250.0,-0.014114752452504153
2021-09-14,11282317.36,-741032.1400000006,-0.06163275383452844,19350.0,0.001718019717318997
2021-09-15,11333917.36,-689432.1400000006,-0.057341104490059164,51600.0,0.00457352850070869
2021-09-16,11262967.36,-760382.1400000006,-0.06324212233870442,-70950.0,-0.006259971530267139
2021-09-17,11211367.36,-811982.1400000006,-0.06753377168317369,-51600.0,-0.004581385912850622
2021-09-22,11192017.36,-831332.1400000006,-0.06914314018734967,-19350.0,-0.001725926854295845
2021-09-23,11185567.36,-837782.1400000006,-0.06967959635540834,-6450.0,-0.0005763036093074936
2021-09-24,11192017.36,-831332.1400000006,-0.06914314018734967,6450.0,0.0005766359266732302
2021-09-27,11211367.36,-811982.1400000006,-0.06753377168317369,19350.0,0.0017289108279223697
2021-09-28,11121067.36,-902282.1400000006,-0.07504415803599493,-90300.0,-0.00805432532004735
2021-09-29,11082367.36,-940982.1400000006,-0.07826289504434689,-38700.0,-0.0034798818087546923
2021-09-30,11159767.36,-863582.1400000006,-0.07182542102764297,77400.0,0.006984067346419431
2021-10-08,11250067.36,-773282.1400000006,-0.06431503467482173,90300.0,0.008091566525272098
2021-10-11,11204917.36,-818432.1400000006,-0.06807022785123236,-45150.0,-0.00401330930342092
2021-10-12,11140417.36,-882932.1400000006,-0.07343478953181895,-64500.0,-0.00575640122347143
2021-10-13,11217817.36,-805532.1400000006,-0.06699731551511504,77400.0,0.006947675073458726
2021-10-14,11179117.36,-844232.1400000006,-0.07021605252346699,-38700.0,-0.0034498689680930728
2021-10-15,11121067.36,-902282.1400000006,-0.07504415803599493,-58050.0,-0.0051927176476121994
2021-10-18,11185567.36,-837782.1400000006,-0.06967959635540834,64500.0,0.005799803014591154
2021-10-19,11146867.36,-876482.1400000006,-0.0728983333637603,-38700.0,-0.003459815560039714
2021-10-20,11127517.36,-895832.1400000006,-0.07450770186793627,-19350.0,-0.0017359137213237563
2021-10-21,11114617.36,-908732.1400000006,-0.07558061420405358,-12900.0,-0.0011592882385761394
2021-10-22,11146867.36,-876482.1400000006,-0.0728983333637603,32250.0,0.0029015843690727294
2021-10-25,11153317.36,-870032.1400000006,-0.07236187719570163,6450.0,0.0005786379071079928
2021-10-26,11192017.36,-831332.1400000006,-0.06914314018734967,38700.0,0.0034698196734537223
2021-10-27,11101717.36,-921632.1400000006,-0.07665352654017091,-90300.0,-0.008068250530304799
2021-10-28,11063017.36,-960332.1400000006,-0.07987226354852286,-38700.0,-0.0034859471507928674
2021-10-29,10934017.36,-1089332.1400000006,-0.09060138690969606,-129000.0,-0.011660471623810231
2021-11-01,10888867.36,-1134482.1400000006,-0.09435658008610667,-45150.0,-0.0041293148266960955
2021-11-02,10914667.36,-1108682.1400000006,-0.09221075541387204,25800.0,0.0023693924397294452
2021-11-03,10921117.36,-1102232.1400000006,-0.09167429924581337,6450.0,0.0005909479223926706
2021-11-04,10934017.36,-1089332.1400000006,-0.09060138690969606,12900.0,0.0011811978183888794
2021-11-05,10901767.36,-1121582.1400000006,-0.09328366774998935,-32250.0,-0.0029495105904971952
2021-11-08,10888867.36,-1134482.1400000006,-0.09435658008610667,-12900.0,-0.0011832943754910286
2021-11-09,10927567.36,-1095782.1400000006,-0.09113784307775472,38700.0,0.003554088659594168
2021-11-10,10927567.36,-1095782.1400000006,-0.09113784307775472,0.0,0.0
2021-11-11,10921117.36,-1102232.1400000006,-0.09167429924581337,-6450.0,-0.0005902503080063015
2021-11-12,10914667.36,-1108682.1400000006,-0.09221075541387204,-6450.0,-0.0005905989091944397
2021-11-15,10863067.36,-1160282.1400000006,-0.0965024047583413,-51600.0,-0.004727583379142031
2021-11-16,10785667.36,-1237682.1400000006,-0.10293987877504522,-77400.0,-0.007125059381018151
2021-11-17,10830817.36,-1192532.1400000006,-0.09918468559863461,45150.0,0.0041861109278638065
2021-11-18,10817917.36,-1205432.1400000006,-0.10025759793475192,-12900.0,-0.0011910458436537041
2021-11-19,10843717.36,-1179632.1400000006,-0.09811177326251729,25800.0,0.0023849322509521542
2021-11-22,10824367.36,-1198982.1400000006,-0.09972114176669326,-19350.0,-0.001784443411571912
2021-11-23,10934017.36,-1089332.1400000006,-0.09060138690969606,109650.0,0.010129922271965519
2021-11-24,10882417.36,-1140932.1400000006,-0.09489303625416533,-51600.0,-0.00471921694479549
2021-11-25,10888867.36,-1134482.1400000006,-0.09435658008610667,6450.0,0.0005926991941798132
2021-11-26,10817917.36,-1205432.1400000006,-0.10025759793475192,-70950.0,-0.006515829209255752
2021-11-29,10779217.36,-1244132.1400000006,-0.10347633494310388,-38700.0,-0.0035773983764283424
2021-11-30,10805017.36,-1218332.1400000006,-0.10133051027086924,25800.0,0.0023934947351316183
2021-12-01,10727617.36,-1295732.1400000006,-0.10776798428757316,-77400.0,-0.00716333879171116
2021-12-02,10722067.46,-1301282.039999999,-0.10822957778945036,-5549.899999999965,-0.0005173469386308138
2021-12-03,10706367.46,-1316982.039999999,-0.10953537032255438,-15700.0,-0.0014642698396154508
2021-12-06,10729917.46,-1293432.039999999,-0.10757668152289834,23550.0,0.0021996256048548712
2021-12-07,10761317.46,-1262032.039999999,-0.1049650964566903,31400.0,0.002926397161679528
2021-12-08,10839817.46,-1183532.039999999,-0.09843613379117018,78500.0,0.007294645873220151
2021-12-09,10871217.46,-1152132.039999999,-0.09582454872496213,31400.0,0.002896727746188432
2021-12-10,10855517.46,-1167832.039999999,-0.09713034125806616,-15700.0,-0.001444180475440482
2021-12-13,10871217.46,-1152132.039999999,-0.09582454872496213,15700.0,0.0014462691491079482
2021-12-14,10910467.46,-1112882.039999999,-0.09256006739220207,39250.0,0.0036104511886012602
2021-12-15,11036067.46,-987282.0399999991,-0.08211372712736988,125600.0,0.011511880720095125
2021-12-16,11075317.46,-948032.0399999991,-0.07884924579460982,39250.0,0.003556520485422876
2021-12-17,11043917.46,-979432.0399999991,-0.08146083086081787,-31400.0,-0.002835133179107996
2021-12-20,11043917.46,-979432.0399999991,-0.08146083086081787,0.0,0.0
2021-12-21,11059617.46,-963732.0399999991,-0.08015503832771384,15700.0,0.0014215970063942152
2021-12-22,11067467.46,-955882.0399999991,-0.07950214206116184,7850.0,0.00070978946861322
2021-12-23,11169517.46,-853832.0399999991,-0.07101449059598568,102050.0,0.00922071832321425
2021-12-24,11263717.46,-759632.0399999991,-0.06317973539736153,94200.0,0.008433667822924873
2021-12-27,11161667.46,-861682.0399999991,-0.0716673868625377,-102050.0,-0.009060063905402704
2021-12-28,11153817.46,-869532.0399999991,-0.0723202831290897,-7850.0,-0.000703299935079782
2021-12-29,11114567.46,-908782.0399999991,-0.07558476446184977,-39250.0,-0.0035189745699855113
2021-12-30,11091017.46,-932332.0399999991,-0.0775434532615058,-23550.0,-0.0021188408891982258
2021-12-31,11114567.46,-908782.0399999991,-0.07558476446184977,23550.0,0.002123339908618238
2022-01-04,11138117.46,-885232.0399999991,-0.07362607566219373,23550.0,0.0021188408891981148
2022-01-05,11130267.46,-893082.0399999991,-0.07427897192874573,-7850.0,-0.0007047869649599026
2022-01-06,11130267.46,-893082.0399999991,-0.07427897192874573,0.0,0.0
2022-01-07,11083167.46,-940182.0399999991,-0.0781963495280578,-47100.0,-0.004231704239746947
2022-01-10,11051767.46,-971582.0399999991,-0.08080793459426586,-31400.0,-0.0028331251073598906
2022-01-11,11051767.46,-971582.0399999991,-0.08080793459426586,0.0,0.0
2022-01-12,11043917.46,-979432.0399999991,-0.08146083086081787,-7850.0,-0.0007102936275498184
2022-01-13,11012517.46,-1010832.0399999991,-0.08407241592702591,-31400.0,-0.0028431940127883193
2022-01-14,10957567.46,-1065782.039999999,-0.08864268979289,-54950.0,-0.004989776424835779
2022-01-17,11020367.46,-1002982.0399999991,-0.08341951966047391,62800.0,0.005731199030190703
2022-01-18,11028217.46,-995132.0399999991,-0.08276662339392189,7850.0,0.0007123174457197567
2022-01-19,10957567.46,-1065782.039999999,-0.08864268979289,-70650.0,-0.006406293696714971
2022-01-20,10996817.46,-1026532.0399999991,-0.08537820846012995,39250.0,0.003581999393869051
2022-01-21,11028217.46,-995132.0399999991,-0.08276662339392189,31400.0,0.002855371575841259
2022-01-24,10981117.46,-1042232.0399999991,-0.08668400099323396,-47100.0,-0.00427086246447661
2022-01-25,11043917.46,-979432.0399999991,-0.08146083086081787,62800.0,0.00571890795529284
2022-01-26,11091017.46,-932332.0399999991,-0.0775434532615058,47100.0,0.004264791019182423
2022-01-27,11043917.46,-979432.0399999991,-0.08146083086081787,-47100.0,-0.004246679817236587
2022-01-28,11193067.46,-830282.0399999991,-0.06905580179632964,149150.0,0.013505171560744378
2022-02-07,11177367.46,-845982.0399999991,-0.07036159432943366,-15700.0,-0.0014026539245033387
2022-02-08,11138117.46,-885232.0399999991,-0.07362607566219373,-39250.0,-0.0035115603151155694
2022-02-09,11067467.46,-955882.0399999991,-0.07950214206116184,-70650.0,-0.006343082684638901
2022-02-10,11130267.46,-893082.0399999991,-0.07427897192874573,62800.0,0.005674288198901145
2022-02-11,11138117.46,-885232.0399999991,-0.07362607566219373,7850.0,0.000705284039957732
2022-02-14,11067467.46,-955882.0399999991,-0.07950214206116184,-70650.0,-0.006343082684638901
2022-02-15,11028217.46,-995132.0399999991,-0.08276662339392189,-39250.0,-0.0035464301243132157
2022-02-16,11028217.46,-995132.0399999991,-0.08276662339392189,0.0,0.0
2022-02-17,10941867.46,-1081482.039999999,-0.08994848232599402,-86350.0,-0.007829914518207137
2022-02-18,10847667.46,-1175682.039999999,-0.09778323752461816,-94200.0,-0.00860913370997829
2022-02-21,11012517.46,-1010832.0399999991,-0.08407241592702591,164850.0,0.015196815408277553
2022-02-22,10988967.46,-1034382.0399999991,-0.08603110472668195,-23550.0,-0.002138475610643842
2022-02-23,10894767.46,-1128582.039999999,-0.09386585992530609,-94200.0,-0.008572233955818853
2022-02-24,10847667.46,-1175682.039999999,-0.09778323752461816,-47100.0,-0.004323176256209926
2022-02-25,10871217.46,-1152132.039999999,-0.09582454872496213,23550.0,0.002170973629753936
2022-02-28,10886917.46,-1136432.039999999,-0.09451875619185811,15700.0,0.001444180475440593
2022-03-01,10902617.46,-1120732.039999999,-0.09321296365875409,15700.0,0.001442097825916644
2022-03-02,10941867.46,-1081482.039999999,-0.08994848232599402,39250.0,0.0036000529362789635
2022-03-03,10941867.46,-1081482.039999999,-0.08994848232599402,0.0,0.0
2022-03-04,10879067.46,-1144282.039999999,-0.09517165245841012,-62800.0,-0.005739422473318823
2022-03-07,10902617.46,-1120732.039999999,-0.09321296365875409,23550.0,0.0021647075989361664
2022-03-08,10863367.46,-1159982.039999999,-0.09647744499151414,-39250.0,-0.0036000529362790745
2022-03-09,10855517.46,-1167832.039999999,-0.09713034125806616,-7850.0,-0.0007226120288119642
2022-03-10,10894767.46,-1128582.039999999,-0.09386585992530609,39250.0,0.0036156728727696485
2022-03-11,10863367.46,-1159982.039999999,-0.09647744499151414,-31400.0,-0.002882117504139914
2022-03-14,10690667.46,-1332682.039999999,-0.11084116285565841,-172700.0,-0.015897464633862213
2022-03-15,10769167.46,-1254182.039999999,-0.10431220019013829,78500.0,0.007342853034547625
2022-03-16,10761317.46,-1262032.039999999,-0.1049650964566903,-7850.0,-0.0007289328566165709
2022-03-17,10698517.46,-1324832.039999999,-0.1101882665891064,-62800.0,-0.005835716698576077
2022-03-18,10706367.46,-1316982.039999999,-0.10953537032255438,7850.0,0.0007337465241656904
2022-03-21,10690667.46,-1332682.039999999,-0.11084116285565841,-15700.0,-0.0014664170699031365
2022-03-22,10635717.46,-1387632.039999999,-0.11541143672152249,-54950.0,-0.0051399971241833375
2022-03-23,10643567.46,-1379782.039999999,-0.11475854045497048,7850.0,0.0007380790275337556
2022-03-24,10667117.46,-1356232.039999999,-0.11279985165531445,23550.0,0.0022126040059879948
2022-03-25,10714217.46,-1309132.039999999,-0.10888247405600238,47100.0,0.004415438395294569
2022-03-28,10722067.46,-1301282.039999999,-0.10822957778945036,7850.0,0.0007326713340760627
2022-03-29,10761317.46,-1262032.039999999,-0.1049650964566903,39250.0,0.003660674599038627
2022-03-30,10976790.575,-1046558.9250000007,-0.0870438745043551,215473.11500000005,0.020022930816874007
2022-03-31,11005540.575,-1017808.9250000007,-0.08465269391029519,28750.0,0.0026191626599381124
2022-04-01,11011290.575,-1012058.9250000007,-0.0841744577914832,5750.0,0.0005224641134904395
2022-04-06,10976790.575,-1046558.9250000007,-0.0870438745043551,-34500.0,-0.0031331477236945515
2022-04-07,10942290.575,-1081058.9250000007,-0.089913291217227,-34500.0,-0.003142995191925624
2022-04-08,10953790.575,-1069558.9250000007,-0.08895681897960304,11500.0,0.0010509682521384622
2022-04-11,10936540.575,-1086808.9250000007,-0.09039152733603899,-17250.0,-0.0015747973162248963
2022-04-12,10988290.575,-1035058.9250000007,-0.08608740226673114,51750.0,0.004731843643345224
2022-04-13,10982540.575,-1040808.9250000007,-0.08656563838554313,-5750.0,-0.0005232843053024627
2022-04-14,10994040.575,-1029308.9250000007,-0.08560916614791916,11500.0,0.0010471165502614621
2022-04-15,10965290.575,-1058058.9250000007,-0.08800034674197907,-28750.0,-0.002615053110262
2022-04-18,10965290.575,-1058058.9250000007,-0.08800034674197907,0.0,0.0
2022-04-19,10948040.575,-1075308.9250000007,-0.08943505509841503,-17250.0,-0.0015731457257802672
2022-04-20,11005540.575,-1017808.9250000007,-0.08465269391029519,57500.0,0.0052520813753011986
2022-04-21,11103290.575,-920058.9250000007,-0.07652267989049148,97750.0,0.008881889929336806
2022-04-22,11247040.575,-776308.9250000007,-0.06456677692019189,143750.0,0.012946612450516648
2022-04-25,11143540.575,-879808.9250000007,-0.07317502705880759,-103500.0,-0.009202420788812726
2022-04-26,11109040.575,-914308.9250000007,-0.07604444377167949,-34500.0,-0.003095963959372061
2022-04-27,11166540.575,-856808.9250000007,-0.07126208258355966,57500.0,0.0051759645319326975
2022-04-28,11166540.575,-856808.9250000007,-0.07126208258355966,0.0,0.0
2022-04-29,11160790.575,-862558.9250000007,-0.07174031870237164,-5750.0,-0.0005149311876296858
2022-05-05,11206790.575,-816558.9250000007,-0.06791442975187578,46000.0,0.004121571826913417
2022-05-06,11224040.575,-799308.9250000007,-0.06647972139543983,17250.0,0.0015392453249265525
2022-05-09,11189540.575,-833808.9250000007,-0.06934913810831173,-34500.0,-0.0030737593800973517
2022-05-10,11218290.575,-805058.9250000007,-0.0669579575142518,28750.0,0.002569363756027121
2022-05-11,11224040.575,-799308.9250000007,-0.06647972139543983,5750.0,0.0005125558088872051
2022-05-12,11160790.575,-862558.9250000007,-0.07174031870237164,-63250.0,-0.005635225530178589
2022-05-13,11178040.575,-845308.9250000007,-0.07030561034593569,17250.0,0.0015455894350924204
2022-05-16,11172290.575,-851058.9250000007,-0.07078384646474768,-5750.0,-0.0005144014249564011
2022-05-17,11149290.575,-874058.9250000007,-0.0726967909399956,-23000.0,-0.002058664679870259
2022-05-18,11120540.575,-902808.9250000007,-0.07508797153405553,-28750.0,-0.0025786394037004
2022-05-19,11120540.575,-902808.9250000007,-0.07508797153405553,0.0,0.0
2022-05-20,11206790.575,-816558.9250000007,-0.06791442975187578,86250.0,0.007755917926678624
2022-05-23,11287290.575,-736058.9250000007,-0.06121912408850801,80500.0,0.007183144849657319
2022-05-24,11310290.575,-713058.9250000007,-0.059306179613260075,23000.0,0.002037690076920784
2022-05-25,11293040.575,-730308.9250000007,-0.060740887969696025,-17250.0,-0.0015251597547926155
2022-05-26,11264290.575,-759058.9250000007,-0.06313206856375594,-28750.0,-0.002545815700303544
2022-05-27,11310290.575,-713058.9250000007,-0.059306179613260075,46000.0,0.004083701471808032
2022-05-30,11367790.575,-655558.9250000007,-0.054523818425140244,57500.0,0.005083865849308644
2022-05-31,11425290.575,-598058.9250000007,-0.04974145723702041,57500.0,0.005058150888744617
2022-06-01,11396540.575,-626808.9250000007,-0.052132637831080325,-28750.0,-0.0025163473796376845
2022-06-02,11396540.575,-626808.9250000007,-0.052132637831080325,0.0,0.0
2022-06-06,11367790.575,-655558.9250000007,-0.054523818425140244,-28750.0,-0.002522695357490057
2022-06-07,11367790.575,-655558.9250000007,-0.054523818425140244,0.0,0.0
2022-06-08,11379290.575,-644058.9250000007,-0.053567346187516275,11500.0,0.0010116301777489678
2022-06-09,11362040.575,-661308.9250000007,-0.055002054543952225,-17250.0,-0.0015159117245759912
2022-06-10,11448290.575,-575058.9250000007,-0.047828512761772475,86250.0,0.00759106600884496
2022-06-13,11557540.575,-465808.92500000075,-0.038742026504344794,109250.0,0.009542909422527446
2022-06-14,11615040.575,-408308.92500000075,-0.03395966531622496,57500.0,0.0049751069119652325
2022-06-15,11488540.575,-534808.9250000007,-0.044480859930088594,-126500.0,-0.010891051062901669
2022-06-16,11511540.575,-511808.92500000075,-0.04256791545484066,23000.0,0.0020019949313709873
2022-06-17,11494290.575,-529058.9250000007,-0.04400262381127661,-17250.0,-0.0014984962166977311
2022-06-20,11321790.575,-701558.9250000007,-0.05834970737563611,-172500.0,-0.015007450775186282
2022-06-21,11327540.575,-695808.9250000007,-0.057871471256824125,5750.0,0.0005078701961416243
2022-06-22,11109040.575,-914308.9250000007,-0.07604444377167949,-218500.0,-0.01928927100753286
2022-06-23,11155040.575,-868308.9250000007,-0.07221855482118363,46000.0,0.004140771625546158
2022-06-24,11143540.575,-879808.9250000007,-0.07317502705880759,-11500.0,-0.0010309240851864576
2022-06-27,11218290.575,-805058.9250000007,-0.0669579575142518,74750.0,0.006707921911972781
2022-06-28,11356290.575,-667058.9250000007,-0.05548029066276421,138000.0,0.012301339413291146
2022-06-29,11367790.575,-655558.9250000007,-0.054523818425140244,11500.0,0.0010126546097117828
2022-06-30,11327540.575,-695808.9250000007,-0.057871471256824125,-40250.0,-0.0035407056221212763
2022-07-01,11241290.575,-782058.9250000007,-0.06504501303900388,-86250.0,-0.0076141859240261844
2022-07-04,11275790.575,-747558.9250000007,-0.062175596326131975,34500.0,0.0030690426308102037
2022-07-05,11310290.575,-713058.9250000007,-0.059306179613260075,34500.0,0.003059652427076065
2022-07-06,11436790.575,-586558.9250000007,-0.048784984999396444,126500.0,0.011184504868479106
2022-07-07,11436790.575,-586558.9250000007,-0.048784984999396444,0.0,0.0
2022-07-08,11482790.575,-540558.9250000007,-0.044959096048900575,46000.0,0.004022107399654029
2022-07-11,11459790.575,-563558.9250000007,-0.04687204052414851,-23000.0,-0.002002997429046083
2022-07-12,11425290.575,-598058.9250000007,-0.04974145723702041,-34500.0,-0.0030105262198476535
2022-07-13,11442540.575,-580808.9250000007,-0.04830674888058446,17250.0,0.0015098084277826995
2022-07-14,11396540.575,-626808.9250000007,-0.052132637831080325,-46000.0,-0.00402008624732364
2022-07-15,11160790.575,-862558.9250000007,-0.07174031870237164,-235750.0,-0.020686101931418732
2022-07-18,11201040.575,-822308.9250000007,-0.06839266587068776,40250.0,0.003606375348549129
2022-07-19,11022790.575,-1000558.9250000007,-0.08321798555385924,-178250.0,-0.015913700053711288
2022-07-20,10988290.575,-1035058.9250000007,-0.08608740226673114,-34500.0,-0.0031298789326766885
2022-07-21,10896290.575,-1127058.9250000007,-0.09373918016772287,-92000.0,-0.008372548884838737
2022-07-22,11068790.575,-954558.9250000007,-0.07939209660336338,172500.0,0.015831075613546686
2022-07-25,11126290.575,-897058.9250000007,-0.07460973541524354,57500.0,0.005194786152144637
2022-07-26,11264290.575,-759058.9250000007,-0.06313206856375594,138000.0,0.01240305554396337
2022-07-27,11339040.575,-684308.9250000007,-0.05691499901920016,74750.0,0.006636014891687969
2022-07-28,11413790.575,-609558.9250000007,-0.050697929474644375,74750.0,0.006592268499753473
2022-07-29,11419540.575,-603808.9250000007,-0.050219693355832394,5750.0,0.0005037765466446853
2022-08-01,11390790.575,-632558.9250000007,-0.05261087394989231,-28750.0,-0.0025176144181264792
2022-08-02,11471290.575,-552058.9250000007,-0.045915568286524544,80500.0,0.007067112635419592
2022-08-03,11425290.575,-598058.9250000007,-0.04974145723702041,-46000.0,-0.004010010878832571
2022-08-04,11431040.575,-592308.9250000007,-0.049263221118208425,5750.0,0.0005032694759274925
2022-08-05,11310290.575,-713058.9250000007,-0.059306179613260075,-120750.0,-0.01056334278648996
2022-08-08,11327540.575,-695808.9250000007,-0.057871471256824125,17250.0,0.0015251597547925044
2022-08-09,11228811.25,-794538.25,-0.06608293720481136,-98729.32500000001,-0.008715865932795275
2022-08-10,11222061.25,-801288.25,-0.06664434482254716,-6750.0,-0.0006011321991007401
2022-08-11,11242311.25,-781038.25,-0.06496012196933974,20250.0,0.0018044813291320239
2022-08-12,11242311.25,-781038.25,-0.06496012196933974,0.0,0.0
2022-08-15,11215311.25,-808038.25,-0.06720575244028297,-27000.0,-0.0024016413884645482
2022-08-16,11228811.25,-794538.25,-0.06608293720481136,13500.0,0.0012037115777772112
2022-08-17,11195061.25,-828288.25,-0.06888997529349039,-33750.0,-0.0030056609955038116
2022-08-18,11201811.25,-821538.25,-0.06832856767575458,6750.0,0.0006029444457036348
2022-08-19,11201811.25,-821538.25,-0.06832856767575458,0.0,0.0
2022-08-22,11242311.25,-781038.25,-0.06496012196933974,40500.0,0.003615486736575857
2022-08-23,11316561.25,-706788.25,-0.05878463817424587,74250.0,0.006604513818277313
2022-08-24,11363811.25,-659538.25,-0.05485478485009523,47250.0,0.004175296625553937
2022-08-25,11357061.25,-666288.25,-0.055416192467831034,-6750.0,-0.0005939908584806641
2022-08-26,11431311.25,-592038.25,-0.04924070867273716,74250.0,0.006537782826521177
2022-08-29,11397561.25,-625788.25,-0.05204774676141619,-33750.0,-0.002952417204106883
2022-08-30,11390811.25,-632538.25,-0.052609154379152,-6750.0,-0.0005922319566389334
2022-08-31,11350311.25,-673038.25,-0.05597760008556684,-40500.0,-0.003555497419027165
2022-09-01,11343561.25,-679788.25,-0.05653900770330265,-6750.0,-0.0005946973480572826
2022-09-02,11390811.25,-632538.25,-0.052609154379152,47250.0,0.004165358564092836
2022-09-05,11390811.25,-632538.25,-0.052609154379152,0.0,0.0
2022-09-06,11404311.25,-619038.25,-0.051486339143680386,13500.0,0.0011851658063424253
2022-09-07,11404311.25,-619038.25,-0.051486339143680386,0.0,0.0
2022-09-08,11451561.25,-571788.25,-0.04755648581952974,47250.0,0.00414316997880948
2022-09-09,11546061.25,-477288.25,-0.03969677917122845,94500.0,0.008252149897901573
2022-09-13,11525811.25,-497538.25,-0.04138100202443587,-20250.0,-0.0017538448447084187
2022-09-14,11492061.25,-531288.25,-0.044188040113114904,-33750.0,-0.002928210367838524
2022-09-15,11532561.25,-490788.25,-0.04081959440670006,40500.0,0.0035241719582725928
2022-09-16,11525811.25,-497538.25,-0.04138100202443587,-6750.0,-0.0005852992976733695
2022-09-19,11458311.25,-565038.25,-0.04699507820179393,-67500.0,-0.005856420735677048
2022-09-20,11471811.25,-551538.25,-0.045872262966322325,13500.0,0.0011781840888638317
2022-09-21,11478561.25,-544788.25,-0.04531085534858652,6750.0,0.0005883988023251963
2022-09-22,11492061.25,-531288.25,-0.044188040113114904,13500.0,0.0011761055855323832
2022-09-23,11485311.25,-538038.25,-0.04474944773085071,-6750.0,-0.0005873619930454321
2022-09-26,11505561.25,-517788.25,-0.04306522487764329,20250.0,0.0017631215697353486
2022-09-27,11505561.25,-517788.25,-0.04306522487764329,0.0,0.0
2022-09-28,11478561.25,-544788.25,-0.04531085534858652,-27000.0,-0.0023466912576732835
2022-09-29,11458311.25,-565038.25,-0.04699507820179393,-20250.0,-0.0017641583782984638
2022-09-30,11471811.25,-551538.25,-0.045872262966322325,13500.0,0.0011781840888638317
2022-10-10,11512311.25,-511038.25,-0.042503817259907484,40500.0,0.0035303928139507335
2022-10-11,11485311.25,-538038.25,-0.04474944773085071,-27000.0,-0.0023453153249309855
2022-10-12,11465061.25,-558288.25,-0.046433670584058125,-20250.0,-0.0017631215697354596
2022-10-13,11444811.25,-578538.25,-0.048117893437265545,-20250.0,-0.0017662356579211114
2022-10-14,11451561.25,-571788.25,-0.04755648581952974,6750.0,0.0005897869219992913
2022-10-17,11424561.25,-598788.25,-0.049802116290472966,-27000.0,-0.002357757113686132
2022-10-18,11465061.25,-558288.25,-0.046433670584058125,40500.0,0.0035449939051270807
2022-10-19,11478561.25,-544788.25,-0.04531085534858652,13500.0,0.0011774904386141483
2022-10-20,11431311.25,-592038.25,-0.04924070867273716,-47250.0,-0.004116369549363119
2022-10-21,11444811.25,-578538.25,-0.048117893437265545,13500.0,0.0011809668816427088
2022-10-24,11465061.25,-558288.25,-0.046433670584058125,20250.0,0.0017693607659978738
2022-10-25,11438061.25,-585288.25,-0.04867930105500135,-27000.0,-0.0023549808772281855
2022-10-26,11431311.25,-592038.25,-0.04924070867273716,-6750.0,-0.0005901349758902219
2022-10-27,11370561.25,-652788.25,-0.05429337723235942,-60750.0,-0.005314350967392301
2022-10-28,11282811.25,-740538.25,-0.0615916762629249,-87750.0,-0.007717297156285885
2022-10-31,11255811.25,-767538.25,-0.06383730673386813,-27000.0,-0.002393020622409203
2022-11-01,11262561.25,-760788.25,-0.06327589911613232,6750.0,0.000599690226681826
2022-11-02,11262561.25,-760788.25,-0.06327589911613232,0.0,0.0
2022-11-03,11316561.25,-706788.25,-0.05878463817424587,54000.0,0.004794646510801526
2022-11-04,11370561.25,-652788.25,-0.05429337723235942,54000.0,0.004771767572061769
2022-11-07,11282811.25,-740538.25,-0.0615916762629249,-87750.0,-0.007717297156285885
2022-11-08,11262561.25,-760788.25,-0.06327589911613232,-20250.0,-0.0017947654668069024
2022-11-09,11222061.25,-801288.25,-0.06664434482254716,-40500.0,-0.0035959848831010888
2022-11-10,11107311.25,-916038.25,-0.07618827432405587,-114750.0,-0.010225394198414284
2022-11-11,11195061.25,-828288.25,-0.06888997529349039,87750.0,0.007900201770252968
2022-11-14,11114061.25,-909288.25,-0.07562686670632006,-81000.0,-0.007235333348444173
2022-11-15,11147811.25,-875538.25,-0.07281982861764104,33750.0,0.0030366937198587074
2022-11-16,11215311.25,-808038.25,-0.06720575244028297,67500.0,0.0060550002584587315
2022-11-17,11208561.25,-814788.25,-0.06776716005801878,-6750.0,-0.0006018557888886056
2022-11-18,11336811.25,-686538.25,-0.057100415321038454,128250.0,0.011442146510998397
2022-11-21,11424561.25,-598788.25,-0.049802116290472966,87750.0,0.007740271762926243
2022-11-22,11397561.25,-625788.25,-0.05204774676141619,-27000.0,-0.0023633292700846464
2022-11-23,11336811.25,-686538.25,-0.057100415321038454,-60750.0,-0.005330087609750733
2022-11-24,11343561.25,-679788.25,-0.05653900770330265,6750.0,0.0005954055202250785
2022-11-25,11370561.25,-652788.25,-0.05429337723235942,27000.0,0.002380204893767335
2022-11-28,11303061.25,-720288.25,-0.05990745340971748,-67500.0,-0.005936382427912279
2022-11-29,11235561.25,-787788.25,-0.06552152958707555,-67500.0,-0.005971833515455827
2022-11-30,11168061.25,-855288.25,-0.07113560576443362,-67500.0,-0.006007710562745627
2022-12-01,11114061.25,-909288.25,-0.07562686670632006,-54000.0,-0.004835217034648731
2022-12-02,11073561.25,-949788.25,-0.0789953124127349,-40500.0,-0.0036440324638304933
2022-12-05,11154561.25,-868788.25,-0.07225842099990523,81000.0,0.0073147200048222505
2022-12-06,11147811.25,-875538.25,-0.07281982861764104,-6750.0,-0.0006051336174248689
2022-12-07,11175722.085,-847627.4149999991,-0.07049844263447545,27910.83500000002,0.0025037053798342424
2022-12-08,11169322.085,-854027.4149999991,-0.07103074022758792,-6400.0,-0.0005726699314212436
2022-12-09,11130922.085,-892427.4149999991,-0.07422452578626274,-38400.0,-0.0034379884211208633
2022-12-12,11086122.085,-937227.4149999991,-0.07795060893805,-44800.0,-0.004024823788891019
2022-12-13,11130922.085,-892427.4149999991,-0.07422452578626274,44800.0,0.004041088457849229
2022-12-14,11143722.085,-879627.4149999991,-0.0731599306000378,12800.0,0.0011499496539688625
2022-12-15,11130922.085,-892427.4149999991,-0.07422452578626274,-12800.0,-0.0011486287886907087
2022-12-16,11137322.085,-886027.4149999991,-0.07369222819315026,6400.0,0.0005749748269843202
2022-12-19,11137322.085,-886027.4149999991,-0.07369222819315026,0.0,0.0
2022-12-20,11150122.085,-873227.4149999991,-0.07262763300692532,12800.0,0.0011492888418158653
2022-12-21,11175722.085,-847627.4149999991,-0.07049844263447545,25600.0,0.0022959389865730984
2022-12-22,11175722.085,-847627.4149999991,-0.07049844263447545,0.0,0.0
2022-12-23,11162922.085,-860427.4149999991,-0.07156303782070039,-12800.0,-0.0011453398628424871
2022-12-26,11156522.085,-866827.4149999991,-0.07209533541381286,-6400.0,-0.000573326585213696
2022-12-27,11137322.085,-886027.4149999991,-0.07369222819315026,-19200.0,-0.0017209664314485895
2022-12-28,11124522.085,-898827.4149999991,-0.0747568233793752,-12800.0,-0.0011492888418158653
2022-12-29,11130922.085,-892427.4149999991,-0.07422452578626274,6400.0,0.0005753056132298262
2022-12-30,11124522.085,-898827.4149999991,-0.0747568233793752,-6400.0,-0.0005749748269844313
2023-01-03,11073322.085,-950027.4149999991,-0.07901520412427494,-51200.0,-0.004602444905838832
2023-01-04,11079722.085,-943627.4149999991,-0.07848290653116248,6400.0,0.0005779656683759793
2023-01-05,11086122.085,-937227.4149999991,-0.07795060893805,6400.0,0.0005776318170167549
2023-01-06,11143722.085,-879627.4149999991,-0.0731599306000378,57600.0,0.005195685160091834
2023-01-09,11105322.085,-918027.4149999991,-0.0763537161587126,-38400.0,-0.003445886366072237
2023-01-10,11130922.085,-892427.4149999991,-0.07422452578626274,25600.0,0.0023052010382100807
2023-01-11,11124522.085,-898827.4149999991,-0.0747568233793752,-6400.0,-0.0005749748269844313
2023-01-12,11143722.085,-879627.4149999991,-0.0731599306000378,19200.0,0.0017259168396894786
2023-01-13,11143722.085,-879627.4149999991,-0.0731599306000378,0.0,0.0
2023-01-16,11162922.085,-860427.4149999991,-0.07156303782070039,19200.0,0.0017229431830361186
2023-01-17,11162922.085,-860427.4149999991,-0.07156303782070039,0.0,0.0
2023-01-18,11130922.085,-892427.4149999991,-0.07422452578626274,-32000.0,-0.002866632926068702
2023-01-19,11130922.085,-892427.4149999991,-0.07422452578626274,0.0,0.0
2023-01-20,11169322.085,-854027.4149999991,-0.07103074022758792,38400.0,0.0034498489619065875
2023-01-30,11246122.085,-777227.4149999991,-0.0646431691102383,76800.0,0.006875976842241727
2023-01-31,11239722.085,-783627.4149999991,-0.06517546670335077,-6400.0,-0.0005690850545305715
2023-02-01,11252522.085,-770827.4149999991,-0.06411087151712583,12800.0,0.0011388181934748332
2023-02-02,11252522.085,-770827.4149999991,-0.06411087151712583,0.0,0.0
2023-02-03,11265322.085,-758027.4149999991,-0.06304627633090089,12800.0,0.0011375227618581896
2023-02-06,11265322.085,-758027.4149999991,-0.06304627633090089,0.0,0.0
2023-02-07,11284522.085,-738827.4149999991,-0.06144938355156349,19200.0,0.001704345411088104
2023-02-08,11284522.085,-738827.4149999991,-0.06144938355156349,0.0,0.0
2023-02-09,11297322.085,-726027.4149999991,-0.06038478836533855,12800.0,0.0011342970401035934
2023-02-10,11303722.085,-719627.4149999991,-0.05985249077222608,6400.0,0.000566505934047612
2023-02-13,11386922.085,-636427.4149999991,-0.052932622061763995,83200.0,0.0073604074281343745
2023-02-14,11406122.085,-617227.4149999991,-0.05133572928242659,19200.0,0.0016861448472798024
2023-02-15,11450922.085,-572427.4149999991,-0.04760964613063931,44800.0,0.00392771528010516
2023-02-16,11521322.085,-502027.4149999991,-0.04175437260640216,70400.0,0.006147976510312514
2023-02-17,11476522.085,-546827.4149999991,-0.04548045575818944,-44800.0,-0.0038884426344028
2023-02-20,11489322.085,-534027.4149999991,-0.044415860571964505,12800.0,0.00111532046949403
2023-02-21,11598122.085,-425227.4149999991,-0.03536680148905254,108800.0,0.009469662282515667
2023-02-22,11610922.085,-412427.4149999991,-0.034302206302827605,12800.0,0.0011036269411712762
2023-02-23,11502122.085,-521227.4149999991,-0.043351265385739565,-108800.0,-0.009370487477524003
2023-02-24,11450922.085,-572427.4149999991,-0.04760964613063931,-51200.0,-0.004451352508835771
2023-02-27,11431722.085,-591627.4149999991,-0.04920653890997672,-19200.0,-0.0016767208664488775
2023-02-28,11463722.085,-559627.4149999991,-0.04654505094441438,32000.0,0.002799228301918699
2023-03-01,11514922.085,-508427.4149999991,-0.042286670199514625,51200.0,0.004466263192736797
2023-03-02,11527722.085,-495627.4149999991,-0.04122207501328969,12800.0,0.0011116010951279787
2023-03-03,11566122.085,-457227.4149999991,-0.03802828945461488,38400.0,0.003331100430497669
2023-03-06,11457322.085,-566027.4149999991,-0.04707734853752684,-108800.0,-0.009406782947683157
2023-03-07,11502122.085,-521227.4149999991,-0.043351265385739565,44800.0,0.0039101632709315215
2023-03-08,11534122.085,-489227.4149999991,-0.04068977742017722,32000.0,0.002782095318022426
2023-03-09,11527722.085,-495627.4149999991,-0.04122207501328969,-6400.0,-0.0005548753474980961
2023-03-10,11495722.085,-527627.4149999991,-0.043883562978852035,-32000.0,-0.002775917025414687
2023-03-13,11470122.085,-553227.4149999991,-0.04601275335130191,-25600.0,-0.0022269153525731333
2023-03-14,11546922.085,-476427.4149999991,-0.03962518223395228,76800.0,0.006695656718461063
2023-03-15,11540522.085,-482827.4149999991,-0.04015747982706475,-6400.0,-0.0005542602567929489
2023-03-16,11630122.085,-393227.4149999991,-0.032705313523490195,89600.0,0.007763946842271441
2023-03-17,11662122.085,-361227.4149999991,-0.030043825557927856,32000.0,0.0027514758457498623
2023-03-20,11655722.085,-367627.4149999991,-0.030576123151040323,-6400.0,-0.0005487851999278481
2023-03-21,11681322.085,-342027.4149999991,-0.02844693277859045,25600.0,0.0021963461219571823
2023-03-22,11751722.085,-271627.4149999991,-0.0225916592543533,70400.0,0.00602671508308128
2023-03-23,11783722.085,-239627.4149999991,-0.019930171288790956,32000.0,0.0027230051705227076
2023-03-24,11770922.085,-252427.4149999991,-0.020994766475015893,-12800.0,-0.0010862442195826993
2023-03-27,11751722.085,-271627.4149999991,-0.0225916592543533,-19200.0,-0.0016311381437540406
2023-03-28,11770922.085,-252427.4149999991,-0.020994766475015893,19200.0,0.0016338031023135358
2023-03-29,11809322.085,-214027.4149999991,-0.017800980916341084,38400.0,0.0032622762875080813
2023-03-30,11822122.085,-201227.4149999991,-0.016736385730116148,12800.0,0.0010838894822131628
2023-03-31,11783722.085,-239627.4149999991,-0.019930171288790956,-38400.0,-0.0032481478133881136
2023-04-03,11854122.085,-169227.4149999991,-0.014074897764553805,70400.0,0.005974343207704624
2023-04-04,11873322.085,-150027.4149999991,-0.012478004985216399,19200.0,0.0016196897469358262
2023-04-06,11854122.085,-169227.4149999991,-0.014074897764553805,-19200.0,-0.0016170705942741836
2023-04-07,11976244.805,-47104.6950000003,-0.003917768089499544,122122.72,0.010302131117287061
2023-04-10,11988844.805,-34504.6950000003,-0.002869807203059372,12600.0,0.0010520827024793622
2023-04-11,12089644.805,0.0,0.0,100800.0,0.008407815902159443
2023-04-12,12032944.805,-56700.0,-0.004689964090305629,-56700.0,-0.004689964090305643
2023-04-13,12083344.805,-6300.0,-0.0005211071211450699,50400.0,0.004188500887917002
2023-04-14,12083344.805,-6300.0,-0.0005211071211450699,0.0,0.0
2023-04-17,12070744.805,-18900.0,-0.0015633213634352098,-12600.0,-0.0010427576307171504
2023-04-18,12089644.805,0.0,0.0,18900.0,0.0015657691638191196
2023-04-19,12039244.805,-50400.0,-0.004168856969160559,-50400.0,-0.004168856969160584
2023-04-20,12001444.805,-88200.0,-0.007295499696030979,-37800.0,-0.0031397318197484703
2023-04-21,11894344.805,-195300.0,-0.016154320755497168,-107100.0,-0.008923925555644807
2023-04-24,11919544.805,-170100.0,-0.014069892270916888,25200.0,0.0021186538992383763
2023-04-25,11900644.805,-189000.0,-0.0156332136343521,-18900.0,-0.0015856310210832225
2023-04-26,11900644.805,-189000.0,-0.0156332136343521,0.0,0.0
2023-04-27,11938444.805,-151200.0,-0.012506570907481678,37800.0,0.0031762984795680183
2023-04-28,11951044.805,-138600.0,-0.011464356665191537,12600.0,0.0010554138504474952
2023-05-04,11900644.805,-189000.0,-0.0156332136343521,-50400.0,-0.004217204505744476
2023-05-05,11888044.805,-201600.0,-0.016675427876642238,-12600.0,-0.001058766159856006
2023-05-08,11963644.805,-126000.0,-0.010422142422901398,75600.0,0.006359330002541963
2023-05-09,11925844.805,-163800.0,-0.013548785149771817,-37800.0,-0.003159572238737973
2023-05-10,11995144.805,-94500.0,-0.00781660681717605,69300.0,0.005810909091400029
2023-05-11,11932144.805,-157500.0,-0.013027678028626748,-63000.0,-0.0052521250075896475
2023-05-12,11932144.805,-157500.0,-0.013027678028626748,0.0,0.0
2023-05-15,11976244.805,-113400.0,-0.009379928180611258,44100.0,0.003695898827972721
2023-05-16,12007744.805,-81900.0,-0.006774392574885909,31500.0,0.0026302067561987386
2023-05-17,12158944.805,0.0,0.0,151200.0,0.012591873199790271
2023-05-18,12158944.805,0.0,0.0,0.0,0.0
2023-05-19,12152644.805,-6300.0,-0.000518137067075863,-6300.0,-0.000518137067075819
2023-05-22,12083344.805,-75600.0,-0.006217644804910355,-69300.0,-0.005702462394974961
2023-05-23,12039244.805,-119700.0,-0.009844604274441397,-44100.0,-0.003649651707509971
2023-05-24,11976244.805,-182700.0,-0.015025974945200025,-63000.0,-0.0052328863662474134
2023-05-25,12007744.805,-151200.0,-0.01243528960982071,31500.0,0.0026302067561987386
2023-05-26,12039244.805,-119700.0,-0.009844604274441397,31500.0,0.002623306916623047
2023-05-29,12089644.805,-69300.0,-0.005699507737834493,50400.0,0.004186309092997886
2023-05-30,12077044.805,-81900.0,-0.006735781871986218,-12600.0,-0.0010422142422901182
2023-05-31,12089644.805,-69300.0,-0.005699507737834493,12600.0,0.0010433015860620287
2023-06-01,12133744.805,-25200.0,-0.002072548268303452,44100.0,0.0036477498480154136
2023-06-02,12108544.805,-50400.0,-0.004145096536606904,-25200.0,-0.002076852645657712
2023-06-05,12133744.805,-25200.0,-0.002072548268303452,25200.0,0.002081174939336572
2023-06-06,12140044.805,-18900.0,-0.0015544112012275887,6300.0,0.0005192131614144557
2023-06-07,12215644.805,0.0,0.0,75600.0,0.006227324628065967
2023-06-08,12284944.805,0.0,0.0,69300.0,0.005673052966605141
2023-06-09,12373144.805,0.0,0.0,88200.0,0.007179519436188553
2023-06-12,12303844.805,-69300.0,-0.0056008396484615456,-69300.0,-0.005600839648461586
2023-06-13,12291244.805,-81900.0,-0.006619174130000008,-12600.0,-0.0010240701341486247
2023-06-14,12316444.805,-56700.0,-0.004582505166923083,25200.0,0.002050239857703362
2023-06-15,12373144.805,0.0,0.0,56700.0,0.004603601193177376
2023-06-16,12366844.805,-6300.0,-0.0005091672407692314,-6300.0,-0.0005091672407692149
2023-06-19,12316444.805,-56700.0,-0.004582505166923083,-50400.0,-0.004075412992942451
2023-06-20,12278644.805,-94500.0,-0.007637508611538471,-37800.0,-0.0030690674621182135
2023-06-21,12253444.805,-119700.0,-0.009674177574615398,-25200.0,-0.0020523437561886793
2023-06-26,12266044.805,-107100.0,-0.008655843093076935,12600.0,0.0010282822667841973
2023-06-27,12272344.805,-100800.0,-0.008146675852307703,6300.0,0.0005136129942580059
2023-06-28,12284944.805,-88200.0,-0.00712834137076924,12600.0,0.001026698662741854
2023-06-29,12272344.805,-100800.0,-0.008146675852307703,-12600.0,-0.0010256456337411901
2023-06-30,12272344.805,-100800.0,-0.008146675852307703,0.0,0.0
2023-07-03,12272344.805,-100800.0,-0.008146675852307703,0.0,0.0
2023-07-04,12272344.805,-100800.0,-0.008146675852307703,0.0,0.0
2023-07-05,12266044.805,-107100.0,-0.008655843093076935,-6300.0,-0.000513349331370927
2023-07-06,12284944.805,-88200.0,-0.00712834137076924,18900.0,0.0015408389827742397
2023-07-07,12278644.805,-94500.0,-0.007637508611538471,-6300.0,-0.0005128228168705951
2023-07-10,12278644.805,-94500.0,-0.007637508611538471,0.0,0.0
2023-07-11,12335344.805,-37800.0,-0.0030550034446153885,56700.0,0.004617773451424556
2023-07-12,12404644.805,0.0,0.0,69300.0,0.0056180026659578
2023-07-13,12429844.805,0.0,0.0,25200.0,0.00203149710420103
2023-07-14,12455044.805,0.0,0.0,25200.0,0.0020273784906681414
2023-07-17,12366844.805,-88200.0,-0.00708146790163233,-88200.0,-0.007081467901632332
2023-07-18,12404644.805,-50400.0,-0.004046553086647046,37800.0,0.003056559744706755
2023-07-19,12347944.805,-107100.0,-0.008598925309124972,-56700.0,-0.004570868484452317
2023-07-20,12329044.805,-126000.0,-0.010116382716617614,-18900.0,-0.001530619086695828
2023-07-21,12322744.805,-132300.0,-0.010622201852448495,-6300.0,-0.0005109884909693108
2023-07-24,12360544.805,-94500.0,-0.00758728703746321,37800.0,0.0030674984021954455
2023-07-25,12429844.805,-25200.0,-0.002023276543323523,69300.0,0.005606548990621185
2023-07-26,12499144.805,0.0,0.0,69300.0,0.005575290849337389
2023-07-27,12511744.805,0.0,0.0,12600.0,0.001008068967643272
2023-07-28,12574744.805,0.0,0.0,63000.0,0.005035268939854287
2023-07-31,12499144.805,-75600.0,-0.006012050436994932,-75600.0,-0.006012050436994931
2023-08-01,12486544.805,-88200.0,-0.007014058843160754,-12600.0,-0.001008068967643272
2023-08-02,12461344.805,-113400.0,-0.009018075655492399,-25200.0,-0.0020181723922465533
2023-08-03,12499144.805,-75600.0,-0.006012050436994932,37800.0,0.003033380473095759
2023-08-04,12543244.805,-31500.0,-0.002505021015414555,44100.0,0.0035282413867514517
2023-08-07,12519902.045,-54842.75999999978,-0.004361341788677339,-23342.760000000002,-0.0018609825737192498
2023-08-08,12499352.045,-75392.75999999978,-0.005995569784447787,-20550.0,-0.0016413866439319857
2023-08-09,12519902.045,-54842.75999999978,-0.004361341788677339,20550.0,0.0016440852234593795
2023-08-10,12506202.045,-68542.75999999978,-0.0054508271191909706,-13700.0,-0.0010942577626212868
2023-08-11,12526752.045,-47992.75999999978,-0.0038165991234205233,20550.0,0.00164318471155811
2023-08-14,12540452.045,-34292.75999999978,-0.0027271137929068914,13700.0,0.0010936593899828484
2023-08-15,12602102.045,0.0,0.0,61650.0,0.004916090726137856
2023-08-16,12602102.045,0.0,0.0,0.0,0.0
2023-08-17,12684302.045,0.0,0.0,82200.0,0.0065227213449372545
2023-08-18,12698002.045,0.0,0.0,13700.0,0.001080075194630048
2023-08-21,12800752.045,0.0,0.0,102750.0,0.008091824181148066
2023-08-22,12944602.045,0.0,0.0,143850.0,0.011237621000258935
2023-08-23,12848702.045,-95900.0,-0.007408493491466002,-95900.0,-0.007408493491465995
2023-08-24,12732252.045,-212350.0,-0.016404521302531862,-116450.0,-0.009063172263794161
2023-08-25,12739102.045,-205500.0,-0.015875343195998575,6850.0,0.0005380038013533817
2023-08-28,12752802.045,-191800.0,-0.014816986982932004,13700.0,0.0010754290178072168
2023-08-29,12704852.045,-239750.0,-0.018521233728665005,-47950.0,-0.0037599579943923267
2023-08-30,12732252.045,-212350.0,-0.016404521302531862,27400.0,0.0021566563626991275
2023-08-31,12800752.045,-143850.0,-0.011112740237199003,68500.0,0.005380038013534261
2023-09-01,12787052.045,-157550.0,-0.012171096450265574,-13700.0,-0.0010702496190723165
2023-09-04,12773352.045,-171250.0,-0.013229452663332147,-13700.0,-0.001071396280533432
2023-09-05,12752802.045,-191800.0,-0.014816986982932004,-20550.0,-0.0016088181025312176
2023-09-06,12725402.045,-219200.0,-0.016933699409065146,-27400.0,-0.0021485474253669645
2023-09-07,12677452.045,-267150.0,-0.020637946154798147,-47950.0,-0.003768053836761931
2023-09-08,12732252.045,-212350.0,-0.016404521302531862,54800.0,0.004322635164028421
2023-09-11,12732252.045,-212350.0,-0.016404521302531862,0.0,0.0
2023-09-12,12773352.045,-171250.0,-0.013229452663332147,41100.0,0.003228022808120512
2023-09-13,12759652.045,-184950.0,-0.014287808876398718,-13700.0,-0.0010725454016874414
2023-09-14,12752802.045,-191800.0,-0.014816986982932004,-6850.0,-0.0005368484952287256
2023-09-15,12766502.045,-178100.0,-0.013758630769865433,13700.0,0.0010742737126834268
2023-09-18,12773352.045,-171250.0,-0.013229452663332147,6850.0,0.0005365604435618732
2023-09-19,12766502.045,-178100.0,-0.013758630769865433,-6850.0,-0.0005362727008437762
2023-09-20,12814452.045,-130150.0,-0.010054384024132432,47950.0,0.0037559231049337782
2023-09-21,12807602.045,-137000.0,-0.010583562130665717,-6850.0,-0.0005345527047075915
2023-09-22,12835002.045,-109600.0,-0.008466849704532573,27400.0,0.002139354416519801
2023-09-25,12835002.045,-109600.0,-0.008466849704532573,0.0,0.0
2023-09-26,12869252.045,-75350.0,-0.005820959171866144,34250.0,0.002668484187218434
2023-09-27,12862402.045,-82200.0,-0.006350137278399431,-6850.0,-0.0005322764661106483
2023-09-28,12862402.045,-82200.0,-0.006350137278399431,0.0,0.0
2023-10-09,12828152.045,-116450.0,-0.00899602781106586,-34250.0,-0.0026627996761549033
2023-10-10,12876102.045,-68500.0,-0.005291781065332859,47950.0,0.0037378727529728817
2023-10-11,12937752.045,-6850.0,-0.0005291781065332858,61650.0,0.004787939687379117
2023-10-12,12965152.045,0.0,0.0,27400.0,0.002117833137062597
2023-10-13,12937752.045,-27400.0,-0.0021133573987330745,-27400.0,-0.0021133573987330845
2023-10-16,12958302.045,-6850.0,-0.0005283393496832686,20550.0,0.0015883748527969477
2023-10-17,12992552.045,0.0,0.0,34250.0,0.002643093198557933
2023-10-18,13033652.045,0.0,0.0,41100.0,0.003163350807266374
2023-10-19,13061052.045,0.0,0.0,27400.0,0.0021022503827321515
2023-10-20,13047352.045,-13700.0,-0.0010489200986871958,-13700.0,-0.0010489200986871783
2023-10-23,13040502.045,-20550.0,-0.0015733801480307937,-6850.0,-0.0005250107436646223
2023-10-24,13019952.045,-41100.0,-0.0031467602960615873,-20550.0,-0.0015758595742009218
2023-10-25,12965152.045,-95900.0,-0.00734244069081037,-54800.0,-0.004208924872426412
2023-10-26,12924052.045,-137000.0,-0.010489200986871958,-41100.0,-0.0031700360980996267
2023-10-27,12862402.045,-198650.0,-0.015209341430964338,-61650.0,-0.004770175776555363
2023-10-30,12835002.045,-226050.0,-0.01730718162833873,-27400.0,-0.002130239740923967
2023-10-31,12807602.045,-253450.0,-0.01940502182571312,-27400.0,-0.0021347873497747916
2023-11-01,12869252.045,-191800.0,-0.01468488138162074,61650.0,0.004813547437169774
2023-11-02,12999402.045,-61650.0,-0.004720140444092381,130150.0,0.01011325285610254
2023-11-03,13006252.045,-54800.0,-0.004195680394748783,6850.0,0.0005269473146753967
2023-11-06,12862402.045,-198650.0,-0.015209341430964338,-143850.0,-0.011060065536351082
2023-11-07,12828152.045,-232900.0,-0.01783164167768233,-34250.0,-0.0026627996761549033
2023-11-08,12903502.045,-157550.0,-0.012062581134902751,75350.0,0.005873800040386179
2023-11-09,12896652.045,-164400.0,-0.01258704118424635,-6850.0,-0.0005308636350125351
2023-11-10,12958302.045,-102750.0,-0.007866900740153969,61650.0,0.0047803104080723635
2023-11-13,12889802.045,-171250.0,-0.013111501233589947,-68500.0,-0.005286186397116088
2023-11-14,12924052.045,-137000.0,-0.010489200986871958,34250.0,0.00265713933235201
2023-11-15,12958302.045,-102750.0,-0.007866900740153969,34250.0,0.0026500976536418808
2023-11-16,12903502.045,-157550.0,-0.012062581134902751,-54800.0,-0.004228949117692782
2023-11-17,12869252.045,-191800.0,-0.01468488138162074,-34250.0,-0.0026543181750625644
2023-11-20,12855552.045,-205500.0,-0.015733801480307938,-13700.0,-0.0010645529322212965
2023-11-21,12876102.045,-184950.0,-0.014160421332277143,20550.0,0.0015985311193222884
2023-11-22,12828152.045,-232900.0,-0.01783164167768233,-47950.0,-0.003723953090183807
2023-11-23,12759652.045,-301400.0,-0.023076242171118307,-68500.0,-0.005339818218532799
2023-11-24,12752802.045,-308250.0,-0.023600702220461903,-6850.0,-0.0005368484952287256
2023-11-27,12759652.045,-301400.0,-0.023076242171118307,6850.0,0.0005371368563418244
2023-11-28,12882952.045,-178100.0,-0.013635961282933545,123300.0,0.009663272914116616
2023-11-29,12855552.045,-205500.0,-0.015733801480307938,-27400.0,-0.002126841728843809
2023-11-30,12930902.045,-130150.0,-0.00996474093752836,75350.0,0.005861280770848465
2023-12-01,12937752.045,-123300.0,-0.009440280888184762,6850.0,0.0005297387588401037
2023-12-04,12972002.045,-89050.0,-0.0068179806414667725,34250.0,0.002647291421328246
2023-12-05,13033652.045,-27400.0,-0.0020978401973743917,61650.0,0.004752543191570258
2023-12-06,12910352.045,-150700.0,-0.011538121085559154,-123300.0,-0.009460126722295015
2023-12-07,12814452.045,-246600.0,-0.018880561776369525,-95900.0,-0.007428147556761688
2023-12-08,12910352.045,-150700.0,-0.011538121085559154,95900.0,0.007483737865905837
2023-12-11,13001686.32,-59365.72499999963,-0.004545248330338433,91334.275,0.0070744991834186255
2023-12-12,12996536.32,-64515.72499999963,-0.004939550411231795,-5150.0,-0.0003961024649609124
2023-12-13,12996536.32,-64515.72499999963,-0.004939550411231795,0.0,0.0
2023-12-14,13001686.32,-59365.72499999963,-0.004545248330338433,5150.0,0.0003962594242956641
2023-12-15,13006836.32,-54215.72499999963,-0.004150946249445071,5150.0,0.00039610246496080137
2023-12-18,13037736.32,-23315.724999999627,-0.0017851337640848997,30900.0,0.0023756737795253002
2023-12-19,13027436.32,-33615.72499999963,-0.0025737379258716237,-10300.0,-0.0007900144432434475
2023-12-20,13037736.32,-23315.724999999627,-0.0017851337640848997,10300.0,0.0007906390595198154
2023-12-21,13048036.32,-13015.724999999627,-0.0009965296022981759,10300.0,0.0007900144432435585
2023-12-22,13053186.32,-7865.7249999996275,-0.0006022275214048141,5150.0,0.0003946954065499053
2023-12-25,13068636.32,0.0,0.0,15450.0,0.0011836190506473443
2023-12-26,13073786.32,0.0,0.0,5150.0,0.0003940732509419842
2023-12-27,13109836.32,0.0,0.0,36050.0,0.0027574261287146573
2023-12-28,13212836.32,0.0,0.0,103000.0,0.007856696108620831
2023-12-29,13187086.32,-25750.0,-0.001948862407462261,-25750.0,-0.0019488624074622818
2024-01-02,13238586.32,0.0,0.0,51500.0,0.0039053357770089114
2024-01-03,13254036.32,0.0,0.0,15450.0,0.0011670430381722774
2024-01-04,13269486.32,0.0,0.0,15450.0,0.0011656826363668493
2024-01-05,13223136.32,-46350.0,-0.0034929762073864514,-46350.0,-0.0034929762073864223
2024-01-08,13217986.32,-51500.0,-0.0038810846748738347,-5150.0,-0.0003894688729942919
2024-01-09,13192236.32,-77250.0,-0.0058216270123107525,-25750.0,-0.0019481030904864305
2024-01-10,13187086.32,-82400.0,-0.006209735479798135,-5150.0,-0.00039038112076517084
2024-01-11,13217986.32,-51500.0,-0.0038810846748738347,30900.0,0.002343201466205258
2024-01-12,13259186.32,-10300.0,-0.0007762169349747669,41200.0,0.003116964944778422
2024-01-15,13192236.32,-77250.0,-0.0058216270123107525,-66950.0,-0.005049329452367135
2024-01-16,13171636.32,-97850.0,-0.0073740608822602865,-20600.0,-0.0015615244830604613
2024-01-17,13171636.32,-97850.0,-0.0073740608822602865,0.0,0.0
2024-01-18,13166486.32,-103000.0,-0.007762169349747669,-5150.0,-0.00039099166382083883
2024-01-19,13171636.32,-97850.0,-0.0073740608822602865,5150.0,0.00039114459809797
2024-01-22,13192236.32,-77250.0,-0.0058216270123107525,20600.0,0.0015639666552833553
2024-01-23,13202536.32,-66950.0,-0.005045410077335985,10300.0,0.0007807622415303417
2024-01-24,13202536.32,-66950.0,-0.005045410077335985,0.0,0.0
2024-01-25,13135586.32,-133900.0,-0.01009082015467197,-66950.0,-0.00507099532826738
2024-01-26,13166486.32,-103000.0,-0.007762169349747669,30900.0,0.0023523883325218264
2024-01-29,13161336.32,-108150.0,-0.008150277817235053,-5150.0,-0.000391144598098081
2024-01-30,13140736.32,-128750.0,-0.009702711687184586,-20600.0,-0.0015651906082436717
2024-01-31,13140736.32,-128750.0,-0.009702711687184586,0.0,0.0
2024-02-01,13089236.32,-180250.0,-0.013583796362058422,-51500.0,-0.003919110675831616
2024-02-02,13094386.32,-175100.0,-0.013195687894571038,5150.0,0.00039345305364624217
2024-02-05,13058336.32,-211150.0,-0.015912447166982722,-36050.0,-0.002753088164577644
2024-02-06,13073786.32,-195700.0,-0.014748121764520573,15450.0,0.0011831522501328795
2024-02-07,13084086.32,-185400.0,-0.013971904829545806,10300.0,0.0007878360367756798
2024-02-08,13109836.32,-159650.0,-0.012031362492108889,25750.0,0.0019680395994208233
2024-02-19,13084086.32,-185400.0,-0.013971904829545806,-25750.0,-0.0019641740271552077
2024-02-20,13058336.32,-211150.0,-0.015912447166982722,-25750.0,-0.0019680395994208233
2024-02-21,13053186.32,-216300.0,-0.016300555634470106,-5150.0,-0.0003943840833776635
2024-02-22,13011986.32,-257500.0,-0.019405423374369173,-41200.0,-0.003156317468392622
2024-02-23,13022286.32,-247200.0,-0.01862920643939441,10300.0,0.0007915778380560567
2024-02-26,13037736.32,-231750.0,-0.017464881036932257,15450.0,0.0011864276072837132
2024-02-27,13084086.32,-185400.0,-0.013971904829545806,46350.0,0.0035550649945956803
2024-02-28,13084086.32,-185400.0,-0.013971904829545806,0.0,0.0
2024-02-29,13104686.32,-164800.0,-0.01241947095959627,20600.0,0.0015744316795367475
2024-03-01,13073786.32,-195700.0,-0.014748121764520573,-30900.0,-0.002357935111567011
2024-03-04,13058336.32,-211150.0,-0.015912447166982722,-15450.0,-0.0011817540551634087
2024-03-05,13017136.32,-252350.0,-0.019017314906881792,-41200.0,-0.003155072667021086
2024-03-06,12919286.32,-350200.0,-0.026391375789142076,-97850.0,-0.007517014310563841
2024-03-07,12908986.32,-360500.0,-0.027167592724116844,-10300.0,-0.0007972576615207227
2024-03-08,12816286.32,-453200.0,-0.03415354513888975,-92700.0,-0.007181044096109979
2024-03-11,12764786.32,-504700.0,-0.038034629813763585,-51500.0,-0.004018324709212595
2024-03-12,12666936.32,-602550.0,-0.045408690696023865,-97850.0,-0.00766561989734893
2024-03-13,12620586.32,-648900.0,-0.04890166690341032,-46350.0,-0.0036591326291597337
2024-03-14,12630886.32,-638600.0,-0.048125449968435555,10300.0,0.0008161269008299943
2024-03-15,12656636.32,-612850.0,-0.04618490763099863,25750.0,0.0020386534521514843
2024-03-18,12661786.32,-607700.0,-0.04579679916351125,5150.0,0.00040690115997588094
2024-03-19,12728736.32,-540750.0,-0.04075138908617527,66950.0,0.0052875635639380025
2024-03-20,12728736.32,-540750.0,-0.04075138908617527,0.0,0.0
2024-03-21,12764786.32,-504700.0,-0.038034629813763585,36050.0,0.002832174309664648
2024-03-22,12754486.32,-515000.0,-0.038810846748738345,-10300.0,-0.0008069073576156827
2024-03-25,12780236.32,-489250.0,-0.03687030441130143,25750.0,0.0020188974572517004
2024-03-26,12847186.32,-422300.0,-0.031824894333965445,66950.0,0.005238557278884448
2024-03-27,12883236.32,-386250.0,-0.029108135061553762,36050.0,0.0028060618957381767
2024-03-28,12795686.32,-473800.0,-0.03570597900883928,-87550.0,-0.006795652724625345
2024-03-29,12633495.64,-635990.6799999997,-0.04792880934972015,-162190.68,-0.01267541857027954
2024-04-01,12718645.64,-550840.6799999997,-0.0415118314843705,85150.0,0.006740018948548032
2024-04-02,12705545.64,-563940.6799999997,-0.04249905884827045,-13100.0,-0.0010299838812082296
2024-04-03,12653145.64,-616340.6799999997,-0.046447968303870234,-52400.0,-0.004124183367224532
2024-04-08,12744845.64,-524640.6799999997,-0.03953737675657061,91700.0,0.0072472097144058445
2024-04-09,12784145.64,-485340.6799999997,-0.03657569466487077,39300.0,0.0030835995280049655
2024-04-10,12771045.64,-498440.6799999997,-0.03756292202877072,-13100.0,-0.0010247067241639929
2024-04-11,12797245.64,-472240.6799999997,-0.03558846730097082,26200.0,0.0020515156502094456
2024-04-12,12849645.64,-419840.6799999997,-0.03163955784537104,52400.0,0.004094631100634238
2024-04-15,12869295.64,-400190.6799999997,-0.03015871679952112,19650.0,0.0015292250502869642
2024-04-16,12816895.64,-452590.6799999997,-0.034107626255120906,-52400.0,-0.004071706911226158
2024-04-17,12895495.64,-373990.6799999997,-0.028184262071721228,78600.0,0.006132530232570321
2024-04-18,12862745.64,-406740.6799999997,-0.030652330481471094,-32750.0,-0.002539646471471313
2024-04-19,12856195.64,-413290.6799999997,-0.031145944163421067,-6550.0,-0.0005092225395199046
2024-04-22,12849645.64,-419840.6799999997,-0.03163955784537104,-6550.0,-0.0005094819792272887
2024-04-23,12790695.64,-478790.6799999997,-0.036082080982920796,-58950.0,-0.004587675150861226
2024-04-24,12856195.64,-413290.6799999997,-0.031145944163421067,65500.0,0.005120909905413029
2024-04-25,12790695.64,-478790.6799999997,-0.036082080982920796,-65500.0,-0.0050948197922725535
2024-04-26,12784145.64,-485340.6799999997,-0.03657569466487077,-6550.0,-0.0005120909905412807
2024-04-29,12731745.64,-537740.6799999997,-0.040524604120470556,-52400.0,-0.004098826896656083
2024-04-30,12698995.64,-570490.6799999997,-0.042992672530220426,-32750.0,-0.002572310264910338
2024-05-06,12725195.64,-544290.6799999997,-0.04101821780242053,26200.0,0.0020631552874523784
2024-05-07,12653145.64,-616340.6799999997,-0.046447968303870234,-72050.0,-0.005661995464613545
2024-05-08,12633495.64,-635990.6799999997,-0.04792880934972015,-19650.0,-0.0015529735102298714
2024-05-09,12640045.64,-629440.6799999997,-0.04743519566777018,6550.0,0.0005184629960421905
2024-05-10,12659695.64,-609790.6799999997,-0.04595435462192026,19650.0,0.0015545829943697242
2024-05-13,12705545.64,-563940.6799999997,-0.04249905884827045,45850.0,0.0036217300402650032
2024-05-14,12666245.64,-603240.6799999997,-0.04546074093997029,-39300.0,-0.003093137525418399
2024-05-15,12646595.64,-622890.6799999997,-0.046941581985820206,-19650.0,-0.0015513673552915996
2024-05-16,12679345.64,-590140.6799999997,-0.04447351357607034,32750.0,0.002589629725838316
2024-05-17,12659695.64,-609790.6799999997,-0.04595435462192026,-19650.0,-0.00154976451923583
2024-05-20,12548345.64,-721140.6799999997,-0.05434578721506981,-111350.0,-0.0087956300977865
2024-05-21,12535245.64,-734240.6799999997,-0.055333014578969754,-13100.0,-0.0010439623178885027
2024-05-22,12463195.64,-806290.6799999997,-0.06076276508041946,-72050.0,-0.005747793227927511
2024-05-23,12495945.64,-773540.6799999997,-0.05829469667066959,32750.0,0.002627736974206707
2024-05-24,12463195.64,-806290.6799999997,-0.06076276508041946,-32750.0,-0.0026208500695750203
2024-05-27,12515595.64,-753890.6799999997,-0.05681385562481967,52400.0,0.004204379158730731
2024-05-28,12515595.64,-753890.6799999997,-0.05681385562481967,0.0,0.0
2024-05-29,12515595.64,-753890.6799999997,-0.05681385562481967,0.0,0.0
2024-05-30,12646595.64,-622890.6799999997,-0.046941581985820206,131000.0,0.010466940908615108
2024-05-31,12620395.64,-649090.6799999997,-0.048916036713620104,-26200.0,-0.002071703780670564
2024-06-03,12600745.64,-668740.6799999997,-0.05039687775947002,-19650.0,-0.0015570034855103554
2024-06-04,12541795.64,-727690.6799999997,-0.05483940089701978,-58950.0,-0.0046782945774945794
2024-06-05,12535245.64,-734240.6799999997,-0.055333014578969754,-6550.0,-0.0005222537655700243
2024-06-06,12548345.64,-721140.6799999997,-0.05434578721506981,13100.0,0.001045053314168598
2024-06-07,12548345.64,-721140.6799999997,-0.05434578721506981,0.0,0.0
2024-06-11,12541795.64,-727690.6799999997,-0.05483940089701978,-6550.0,-0.0005219811589441958
2024-06-12,12548345.64,-721140.6799999997,-0.05434578721506981,6550.0,0.0005222537655700243
2024-06-13,12535245.64,-734240.6799999997,-0.055333014578969754,-13100.0,-0.0010439623178885027
2024-06-14,12567995.64,-701490.6799999997,-0.052864946169219884,32750.0,0.002612633285421495
2024-06-17,12567995.64,-701490.6799999997,-0.052864946169219884,0.0,0.0
2024-06-18,12607295.64,-662190.6799999997,-0.04990326407752005,39300.0,0.0031269902636599234
2024-06-19,12600745.64,-668740.6799999997,-0.05039687775947002,-6550.0,-0.0005195404460269781
2024-06-20,12600745.64,-668740.6799999997,-0.05039687775947002,0.0,0.0
2024-06-21,12561445.64,-708040.6799999997,-0.05335855985116986,-39300.0,-0.003118863051662979
2024-06-24,12581095.64,-688390.6799999997,-0.05187771880531994,19650.0,0.0015643103957261317
2024-06-25,12574545.64,-694940.6799999997,-0.05237133248726991,-6550.0,-0.0005206223835685364
2024-06-26,12581095.64,-688390.6799999997,-0.05187771880531994,6550.0,0.0005208935724216879
2024-06-27,12574545.64,-694940.6799999997,-0.05237133248726991,-6550.0,-0.0005206223835685364
2024-06-28,12581095.64,-688390.6799999997,-0.05187771880531994,6550.0,0.0005208935724216879
2024-07-01,12548345.64,-721140.6799999997,-0.05434578721506981,-32750.0,-0.00260311191784246
2024-07-02,12522145.64,-747340.6799999997,-0.0563202419428697,-26200.0,-0.0020879246357768944
2024-07-03,12495945.64,-773540.6799999997,-0.05829469667066959,-26200.0,-0.0020922931862658034
2024-07-04,12482845.64,-786640.6799999997,-0.059281924034569534,-13100.0,-0.0010483400278300525
2024-07-05,12528695.64,-740790.6799999997,-0.055826628260919726,45850.0,0.0036730406929874615
2024-07-08,12522145.64,-747340.6799999997,-0.0563202419428697,-6550.0,-0.0005227998339338846
2024-07-09,12515595.64,-753890.6799999997,-0.05681385562481967,-6550.0,-0.0005230732965664231
2024-07-10,12528695.64,-740790.6799999997,-0.055826628260919726,13100.0,0.0010466940908615552
2024-07-11,12515595.64,-753890.6799999997,-0.05681385562481967,-13100.0,-0.0010455996678677693
2024-07-12,12515595.64,-753890.6799999997,-0.05681385562481967,0.0,0.0
2024-07-15,12548345.64,-721140.6799999997,-0.05434578721506981,32750.0,0.002616735227153777
2024-07-16,12535245.64,-734240.6799999997,-0.055333014578969754,-13100.0,-0.0010439623178885027
2024-07-17,12594195.64,-675290.6799999997,-0.050890491441419994,58950.0,0.004702739913758913
2024-07-18,12561445.64,-708040.6799999997,-0.05335855985116986,-32750.0,-0.002600404260513778
2024-07-19,12574545.64,-694940.6799999997,-0.05237133248726991,13100.0,0.0010428735971508285
2024-07-22,12587645.64,-681840.6799999997,-0.051384105123369966,13100.0,0.0010417871448435978
2024-07-23,12548345.64,-721140.6799999997,-0.05434578721506981,-39300.0,-0.0031221088616536496
2024-07-24,12548345.64,-721140.6799999997,-0.05434578721506981,0.0,0.0
2024-07-25,12515595.64,-753890.6799999997,-0.05681385562481967,-32750.0,-0.002609905794721201
2024-07-26,12482845.64,-786640.6799999997,-0.059281924034569534,-32750.0,-0.002616735227153777
2024-07-29,12528695.64,-740790.6799999997,-0.055826628260919726,45850.0,0.0036730406929874615
2024-07-30,12541795.64,-727690.6799999997,-0.05483940089701978,13100.0,0.0010455996678677693
2024-07-31,12548345.64,-721140.6799999997,-0.05434578721506981,6550.0,0.0005222537655700243
2024-08-01,12517751.64,-751734.6799999997,-0.05665137759454728,-30594.0,-0.002438090317059549
2024-08-02,12564301.64,-705184.6799999997,-0.05314332921366618,46550.0,0.003718718931221776
2024-08-05,12564301.64,-705184.6799999997,-0.05314332921366618,0.0,0.0
2024-08-06,12544351.64,-725134.6799999997,-0.05464677851975808,-19950.0,-0.0015878319839509603
2024-08-07,12531051.64,-738434.6799999997,-0.05564907805715268,-13300.0,-0.0010602381359902102
2024-08-08,12511101.64,-758384.6799999997,-0.05715252736324458,-19950.0,-0.0015920451509686684
2024-08-09,12511101.64,-758384.6799999997,-0.05715252736324458,0.0,0.0
2024-08-12,12517751.64,-751734.6799999997,-0.05665137759454728,6650.0,0.0005315279334585643
2024-08-13,12531051.64,-738434.6799999997,-0.05564907805715268,13300.0,0.0010624911232062217
2024-08-14,12504451.64,-765034.6799999997,-0.05765367713194189,-26600.0,-0.0021227268679582245
2024-08-15,12497801.64,-771684.6799999997,-0.05815482690063919,-6650.0,-0.0005318106056508842
2024-08-16,12484501.64,-784984.6799999997,-0.05915712643803379,-13300.0,-0.0010641871573183748
2024-08-19,12464551.64,-804934.6799999997,-0.06066057574412569,-19950.0,-0.0015979812871409482
2024-08-20,12457901.64,-811584.6799999997,-0.06116172551282299,-6650.0,-0.0005335129727939147
2024-08-21,12511101.64,-758384.6799999997,-0.05715252736324458,53200.0,0.004270382086593472
2024-08-22,12511101.64,-758384.6799999997,-0.05715252736324458,0.0,0.0
2024-08-23,12511101.64,-758384.6799999997,-0.05715252736324458,0.0,0.0
2024-08-26,12544351.64,-725134.6799999997,-0.05464677851975808,33250.0,0.0026576396672930436
2024-08-27,12577601.64,-691884.6799999997,-0.05214102967627157,33250.0,0.002650595339975581
2024-08-28,12570951.64,-698534.6799999997,-0.05264217944496888,-6650.0,-0.0005287176514520153
2024-08-29,12577601.64,-691884.6799999997,-0.05214102967627157,6650.0,0.000528997341684212
2024-08-30,12584251.64,-685234.6799999997,-0.05163987990757427,6650.0,0.0005287176514521263
2024-09-02,12551001.64,-718484.6799999997,-0.05414562875106078,-33250.0,-0.002642191284089712
2024-09-03,12551001.64,-718484.6799999997,-0.05414562875106078,0.0,0.0
2024-09-04,12517751.64,-751734.6799999997,-0.05665137759454728,-33250.0,-0.002649190953336489
2024-09-05,12497801.64,-771684.6799999997,-0.05815482690063919,-19950.0,-0.0015937366848093326
2024-09-06,12531051.64,-738434.6799999997,-0.05564907805715268,33250.0,0.0026604678932957704
2024-09-09,12524401.64,-745084.6799999997,-0.05615022782584998,-6650.0,-0.0005306817169895561
2024-09-10,12511101.64,-758384.6799999997,-0.05715252736324458,-13300.0,-0.0010619269792118136
2024-09-11,12517751.64,-751734.6799999997,-0.05665137759454728,6650.0,0.0005315279334585643
2024-09-12,12557651.64,-711834.6799999997,-0.05364447898236348,39900.0,0.0031874733696186652
2024-09-13,12537701.64,-731784.6799999997,-0.05514792828845538,-19950.0,-0.0015886728324627786
2024-09-18,12531051.64,-738434.6799999997,-0.05564907805715268,-6650.0,-0.0005304002432777732
2024-09-19,12544351.64,-725134.6799999997,-0.05464677851975808,13300.0,0.0010613634339791123
2024-09-20,12517751.64,-751734.6799999997,-0.05665137759454728,-26600.0,-0.0021204762719805315
2024-09-23,12484501.64,-784984.6799999997,-0.05915712643803379,-33250.0,-0.0026562278080155544
2024-09-24,12551001.64,-718484.6799999997,-0.05414562875106078,66500.0,0.005326604290469605
2024-09-25,12551001.64,-718484.6799999997,-0.05414562875106078,0.0,0.0
2024-09-26,12537701.64,-731784.6799999997,-0.05514792828845538,-13300.0,-0.00105967638133464
2024-09-27,12551001.64,-718484.6799999997,-0.05414562875106078,13300.0,0.0010608004865555465
2024-09-30,12551001.64,-718484.6799999997,-0.05414562875106078,0.0,0.0
2024-10-08,12564301.64,-705184.6799999997,-0.05314332921366618,13300.0,0.00105967638133464
2024-10-09,12504451.64,-765034.6799999997,-0.05765367713194189,-59850.0,-0.004763495951852992
2024-10-10,12524401.64,-745084.6799999997,-0.05615022782584998,19950.0,0.0015954318169524306
2024-10-11,12511101.64,-758384.6799999997,-0.05715252736324458,-13300.0,-0.0010619269792118136
2024-10-14,12531051.64,-738434.6799999997,-0.05564907805715268,19950.0,0.001594583800375915
2024-10-15,12531051.64,-738434.6799999997,-0.05564907805715268,0.0,0.0
2024-10-16,12511101.64,-758384.6799999997,-0.05715252736324458,-19950.0,-0.0015920451509686684
2024-10-17,12491151.64,-778334.6799999997,-0.05865597666933649,-19950.0,-0.001594583800375915
2024-10-18,12477851.64,-791634.6799999997,-0.05965827620673109,-13300.0,-0.0010647537059280676
2024-10-21,12497801.64,-771684.6799999997,-0.05815482690063919,19950.0,0.0015988329221712227
2024-10-22,12524401.64,-745084.6799999997,-0.05615022782584998,26600.0,0.0021283743146367495
2024-10-23,12497801.64,-771684.6799999997,-0.05815482690063919,-26600.0,-0.002123853958423516
2024-10-24,12497801.64,-771684.6799999997,-0.05815482690063919,0.0,0.0
2024-10-25,12497801.64,-771684.6799999997,-0.05815482690063919,0.0,0.0
2024-10-28,12524401.64,-745084.6799999997,-0.05615022782584998,26600.0,0.0021283743146367495
2024-10-29,12517751.64,-751734.6799999997,-0.05665137759454728,-6650.0,-0.0005309634896059068
2024-10-30,12511101.64,-758384.6799999997,-0.05715252736324458,-6650.0,-0.0005312455616031109
2024-10-31,12491151.64,-778334.6799999997,-0.05865597666933649,-19950.0,-0.001594583800375915
2024-11-01,12484501.64,-784984.6799999997,-0.05915712643803379,-6650.0,-0.0005323768529640338
2024-11-04,12491151.64,-778334.6799999997,-0.05865597666933649,6650.0,0.0005326604290469827
2024-11-05,12491151.64,-778334.6799999997,-0.05865597666933649,0.0,0.0
2024-11-06,12484501.64,-784984.6799999997,-0.05915712643803379,-6650.0,-0.0005323768529640338
2024-11-07,12504451.64,-765034.6799999997,-0.05765367713194189,19950.0,0.0015979812871409482
2024-11-08,12471201.64,-798284.6799999997,-0.06015942597542839,-33250.0,-0.002659053028254199
2024-11-11,12457901.64,-811584.6799999997,-0.06116172551282299,-13300.0,-0.001066456976955732
2024-11-12,12451251.64,-818234.6799999997,-0.06166287528152029,-6650.0,-0.000533797760824184
2024-11-13,12471201.64,-798284.6799999997,-0.06015942597542839,19950.0,0.0016022485591657976
2024-11-14,12451251.64,-818234.6799999997,-0.06166287528152029,-19950.0,-0.0015996854654336534
2024-11-15,12451251.64,-818234.6799999997,-0.06166287528152029,0.0,0.0
2024-11-18,12491151.64,-778334.6799999997,-0.05865597666933649,39900.0,0.003204497118331373
2024-11-19,12544351.64,-725134.6799999997,-0.05464677851975808,53200.0,0.0042590148237124925
2024-11-20,12524401.64,-745084.6799999997,-0.05615022782584998,-19950.0,-0.0015903572039853708
2024-11-21,12484501.64,-784984.6799999997,-0.05915712643803379,-39900.0,-0.0031857809376353297
2024-11-22,12504451.64,-765034.6799999997,-0.05765367713194189,19950.0,0.0015979812871409482
2024-11-25,12544351.64,-725134.6799999997,-0.05464677851975808,39900.0,0.0031908636339050833
2024-11-26,12551001.64,-718484.6799999997,-0.05414562875106078,6650.0,0.0005301190679951606
2024-11-27,12584251.64,-685234.6799999997,-0.05163987990757427,33250.0,0.0026491909533366
2024-11-28,12570951.64,-698534.6799999997,-0.05264217944496888,-13300.0,-0.0010568765136358405
2024-11-29,12597551.64,-671934.6799999997,-0.05063758037017967,26600.0,0.002115989366736626
2024-12-02,12610851.64,-658634.6799999997,-0.04963528083278507,13300.0,0.001055760704942843
2024-12-03,12590901.64,-678584.6799999997,-0.05113873013887697,-19950.0,-0.0015819708747283334
2024-12-04,12617501.64,-651984.6799999997,-0.04913413106408777,26600.0,0.0021126366292540943
2024-12-05,12610851.64,-658634.6799999997,-0.04963528083278507,-6650.0,-0.0005270457012597207
2024-12-06,12624151.64,-645334.6799999997,-0.04863298129539047,13300.0,0.001054647249818963
2024-12-09,12597551.64,-671934.6799999997,-0.05063758037017967,-26600.0,-0.002107072281650746
2024-12-10,12551001.64,-718484.6799999997,-0.05414562875106078,-46550.0,-0.0036951624672998395
2024-12-11,12471201.64,-798284.6799999997,-0.06015942597542839,-79800.0,-0.0063580582880077285
2024-12-12,12395306.855,-874179.4649999999,-0.06587892280972636,-75894.785,-0.00608560323141405
2024-12-13,12382906.855,-886579.4649999999,-0.06681339756639501,-12400.0,-0.0010003786227363864
2024-12-16,12370506.855,-898979.4649999999,-0.06774787232306366,-12400.0,-0.00100138038226405
2024-12-17,12364306.855,-905179.4649999999,-0.06821510970139798,-6200.0,-0.0005011920750437326
2024-12-18,12364306.855,-905179.4649999999,-0.06821510970139798,0.0,0.0
2024-12-19,12345706.855,-923779.4649999999,-0.06961682183640096,-18600.0,-0.0015043301834973821
2024-12-20,12364306.855,-905179.4649999999,-0.06821510970139798,18600.0,0.0015065966022405064
2024-12-23,12370506.855,-898979.4649999999,-0.06774787232306366,6200.0,0.0005014433944992014
2024-12-24,12389106.855,-880379.4649999999,-0.06634616018806068,18600.0,0.001503576225131198
2024-12-25,12389106.855,-880379.4649999999,-0.06634616018806068,0.0,0.0
2024-12-26,12364306.855,-905179.4649999999,-0.06821510970139798,-24800.0,-0.00200175850368034
2024-12-27,12358106.855,-911379.4649999999,-0.06868234707973231,-6200.0,-0.0005014433944990904
2024-12-30,12376706.855,-892779.4649999999,-0.06728063494472933,18600.0,0.001505084898377751
2024-12-31,12364306.855,-905179.4649999999,-0.06821510970139798,-12400.0,-0.0010018820147614793
2025-01-02,12382906.855,-886579.4649999999,-0.06681339756639501,18600.0,0.0015043301834973821
2025-01-03,12376706.855,-892779.4649999999,-0.06728063494472933,-6200.0,-0.0005006901911319694
2025-01-06,12345706.855,-923779.4649999999,-0.06961682183640096,-31000.0,-0.0025047050369038093
2025-01-07,12339506.855,-929979.4649999999,-0.07008405921473529,-6200.0,-0.0005021988674135391
2025-01-08,12333306.855,-936179.4649999999,-0.0705512965930696,-6200.0,-0.0005024511978359847
2025-01-09,12333306.855,-936179.4649999999,-0.0705512965930696,0.0,0.0
2025-01-10,12345706.855,-923779.4649999999,-0.06961682183640096,12400.0,0.0010054075639067683
2025-01-13,12351906.855,-917579.4649999999,-0.06914958445806664,6200.0,0.0005021988674134281
2025-01-14,12364306.855,-905179.4649999999,-0.06821510970139798,12400.0,0.0010038935806078175
2025-01-15,12345706.855,-923779.4649999999,-0.06961682183640096,-18600.0,-0.0015043301834973821
2025-01-16,12345706.855,-923779.4649999999,-0.06961682183640096,0.0,0.0
2025-01-17,12370506.855,-898979.4649999999,-0.06774787232306366,24800.0,0.0020087954696539345
2025-01-20,12401506.855,-867979.4649999999,-0.06541168543139203,31000.0,0.002505960375218663
2025-01-21,12420106.855,-849379.4649999999,-0.06400997329638905,18600.0,0.001499817741301479
2025-01-22,12444906.855,-824579.4649999999,-0.06214102378305175,24800.0,0.001996762209015568
2025-01-23,12500706.855,-768779.4649999999,-0.05793588737804282,55800.0,0.004483761963841593
2025-01-24,12494506.855,-774979.4649999999,-0.05840312475637714,-6200.0,-0.0004959719535795326
2025-01-27,12525506.855,-743979.4649999999,-0.05606693786470551,31000.0,0.0024810903191103684
2025-02-05,12513106.855,-756379.4649999999,-0.05700141262137417,-12400.0,-0.0009899798981028995
2025-02-06,12525506.855,-743979.4649999999,-0.05606693786470551,12400.0,0.0009909609295029043
2025-02-07,12513106.855,-756379.4649999999,-0.05700141262137417,-12400.0,-0.0009899798981028995
2025-02-10,12550306.855,-719179.4649999999,-0.054197988351368215,37200.0,0.002972882788508713
2025-02-11,12581306.855,-688179.4649999999,-0.051861801459696585,31000.0,0.0024700591274906536
2025-02-12,12606106.855,-663379.4649999999,-0.04999285194635928,24800.0,0.00197117837485572
2025-02-13,12599906.855,-669579.4649999999,-0.050460089324693605,-6200.0,-0.0004918251186757372
2025-02-14,12630906.855,-638579.4649999999,-0.048123902433021976,31000.0,0.0024603356482510996
2025-02-17,12544106.855,-725379.4649999999,-0.05466522572970254,-86800.0,-0.006872032309037213
2025-02-18,12581306.855,-688179.4649999999,-0.051861801459696585,37200.0,0.00296553596282334
2025-02-19,12544106.855,-725379.4649999999,-0.05466522572970254,-37200.0,-0.00295676756228358
2025-02-20,12568906.855,-700579.4649999999,-0.052796276216365234,24800.0,0.001977023975215486
2025-02-21,12568906.855,-700579.4649999999,-0.052796276216365234,0.0,0.0
2025-02-24,12537906.855,-731579.4649999999,-0.055132463108036864,-31000.0,-0.0024664038295157953
2025-02-25,12525506.855,-743979.4649999999,-0.05606693786470551,-12400.0,-0.000989000807184559
2025-02-26,12519306.855,-750179.4649999999,-0.05653417524303984,-6200.0,-0.0004949899490513943
2025-02-27,12556506.855,-712979.4649999999,-0.05373075097303388,37200.0,0.0029714105126470436
2025-02-28,12556506.855,-712979.4649999999,-0.05373075097303388,0.0,0.0
2025-03-03,12562706.855,-706779.4649999999,-0.05326351359469956,6200.0,0.0004937678983172322
2025-03-04,12562706.855,-706779.4649999999,-0.05326351359469956,0.0,0.0
2025-03-05,12500706.855,-768779.4649999999,-0.05793588737804282,-62000.0,-0.004935242119044059
2025-03-06,12525506.855,-743979.4649999999,-0.05606693786470551,24800.0,0.0019838878143183525
2025-03-07,12556506.855,-712979.4649999999,-0.05373075097303388,31000.0,0.0024749497452571934
2025-03-10,12531706.855,-737779.4649999999,-0.05559970048637119,-24800.0,-0.001975071593269151
2025-03-11,12575106.855,-694379.4649999999,-0.05232903883803091,43400.0,0.003463215386552365
2025-03-12,12562706.855,-706779.4649999999,-0.05326351359469956,-12400.0,-0.0009860751199159967
2025-03-13,12593706.855,-675779.4649999999,-0.05092732670302793,31000.0,0.0024676210595220294
2025-03-14,12624706.855,-644779.4649999999,-0.0485911398113563,31000.0,0.0024615468945661245
2025-03-17,12581306.855,-688179.4649999999,-0.051861801459696585,-43400.0,-0.0034377035838112358
2025-03-18,12581306.855,-688179.4649999999,-0.051861801459696585,0.0,0.0
2025-03-19,12500706.855,-768779.4649999999,-0.05793588737804282,-80600.0,-0.006406329718281034
2025-03-20,12531706.855,-737779.4649999999,-0.05559970048637119,31000.0,0.002479859767897885
2025-03-21,12537906.855,-731579.4649999999,-0.055132463108036864,6200.0,0.0004947450552217347
2025-03-24,12575106.855,-694379.4649999999,-0.05232903883803091,37200.0,0.0029670024215537882
2025-03-25,12568906.855,-700579.4649999999,-0.052796276216365234,-6200.0,-0.0004930375599579984
2025-03-26,12581306.855,-688179.4649999999,-0.051861801459696585,12400.0,0.0009865615318063181
2025-03-27,12575106.855,-694379.4649999999,-0.05232903883803091,-6200.0,-0.0004927945937138745
2025-03-28,12544106.855,-725379.4649999999,-0.05466522572970254,-31000.0,-0.002465187799789881
2025-03-31,12575106.855,-694379.4649999999,-0.05232903883803091,31000.0,0.002471279969019413
2025-04-01,12618506.855,-650979.4649999999,-0.04905837718969063,43400.0,0.0034512629197058775
2025-04-02,12612306.855,-657179.4649999999,-0.049525614568024956,-6200.0,-0.0004913418101876177
2025-04-03,12624706.855,-644779.4649999999,-0.0485911398113563,12400.0,0.0009831666912769599
2025-04-07,12623483.715,-646002.6050000004,-0.048683316702797616,-1223.1400000000067,-9.688462584112045e-05
2025-04-08,12616783.715,-652702.6050000004,-0.049188234514868576,-6700.0,-0.0005307568141461605
2025-04-09,12616783.715,-652702.6050000004,-0.049188234514868576,0.0,0.0
2025-04-10,12636883.715,-632602.6050000004,-0.04767348107865568,20100.0,0.0015931159996112054
2025-04-11,12677083.715,-592402.6050000004,-0.0446439742062299,40200.0,0.0031811640358994087
2025-04-14,12703883.715,-565602.6050000004,-0.04262430295794603,26800.0,0.0021140508812993453
2025-04-15,12730683.715,-538802.6050000004,-0.04060463170966217,26800.0,0.002109591098378605
2025-04-16,12730683.715,-538802.6050000004,-0.04060463170966217,0.0,0.0
2025-04-17,12723983.715,-545502.6050000004,-0.04110954952173314,-6700.0,-0.0005262875231206721
2025-04-18,12697183.715,-572302.6050000004,-0.043129220770017,-26800.0,-0.0021062585900991637
2025-04-21,12730683.715,-538802.6050000004,-0.04060463170966217,33500.0,0.0026383803488976287
2025-04-22,12703883.715,-565602.6050000004,-0.04262430295794603,-26800.0,-0.0021051500924826883
2025-04-23,12737383.715,-532102.6050000004,-0.04009971389759121,33500.0,0.002636988872973145
2025-04-24,12717283.715,-552202.6050000004,-0.041614467333804105,-20100.0,-0.0015780320707721174
2025-04-25,12697183.715,-572302.6050000004,-0.043129220770017,-20100.0,-0.001580526191791387
2025-04-28,12703883.715,-565602.6050000004,-0.04262430295794603,6700.0,0.0005276760697794369
2025-04-29,12677083.715,-592402.6050000004,-0.0446439742062299,-26800.0,-0.002109591098378494
2025-04-30,12677083.715,-592402.6050000004,-0.0446439742062299,0.0,0.0
2025-05-06,12683783.715,-585702.6050000004,-0.04413905639415893,6700.0,0.0005285127203247253
2025-05-07,12710583.715,-558902.6050000004,-0.04211938514587507,26800.0,0.0021129341687138314
2025-05-08,12690483.715,-579002.6050000004,-0.043634138582087964,-20100.0,-0.0015813593183985342
2025-05-09,12697183.715,-572302.6050000004,-0.043129220770017,6700.0,0.00052795465881883
2025-05-12,12770883.715,-498602.60500000045,-0.037575124837236386,73700.0,0.0058044367675749164
2025-05-13,12750783.715,-518702.60500000045,-0.03908987827344928,-20100.0,-0.0015738926489786698
2025-05-14,12851283.715,-418202.60500000045,-0.03151611109238481,100500.0,0.007881868459722385
2025-05-15,12864683.715,-404802.60500000045,-0.030506275468242874,13400.0,0.0010426973909509751
2025-05-16,12837883.715,-431602.60500000045,-0.032525946716526734,-26800.0,-0.002083222611120372
2025-05-19,12824483.715,-445002.60500000045,-0.03353578234066867,-13400.0,-0.0010437857436225162
2025-05-20,12837883.715,-431602.60500000045,-0.032525946716526734,13400.0,0.0010448763706820685
2025-05-21,12824483.715,-445002.60500000045,-0.03353578234066867,-13400.0,-0.0010437857436225162
2025-05-22,12824483.715,-445002.60500000045,-0.03353578234066867,0.0,0.0
2025-05-23,12824483.715,-445002.60500000045,-0.03353578234066867,0.0,0.0
2025-05-26,12817783.715,-451702.60500000045,-0.034040700152739634,-6700.0,-0.0005224381853410343
2025-05-27,12811083.715,-458402.60500000045,-0.03454561796481059,-6700.0,-0.0005227112696681857
2025-05-28,12811083.715,-458402.60500000045,-0.03454561796481059,0.0,0.0
2025-05-29,12844583.715,-424902.60500000045,-0.032021028904455774,33500.0,0.0026149231981660304
2025-05-30,12824483.715,-445002.60500000045,-0.03353578234066867,-20100.0,-0.0015648619251495965
2025-06-03,12844583.715,-424902.60500000045,-0.032021028904455774,20100.0,0.0015673145560231028
2025-06-04,12864683.715,-404802.60500000045,-0.030506275468242874,20100.0,0.0015648619251495965
2025-06-05,12831183.715,-438302.60500000045,-0.0330308645285977,-33500.0,-0.002604028263900493
2025-06-06,12831183.715,-438302.60500000045,-0.0330308645285977,0.0,0.0
2025-06-09,12837883.715,-431602.60500000045,-0.032525946716526734,6700.0,0.0005221653862041986
2025-06-10,12817783.715,-451702.60500000045,-0.034040700152739634,-20100.0,-0.0015656786154336633
2025-06-11,12790983.715,-478502.60500000045,-0.03606037140102349,-26800.0,-0.002090845078672743
2025-06-12,12790983.715,-478502.60500000045,-0.03606037140102349,0.0,0.0
2025-06-13,12795839.205,-473647.1150000002,-0.035694457462615646,4855.489999999999,0.0003796025472462272
2025-06-16,12795839.205,-473647.1150000002,-0.035694457462615646,0.0,0.0
2025-06-17,12795839.205,-473647.1150000002,-0.035694457462615646,0.0,0.0
2025-06-18,12795839.205,-473647.1150000002,-0.035694457462615646,0.0,0.0
2025-06-19,12795839.205,-473647.1150000002,-0.035694457462615646,0.0,0.0
2025-06-20,12795839.205,-473647.1150000002,-0.035694457462615646,0.0,0.0
2025-06-23,12795839.205,-473647.1150000002,-0.035694457462615646,0.0,0.0
2025-06-24,12795839.205,-473647.1150000002,-0.035694457462615646,0.0,0.0
2025-06-25,12795839.205,-473647.1150000002,-0.035694457462615646,0.0,0.0
2025-06-26,12795839.205,-473647.1150000002,-0.035694457462615646,0.0,0.0
2025-06-27,12795839.205,-473647.1150000002,-0.035694457462615646,0.0,0.0
2025-06-30,12795839.205,-473647.1150000002,-0.035694457462615646,0.0,0.0
2025-07-01,12795839.205,-473647.1150000002,-0.035694457462615646,0.0,0.0
2025-07-02,12795839.205,-473647.1150000002,-0.035694457462615646,0.0,0.0
2025-07-03,12795839.205,-473647.1150000002,-0.035694457462615646,0.0,0.0
2025-07-04,12795839.205,-473647.1150000002,-0.035694457462615646,0.0,0.0
2025-07-07,12795839.205,-473647.1150000002,-0.035694457462615646,0.0,0.0
2025-07-08,12795839.205,-473647.1150000002,-0.035694457462615646,0.0,0.0
2025-07-09,12795839.205,-473647.1150000002,-0.035694457462615646,0.0,0.0
2025-07-10,12795839.205,-473647.1150000002,-0.035694457462615646,0.0,0.0
2025-07-11,12800393.105,-469093.21499999985,-0.035351271608229054,4553.9000000000015,0.00035588912356931957
2025-07-14,12832893.105,-436593.21499999985,-0.032902043415347505,32500.0,0.002538984524413257
2025-07-15,12813393.105,-456093.21499999985,-0.034371580331076436,-19500.0,-0.001519532644778443
2025-07-16,12852393.105,-417093.21499999985,-0.03143250649961858,39000.0,0.0030436902762922546
2025-07-17,12871893.105,-397593.21499999985,-0.029962969583889654,19500.0,0.001517227168566393
2025-07-18,12858893.105,-410593.21499999985,-0.030942660861042273,-13000.0,-0.0010099524517453995
2025-07-21,12865393.105,-404093.21499999985,-0.030452815222465963,6500.0,0.0005054867434486354
2025-07-22,12826393.105,-443093.21499999985,-0.03339188905392382,-39000.0,-0.0030313881341754723
2025-07-23,12806893.105,-462593.21499999985,-0.03486142596965275,-19500.0,-0.001520302694636655
2025-07-24,12800393.105,-469093.21499999985,-0.035351271608229054,-6500.0,-0.0005075391780589023
2025-07-25,12832893.105,-436593.21499999985,-0.032902043415347505,32500.0,0.002538984524413257
2025-07-28,12819893.105,-449593.21499999985,-0.03388173469250013,-13000.0,-0.0010130217631856286
2025-07-29,12800393.105,-469093.21499999985,-0.035351271608229054,-19500.0,-0.0015210735253630148
2025-07-30,12741893.105,-527593.2149999999,-0.03975988235541584,-58500.0,-0.004570172143943729
2025-07-31,12774393.105,-495093.21499999985,-0.03731065416253429,32500.0,0.0025506413946643214
2025-08-01,12780893.105,-488593.21499999985,-0.036820808523957985,6500.0,0.0005088304349625261
2025-08-04,12761393.105,-508093.21499999985,-0.03829034543968691,-19500.0,-0.0015257149746734644
2025-08-05,12709393.105,-560093.2149999999,-0.04220911054829738,-52000.0,-0.00407479023427515
2025-08-06,12663893.105,-605593.2149999999,-0.04563803001833155,-45500.0,-0.0035800293235166425
2025-08-07,12683393.105,-586093.2149999999,-0.044168493102602624,19500.0,0.0015398108495010554
2025-08-08,12657393.105,-612093.2149999999,-0.04612787565690786,-26000.0,-0.0020499246364721335
2025-08-11,12540393.105,-729093.2149999999,-0.05494509715128142,-117000.0,-0.009243609567106015
2025-08-12,12561763.105,-707723.2149999999,-0.05333463541337747,21370.000000000015,0.0017040933103986688
2025-08-13,12555463.105,-714023.2149999999,-0.05380940887845912,-6300.0,-0.000501521955743045
2025-08-14,12568063.105,-701423.2149999999,-0.05285986194829581,12600.0,0.001003547212446776
2025-08-15,12549163.105,-720323.2149999999,-0.05428418234354077,-18900.0,-0.0015038116726578954
2025-08-18,12568063.105,-701423.2149999999,-0.05285986194829581,18900.0,0.0015060765281207367
2025-08-19,12561763.105,-707723.2149999999,-0.05333463541337747,-6300.0,-0.0005012705575526688
2025-08-20,12568063.105,-701423.2149999999,-0.05285986194829581,6300.0,0.000501521955742934
2025-08-21,12599563.105,-669923.2149999999,-0.050485994622887546,31500.0,0.002506352787763122
2025-08-22,12574363.105,-695123.2149999999,-0.05238508848321416,-25200.0,-0.002000069350817424
2025-08-25,12593263.105,-676223.2149999999,-0.0509607680879692,18900.0,0.0015030582338189102
2025-08-26,12574363.105,-695123.2149999999,-0.05238508848321416,-18900.0,-0.0015008024403536657
2025-08-27,12568063.105,-701423.2149999999,-0.05285986194829581,-6300.0,-0.0005010194112730071
2025-08-28,12605863.105,-663623.2149999999,-0.05001122115780589,37800.0,0.003007623345315791
2025-08-29,12593263.105,-676223.2149999999,-0.0509607680879692,-12600.0,-0.0009995348906337576
2025-09-01,12580663.105,-688823.2149999999,-0.05191031501813251,-12600.0,-0.0010005349602357771
2025-09-02,12561763.105,-707723.2149999999,-0.05333463541337747,-18900.0,-0.0015023055495769766
2025-09-03,12574363.105,-695123.2149999999,-0.05238508848321416,12600.0,0.00100304391148609
2025-09-04,12593263.105,-676223.2149999999,-0.0509607680879692,18900.0,0.0015030582338189102
2025-09-05,12599563.105,-669923.2149999999,-0.050485994622887546,6300.0,0.0005002674801179996
2025-09-08,12593263.105,-676223.2149999999,-0.0509607680879692,-6300.0,-0.0005000173377043282
2025-09-09,12593263.105,-676223.2149999999,-0.0509607680879692,0.0,0.0
2025-09-10,12593263.105,-676223.2149999999,-0.0509607680879692,0.0,0.0
2025-09-11,12568063.105,-701423.2149999999,-0.05285986194829581,-25200.0,-0.0020010699204715543
2025-09-12,12568063.105,-701423.2149999999,-0.05285986194829581,0.0,0.0
2025-09-15,12561763.105,-707723.2149999999,-0.05333463541337747,-6300.0,-0.0005012705575526688
2025-09-16,12561763.105,-707723.2149999999,-0.05333463541337747,0.0,0.0
2025-09-17,12568063.105,-701423.2149999999,-0.05285986194829581,6300.0,0.000501521955742934
2025-09-18,12561763.105,-707723.2149999999,-0.05333463541337747,-6300.0,-0.0005012705575526688
2025-09-19,12561763.105,-707723.2149999999,-0.05333463541337747,0.0,0.0
2025-09-22,12574363.105,-695123.2149999999,-0.05238508848321416,12600.0,0.00100304391148609
2025-09-23,12574363.105,-695123.2149999999,-0.05238508848321416,0.0,0.0
2025-09-24,12549163.105,-720323.2149999999,-0.05428418234354077,-25200.0,-0.0020040776450920283
2025-09-25,12542863.105,-726623.2149999999,-0.054758955808622424,-6300.0,-0.0005020255093736159
2025-09-26,12549163.105,-720323.2149999999,-0.05428418234354077,6300.0,0.0005022776655745353
2025-09-29,12561763.105,-707723.2149999999,-0.05333463541337747,12600.0,0.0010040510187472318
2025-09-30,12566112.625,-703373.6950000003,-0.05300685181308513,4349.5199999999995,0.0003462507582450147
2025-10-09,12566112.625,-703373.6950000003,-0.05300685181308513,0.0,0.0
2025-10-10,12566112.625,-703373.6950000003,-0.05300685181308513,0.0,0.0
2025-10-13,12566112.625,-703373.6950000003,-0.05300685181308513,0.0,0.0
2025-10-14,12566112.625,-703373.6950000003,-0.05300685181308513,0.0,0.0
2025-10-15,12557800.475,-711685.8450000007,-0.05363326264765317,-8312.149999999994,-0.0006614734602540251
2025-10-16,12545100.475,-724385.8450000007,-0.0545903456645638,-12700.0,-0.0010113236012375681
2025-10-17,12538750.475,-730735.8450000007,-0.05506888717301912,-6350.0,-0.0005061737060340077
2025-10-20,12519700.475,-749785.8450000007,-0.05650451169838507,-19050.0,-0.001519290142824259
2025-10-21,12526050.475,-743435.8450000007,-0.056025970189929754,6350.0,0.0005072006325295142
2025-10-22,12538750.475,-730735.8450000007,-0.05506888717301912,12700.0,0.0010138870209206452
2025-10-23,12538750.475,-730735.8450000007,-0.05506888717301912,0.0,0.0
2025-10-24,12532400.475,-737085.8450000007,-0.055547428681474435,-6350.0,-0.0005064300476080863
2025-10-27,12564150.475,-705335.8450000007,-0.05315472113919785,31750.0,0.0025334332447590757
2025-10-28,12576850.475,-692635.8450000007,-0.05219763812228721,12700.0,0.0010108124719829803
2025-10-29,12564150.475,-705335.8450000007,-0.05315472113919785,-12700.0,-0.0010097917618758778
2025-10-30,12564150.475,-705335.8450000007,-0.05315472113919785,0.0,0.0
2025-10-31,12570500.475,-698985.8450000007,-0.05267617963074253,6350.0,0.0005054062359914901
2025-11-03,12551450.475,-718035.8450000007,-0.05411180415610848,-19050.0,-0.0015154527886845903
2025-11-04,12519700.475,-749785.8450000007,-0.05650451169838507,-31750.0,-0.0025295881191771397
2025-11-05,12551450.475,-718035.8450000007,-0.05411180415610848,31750.0,0.002536003162647571
2025-11-06,12545100.475,-724385.8450000007,-0.0545903456645638,-6350.0,-0.0005059176238354501
2025-11-07,12532400.475,-737085.8450000007,-0.055547428681474435,-12700.0,-0.0010123474120680154
2025-11-10,12564150.475,-705335.8450000007,-0.05315472113919785,31750.0,0.0025334332447590757
2025-11-11,12602250.475,-667235.8450000007,-0.050283472088465946,38100.0,0.003032437415948719
2025-11-12,12608600.475,-660885.8450000007,-0.04980493058001063,6350.0,0.0005038782567126088
2025-11-13,12614950.475,-654535.8450000007,-0.04932638907155531,6350.0,0.0005036244912819399
2025-11-14,12640350.475,-629135.8450000007,-0.047412223037734035,25400.0,0.002013483925310533
2025-11-17,12678450.475,-591035.8450000007,-0.04454097398700213,38100.0,0.0030141569314359185
2025-11-18,12710200.475,-559285.8450000007,-0.042148266444725545,31750.0,0.002504249242650358
2025-11-19,12735600.475,-533885.8450000007,-0.04023410041090428,25400.0,0.001998394915167623
2025-11-20,12722900.475,-546585.8450000007,-0.04119118342781491,-12700.0,-0.0009972046488840869
2025-11-21,12646700.475,-622785.8450000007,-0.04693368152927872,-76200.0,-0.005989200351738222
2025-11-24,12614950.475,-654535.8450000007,-0.04932638907155531,-31750.0,-0.002510536251156048
2025-11-25,12583200.475,-686285.8450000007,-0.051719096613831894,-31750.0,-0.0025168549066381107
2025-11-26,12570500.475,-698985.8450000007,-0.05267617963074253,-12700.0,-0.0010092821794608353
2025-11-27,12608600.475,-660885.8450000007,-0.04980493058001063,38100.0,0.0030309055773691806
2025-11-28,12602250.475,-667235.8450000007,-0.050283472088465946,-6350.0,-0.0005036244912820509
2025-12-01,12570500.475,-698985.8450000007,-0.05267617963074253,-31750.0,-0.002519391283563599
2025-12-02,12562145.145,-707341.1750000007,-0.053305844547568045,-8355.33,-0.0006646775931170579
2025-12-03,12562145.145,-707341.1750000007,-0.053305844547568045,0.0,0.0
2025-12-04,12562145.145,-707341.1750000007,-0.053305844547568045,0.0,0.0
2025-12-05,12562145.145,-707341.1750000007,-0.053305844547568045,0.0,0.0
2025-12-08,12566679.545,-702806.7750000004,-0.052964128230097184,4534.399999999994,0.00036095745970632365
2025-12-09,12573179.545,-696306.7750000004,-0.05247428259152087,6500.0,0.0005172408492413183
2025-12-10,12573179.545,-696306.7750000004,-0.05247428259152087,0.0,0.0
2025-12-11,12573179.545,-696306.7750000004,-0.05247428259152087,0.0,0.0
2025-12-12,12553679.545,-715806.7750000004,-0.0539438195072498,-19500.0,-0.0015509203483660139
2025-12-15,12540679.545,-728806.7750000004,-0.05492351078440242,-13000.0,-0.0010355529590667656
2025-12-16,12540679.545,-728806.7750000004,-0.05492351078440242,0.0,0.0
2025-12-17,12553679.545,-715806.7750000004,-0.0539438195072498,13000.0,0.0010366264406447279
2025-12-18,12553679.545,-715806.7750000004,-0.0539438195072498,0.0,0.0
2025-12-19,12547179.545,-722306.7750000004,-0.05443366514582611,-6500.0,-0.0005177764795333273
2025-12-22,12534179.545,-735306.7750000004,-0.055413356422978725,-13000.0,-0.0010360894218000016
2025-12-23,12547179.545,-722306.7750000004,-0.05443366514582611,13000.0,0.001037164016466141
2025-12-24,12540679.545,-728806.7750000004,-0.05492351078440242,-6500.0,-0.0005180447109000008
2025-12-25,12540679.545,-728806.7750000004,-0.05492351078440242,0.0,0.0
2025-12-26,12547179.545,-722306.7750000004,-0.05443366514582611,6500.0,0.0005183132203223639
2025-12-29,12560179.545,-709306.7750000004,-0.05345397386867349,13000.0,0.0010360894218000016
2025-12-30,12547179.545,-722306.7750000004,-0.05443366514582611,-13000.0,-0.0010350170515814883
2025-12-31,12534179.545,-735306.7750000004,-0.055413356422978725,-13000.0,-0.0010360894218000016
2026-01-05,12547179.545,-722306.7750000004,-0.05443366514582611,13000.0,0.001037164016466141
2026-01-06,12534179.545,-735306.7750000004,-0.055413356422978725,-13000.0,-0.0010360894218000016
2026-01-07,12473618.395,-795867.9250000007,-0.05997729722215809,-60561.15,-0.004831680428908358
2026-01-08,12453658.195,-815828.125,-0.06148151520909816,-19960.20000000001,-0.0016001932533065144
2026-01-09,12459658.195,-809828.125,-0.06102935000425849,6000.0,0.0004817861471746454
2026-01-12,12447658.195,-821828.125,-0.06193368041393783,-12000.0,-0.0009631082821208725
2026-01-13,12459658.195,-809828.125,-0.06102935000425849,12000.0,0.000964036753902775
2026-01-14,12465658.195,-803828.125,-0.06057718479941882,6000.0,0.0004815541410605473
2026-01-15,12429658.195,-839828.125,-0.06329017602845684,-36000.0,-0.002887934149713778
2026-01-16,12423658.195,-845828.125,-0.06374234123329652,-6000.0,-0.0004827164114949989
2026-01-19,12411658.195,-857828.125,-0.06464667164297586,-12000.0,-0.0009658990783270038
2026-01-20,12417658.195,-851828.125,-0.06419450643813618,6000.0,0.0004834164706870592
2026-01-21,12411658.195,-857828.125,-0.06464667164297586,-6000.0,-0.0004831828921185721
2026-01-22,12405658.195,-863828.125,-0.06509883684781552,-6000.0,-0.00048341647068694815
2026-01-23,12411658.195,-857828.125,-0.06464667164297586,6000.0,0.0004836502751961458
2026-01-26,12423658.195,-845828.125,-0.06374234123329652,12000.0,0.0009668329413738963
2026-01-27,12423658.195,-845828.125,-0.06374234123329652,0.0,0.0
2026-01-28,12423658.195,-845828.125,-0.06374234123329652,0.0,0.0
2026-01-29,12435658.195,-833828.125,-0.06283801082361717,12000.0,0.0009658990783270038
2026-01-30,12429658.195,-839828.125,-0.06329017602845684,-6000.0,-0.00048248350878710156
2026-02-02,12405658.195,-863828.125,-0.06509883684781552,-24000.0,-0.0019308656459801066
2026-02-03,12411658.195,-857828.125,-0.06464667164297586,6000.0,0.0004836502751961458
2026-02-04,12405658.195,-863828.125,-0.06509883684781552,-6000.0,-0.00048341647068694815
2026-02-05,12411658.195,-857828.125,-0.06464667164297586,6000.0,0.0004836502751961458
2026-02-06,12417658.195,-851828.125,-0.06419450643813618,6000.0,0.0004834164706870592
2026-02-09,12423658.195,-845828.125,-0.06374234123329652,6000.0,0.0004831828921185721
2026-02-10,12411658.195,-857828.125,-0.06464667164297586,-12000.0,-0.0009658990783270038
2026-02-11,12411658.195,-857828.125,-0.06464667164297586,0.0,0.0
2026-02-12,12405658.195,-863828.125,-0.06509883684781552,-6000.0,-0.00048341647068694815
2026-02-13,12387658.195,-881828.125,-0.06645533246233454,-18000.0,-0.0014509508255882153
2026-02-24,12393658.195,-875828.125,-0.06600316725749486,6000.0,0.00048435304765037657
2026-02-25,12405658.195,-863828.125,-0.06509883684781552,12000.0,0.0009682371266976908
2026-02-26,12399658.195,-869828.125,-0.0655510020526552,-6000.0,-0.00048365027519603476
2026-02-27,12435658.195,-833828.125,-0.06283801082361717,36000.0,0.002903305835842751
2026-03-02,12453658.195,-815828.125,-0.06148151520909816,18000.0,0.0014474505263610826
2026-03-03,12447658.195,-821828.125,-0.06193368041393783,-6000.0,-0.00048178614717475643
2026-03-04,12447658.195,-821828.125,-0.06193368041393783,0.0,0.0
2026-03-05,12483658.195,-785828.125,-0.05922068918489981,36000.0,0.002892110261708547
2026-03-06,12507658.195,-761828.125,-0.05741202836554113,24000.0,0.0019225133871105804
2026-03-09,12519658.195,-749828.125,-0.05650769795586179,12000.0,0.0009594122107363656
2026-03-10,12525658.195,-743828.125,-0.05605553275102212,6000.0,0.0004792463106058076
2026-03-11,12549658.195,-719828.125,-0.054246871931663436,24000.0,0.0019160669743949477
2026-03-12,12549658.195,-719828.125,-0.054246871931663436,0.0,0.0
2026-03-13,12609658.195,-659828.125,-0.04972521988326674,60000.0,0.004781006706932045
2026-03-16,12579658.195,-689828.125,-0.05198604590746509,-30000.0,-0.0023791287230843228
2026-03-17,12573658.195,-695828.125,-0.05243821111230476,-6000.0,-0.0004769604950303208
2026-03-18,12585658.195,-683828.125,-0.05153388070262542,12000.0,0.0009543761898007652
2026-03-19,12579658.195,-689828.125,-0.05198604590746509,-6000.0,-0.0004767331121692253
2026-03-20,12615658.195,-653828.125,-0.04927305467842707,36000.0,0.0028617629701821468
2026-03-23,12591658.195,-677828.125,-0.05108171549778575,-24000.0,-0.0019023977686326576
2026-03-24,12583740.594999999,-685745.7250000015,-0.05167839270209229,-7917.5999999999985,-0.0006287972463504543
2026-03-25,12583740.594999999,-685745.7250000015,-0.05167839270209229,0.0,0.0
2026-03-26,12661729.975,-607756.3450000007,-0.045801045371589084,77989.38,0.006197630935827592
2026-03-27,12594079.975,-675406.3450000007,-0.050899208056156366,-67650.0,-0.005342871798211801
2026-03-30,12569479.975,-700006.3450000007,-0.05275308539599901,-24600.0,-0.0019532986965965504
2026-03-31,12563329.975,-706156.3450000007,-0.053216554730959674,-6150.0,-0.0004892803848871585
2026-04-01,12581779.975,-687706.3450000007,-0.05182614672607769,18450.0,0.001468559692112903
2026-04-02,12600229.975,-669256.3450000007,-0.0504357387211957,18450.0,0.0014664061870943712
2026-04-03,12587929.975,-681556.3450000007,-0.05136267739111702,-12300.0,-0.0009761726591025477
2026-04-07,12581779.975,-687706.3450000007,-0.05182614672607769,-6150.0,-0.0004885632516398175
2026-04-08,12635189.649999999,-634296.6700000018,-0.0478011472866119,53409.675,0.004245001510607027
2026-04-09,12635189.649999999,-634296.6700000018,-0.0478011472866119,0.0,0.0
2026-04-10,12635189.649999999,-634296.6700000018,-0.0478011472866119,0.0,0.0
2026-04-13,12635189.649999999,-634296.6700000018,-0.0478011472866119,0.0,0.0
2026-04-14,12635189.649999999,-634296.6700000018,-0.0478011472866119,0.0,0.0
2026-04-15,12635189.649999999,-634296.6700000018,-0.0478011472866119,0.0,0.0
2026-04-16,12635189.649999999,-634296.6700000018,-0.0478011472866119,0.0,0.0
2026-04-17,12635189.649999999,-634296.6700000018,-0.0478011472866119,0.0,0.0
2026-04-20,12635189.649999999,-634296.6700000018,-0.0478011472866119,0.0,0.0
2026-04-21,12635189.649999999,-634296.6700000018,-0.0478011472866119,0.0,0.0
2026-04-22,12635189.649999999,-634296.6700000018,-0.0478011472866119,0.0,0.0
2026-04-23,12635189.649999999,-634296.6700000018,-0.0478011472866119,0.0,0.0
2026-04-24,12635189.649999999,-634296.6700000018,-0.0478011472866119,0.0,0.0
2026-04-27,12635189.649999999,-634296.6700000018,-0.0478011472866119,0.0,0.0
2026-04-28,12635189.649999999,-634296.6700000018,-0.0478011472866119,0.0,0.0
2026-04-29,12635189.649999999,-634296.6700000018,-0.0478011472866119,0.0,0.0
2026-04-30,12635189.649999999,-634296.6700000018,-0.0478011472866119,0.0,0.0
2026-05-06,12635189.649999999,-634296.6700000018,-0.0478011472866119,0.0,0.0
2026-05-07,12635189.649999999,-634296.6700000018,-0.0478011472866119,0.0,0.0
2026-05-08,12635189.649999999,-634296.6700000018,-0.0478011472866119,0.0,0.0
2026-05-11,12635189.649999999,-634296.6700000018,-0.0478011472866119,0.0,0.0
2026-05-12,12635189.649999999,-634296.6700000018,-0.0478011472866119,0.0,0.0
2026-05-13,12635189.649999999,-634296.6700000018,-0.0478011472866119,0.0,0.0
2026-05-14,12635189.649999999,-634296.6700000018,-0.0478011472866119,0.0,0.0
2026-05-15,12635189.649999999,-634296.6700000018,-0.0478011472866119,0.0,0.0
2026-05-18,12635189.649999999,-634296.6700000018,-0.0478011472866119,0.0,0.0
2026-05-19,12635189.649999999,-634296.6700000018,-0.0478011472866119,0.0,0.0
2026-05-20,12635189.649999999,-634296.6700000018,-0.0478011472866119,0.0,0.0
2026-05-21,12635189.649999999,-634296.6700000018,-0.0478011472866119,0.0,0.0
2026-05-22,12635189.649999999,-634296.6700000018,-0.0478011472866119,0.0,0.0
2026-05-25,12635189.649999999,-634296.6700000018,-0.0478011472866119,0.0,0.0
2026-05-26,12635189.649999999,-634296.6700000018,-0.0478011472866119,0.0,0.0
2026-05-27,12635189.649999999,-634296.6700000018,-0.0478011472866119,0.0,0.0
2026-05-28,12635189.649999999,-634296.6700000018,-0.0478011472866119,0.0,0.0
2026-05-29,12635189.649999999,-634296.6700000018,-0.0478011472866119,0.0,0.0
2026-06-01,12635189.649999999,-634296.6700000018,-0.0478011472866119,0.0,0.0
2026-06-02,12635189.649999999,-634296.6700000018,-0.0478011472866119,0.0,0.0
2026-06-03,12635189.649999999,-634296.6700000018,-0.0478011472866119,0.0,0.0
2026-06-04,12635189.649999999,-634296.6700000018,-0.0478011472866119,0.0,0.0
2026-06-05,12635189.649999999,-634296.6700000018,-0.0478011472866119,0.0,0.0
2026-06-08,12635189.649999999,-634296.6700000018,-0.0478011472866119,0.0,0.0
2026-06-18,12635189.649999999,-634296.6700000018,-0.0478011472866119,0.0,0.0
2026-06-22,12635189.649999999,-634296.6700000018,-0.0478011472866119,0.0,0.0
2026-06-23,12635189.649999999,-634296.6700000018,-0.0478011472866119,0.0,0.0
2026-06-24,12635189.649999999,-634296.6700000018,-0.0478011472866119,0.0,0.0
2026-06-25,12635189.649999999,-634296.6700000018,-0.0478011472866119,0.0,0.0
2026-06-26,12635189.649999999,-634296.6700000018,-0.0478011472866119,0.0,0.0
2026-06-29,12635189.649999999,-634296.6700000018,-0.0478011472866119,0.0,0.0
2026-06-30,12635189.649999999,-634296.6700000018,-0.0478011472866119,0.0,0.0
