datetime,balance,drawdown,ddpercent,net_pnl,return
2020-01-03,10000000.0,0.0,0.0,0.0,0.0
2020-01-06,10000000.0,0.0,0.0,0.0,0.0
2020-01-07,10000000.0,0.0,0.0,0.0,0.0
2020-01-08,10000000.0,0.0,0.0,0.0,0.0
2020-01-09,10000000.0,0.0,0.0,0.0,0.0
2020-01-10,10000000.0,0.0,0.0,0.0,0.0
2020-01-13,10000000.0,0.0,0.0,0.0,0.0
2020-01-14,10000000.0,0.0,0.0,0.0,0.0
2020-01-15,10000000.0,0.0,0.0,0.0,0.0
2020-01-16,10000000.0,0.0,0.0,0.0,0.0
2020-01-17,10004578.018,0.0,0.0,4578.018000000004,0.0004578017999998796
2020-01-20,9900258.018,-104320.0,-0.010427226396986454,-104320.0,-0.010427226396986455
2020-01-21,9880698.018,-123880.0,-0.012382331346421412,-19560.0,-0.0019757060840673857
2020-01-22,9962198.018,-42380.0,-0.004236060723775747,81500.0,0.008248405107769585
2020-01-23,9978498.018,-26080.0,-0.0026068065992466134,16300.0,0.0016361851039849995
2020-02-03,9962198.018,-42380.0,-0.004236060723775747,-16300.0,-0.0016335123753692393
2020-02-04,9815498.018,-189080.0,-0.018899347844537947,-146700.0,-0.014725665935864551
2020-02-05,9844838.018,-159740.0,-0.015966690420385506,29340.0,0.0029891504176553507
2020-02-06,9799198.018,-205380.0,-0.02052860196906708,-45640.0,-0.004635932040380264
2020-02-07,9802458.018,-202120.0,-0.020202751144161254,3260.0,0.000332680286081688
2020-02-10,9789418.018,-215160.0,-0.02150615444378456,-13040.0,-0.0013302785868661848
2020-02-11,9701398.018,-303180.0,-0.03030412671624188,-88020.0,-0.008991341450345192
2020-02-12,9639458.018,-365120.0,-0.03649529238945259,-61940.0,-0.0063846468194662664
2020-02-13,9606858.018,-397720.0,-0.039753800638510854,-32600.0,-0.003381932878293026
2020-02-14,9636198.018,-368380.0,-0.036821143214358414,29340.0,0.0030540682442716793
2020-02-17,9616638.018,-387940.0,-0.038776248163793374,-19560.0,-0.0020298462073384815
2020-02-18,9554698.018,-449880.0,-0.044967413837004075,-61940.0,-0.0064409204010864585
2020-02-19,9538398.018,-466180.0,-0.04659666796153321,-16300.0,-0.0017059670508992042
2020-02-20,9619898.018,-384680.0,-0.03845039733888755,81500.0,0.008544411739392688
2020-02-21,9574258.018,-430320.0,-0.04301230888756912,-45640.0,-0.004744333039144677
2020-02-24,9522098.018,-482480.0,-0.04822592208606234,-52160.0,-0.005447941751928642
2020-02-25,9492758.018,-511820.0,-0.05115857951021478,-29340.0,-0.0030812537262835393
2020-02-26,9486238.018,-518340.0,-0.051810281160026436,-6520.0,-0.00068683937667402
2020-02-27,9378658.018,-625920.0,-0.06256335838191872,-107580.0,-0.01134063891248227
2020-02-28,9404738.018,-599840.0,-0.059956551782672105,26080.0,0.0027807816374096905
2020-03-02,9323238.018,-681340.0,-0.06810282240531777,-81500.0,-0.008665844794827349
2020-03-03,9271078.018,-733500.0,-0.073316435603811,-52160.0,-0.005594622801573523
2020-03-04,9231958.018,-772620.0,-0.07722664550268092,-39120.0,-0.004219574026240291
2020-03-05,9287378.018,-717200.0,-0.07168718147928187,55420.0,0.006003060227521173
2020-03-06,9310198.018,-694380.0,-0.06940622570494108,22820.0,0.0024570982203773184
2020-03-09,9313458.018,-691120.0,-0.06908037488003525,3260.0,0.00035015366952428906
2020-03-10,9346058.018,-658520.0,-0.06582186663097699,32600.0,0.0035003110484843614
2020-03-11,9368878.018,-635700.0,-0.0635409108566362,22820.0,0.0024416711255215162
2020-03-12,9443858.018,-560720.0,-0.056046341883802184,74980.0,0.00800309277759248
2020-03-13,9518838.018,-485740.0,-0.04855177291096817,74980.0,0.007939551807861545
2020-03-16,9613378.018,-391200.0,-0.0391020989886992,94540.0,0.009931884524269297
2020-03-17,9685098.018,-319480.0,-0.03193338084077101,71720.0,0.007460436889687783
2020-03-18,9642718.018,-361860.0,-0.03616944156454676,-42380.0,-0.004375794640512187
2020-03-19,9535138.018,-469440.0,-0.046922518786439035,-107580.0,-0.011156605409302744
2020-03-20,9476458.018,-528120.0,-0.052787833634743916,-58680.0,-0.00615407977202076
2020-03-23,9499278.018,-505300.0,-0.05050687786040313,22820.0,0.0024080727162674176
2020-03-24,9597078.018,-407500.0,-0.040731353113228334,97800.0,0.010295519282063292
2020-03-25,9535138.018,-469440.0,-0.046922518786439035,-61940.0,-0.006454047772022631
2020-03-26,9551438.018,-453140.0,-0.0452932646619099,16300.0,0.0017094666033390382
2020-03-27,9626418.018,-378160.0,-0.037798695689075894,74980.0,0.007850126845685201
2020-03-30,9711178.018,-293400.0,-0.0293265742415244,84760.0,0.008804936565346644
2020-03-31,9578126.15,-426451.86799999885,-0.04262567269031605,-133051.868,-0.013700898876880085
2020-04-01,9594526.15,-410051.86799999885,-0.040986423141710054,16400.0,0.0017122347046973907
2020-04-02,9574026.15,-430551.86799999885,-0.04303548507746755,-20500.0,-0.0021366349603414436
2020-04-03,9565826.15,-438751.86799999885,-0.04385510985177055,-8200.0,-0.0008564839777464028
2020-04-07,9565826.15,-438751.86799999885,-0.04385510985177055,0.0,0.0
2020-04-08,9606826.15,-397751.86799999885,-0.03975698598025555,41000.0,0.004286090856878033
2020-04-09,9651926.15,-352651.86799999885,-0.03524904972158906,45100.0,0.004694578552355777
2020-04-10,9610926.15,-393651.86799999885,-0.03934717359310405,-41000.0,-0.004247856786595894
2020-04-13,9549426.15,-455151.86799999885,-0.04549435940037655,-61500.0,-0.00639896707561316
2020-04-14,9590426.15,-414151.86799999885,-0.04139623552886155,41000.0,0.004293451706519624
2020-04-15,9590426.15,-414151.86799999885,-0.04139623552886155,0.0,0.0
2020-04-16,9578126.15,-426451.86799999885,-0.04262567269031605,-12300.0,-0.0012825290354798735
2020-04-17,9635526.15,-369051.86799999885,-0.03688829927019505,57400.0,0.0059928214664410895
2020-04-20,9660126.15,-344451.86799999885,-0.034429424947286055,24600.0,0.0025530520717853555
2020-04-21,9594526.15,-410051.86799999885,-0.040986423141710054,-65600.0,-0.006790801588031026
2020-04-22,9520726.15,-483851.86799999885,-0.04836304611043705,-73800.0,-0.00769188585722913
2020-04-23,9467426.15,-537151.8679999989,-0.053690607143406545,-53300.0,-0.005598312477457457
2020-04-24,9430526.15,-574051.8679999989,-0.057378918627770045,-36900.0,-0.003897574632784395
2020-04-27,9418226.15,-586351.8679999989,-0.05860835578922454,-12300.0,-0.0013042750536246261
2020-04-28,9401826.15,-602751.8679999989,-0.060247605337830544,-16400.0,-0.001741304544911615
2020-04-29,9401826.15,-602751.8679999989,-0.060247605337830544,0.0,0.0
2020-04-30,9442826.15,-561751.8679999989,-0.05614948146631554,41000.0,0.004360854938803671
2020-05-06,9397726.15,-606851.8679999989,-0.06065741772498204,-45100.0,-0.00477611249890475
2020-05-07,9344426.15,-660151.8679999989,-0.06598497875795153,-53300.0,-0.00567158471626672
2020-05-08,9364926.15,-639651.8679999989,-0.06393591682219404,20500.0,0.002193821179698574
2020-05-11,9381326.15,-623251.8679999989,-0.06229666727358804,16400.0,0.0017512150910021784
2020-05-12,9381326.15,-623251.8679999989,-0.06229666727358804,0.0,0.0
2020-05-13,9373126.15,-631451.8679999989,-0.06311629204789104,-8200.0,-0.0008740768489324813
2020-05-14,9410026.15,-594551.8679999989,-0.05942798056352754,36900.0,0.003936786874462417
2020-05-15,9442826.15,-561751.8679999989,-0.05614948146631554,32800.0,0.0034856438735826334
2020-05-18,9434626.15,-569951.8679999989,-0.056969106240618544,-8200.0,-0.0008683840907099949
2020-05-19,9520726.15,-483851.86799999885,-0.04836304611043705,86100.0,0.009125957789011041
2020-05-20,9496126.15,-508451.86799999885,-0.050821920433346046,-24600.0,-0.0025838365280572706
2020-05-21,9492026.15,-512551.86799999885,-0.05123173282049755,-4100.0,-0.0004317550056978092
2020-05-22,9504326.15,-500251.86799999885,-0.050002295659043045,12300.0,0.0012958244958058973
2020-05-25,9545326.15,-459251.86799999885,-0.04590417178752805,41000.0,0.004313825025880513
2020-05-26,9569926.15,-434651.86799999885,-0.04344529746461905,24600.0,0.002577177522635088
2020-05-27,9606826.15,-397751.86799999885,-0.03975698598025555,36900.0,0.0038558291277932533
2020-05-28,9635526.15,-369051.86799999885,-0.03688829927019505,28700.0,0.002987459078771737
2020-05-29,9594526.15,-410051.86799999885,-0.040986423141710054,-41000.0,-0.004255086786309037
2020-06-01,9643726.15,-360851.86799999885,-0.03606867449589205,49200.0,0.00512792390481942
2020-06-02,9688826.15,-315751.86799999885,-0.03156073823722556,45100.0,0.004676615583904864
2020-06-03,9807726.15,-196851.86799999885,-0.019676179009832064,118900.0,0.012271868455395962
2020-06-04,9856926.15,-147651.86799999885,-0.014758430364014067,49200.0,0.005016453278520627
2020-06-05,9758526.15,-246051.86799999885,-0.02459392765565006,-98400.0,-0.00998282816595919
2020-06-08,9795426.15,-209151.86799999885,-0.020905616171286563,36900.0,0.003781308717403009
2020-06-09,9844626.15,-159951.86799999885,-0.015987867525468564,49200.0,0.005022752379180595
2020-06-10,9836426.15,-168151.86799999885,-0.016807492299771565,-8200.0,-0.0008329417364416614
2020-06-11,9811826.15,-192751.86799999885,-0.019266366622680563,-24600.0,-0.0025009083202439664
2020-06-12,9824126.15,-180451.86799999885,-0.018036929461226064,12300.0,0.0012535892719622854
2020-06-15,9881526.15,-123051.86799999885,-0.012299556041105067,57400.0,0.005842758849345708
2020-06-16,9975826.15,-28751.867999998853,-0.0028738711366205726,94300.0,0.009543060309565643
2020-06-17,9971726.15,-32851.86799999885,-0.0032836835237720725,-4100.0,-0.0004109935295935063
2020-06-18,9951226.15,-53351.86799999885,-0.005332745459529571,-20500.0,-0.0020558125736335198
2020-06-19,9930726.15,-73851.86799999885,-0.00738180739528707,-20500.0,-0.0020600476454853967
2020-06-22,9902026.15,-102551.86799999885,-0.010250494105347568,-28700.0,-0.0028900202831592114
2020-06-23,9906126.15,-98451.86799999885,-0.009840681718196069,4100.0,0.00041405667263361146
2020-06-24,9873326.15,-131251.86799999885,-0.013119180815408067,-32800.0,-0.00331108240530531
2020-06-29,9869226.15,-135351.86799999885,-0.013528993202559566,-4100.0,-0.0004152602616089851
2020-06-30,9877426.15,-127151.86799999885,-0.012709368428256568,8200.0,0.0008308655486630734
2020-07-01,9861026.15,-143551.86799999885,-0.014348617976862566,-16400.0,-0.0016603515684093795
2020-07-02,9852826.15,-151751.86799999885,-0.015168242751165566,-8200.0,-0.0008315564602777714
2020-07-03,9852826.15,-151751.86799999885,-0.015168242751165566,0.0,0.0
2020-07-06,9877426.15,-127151.86799999885,-0.012709368428256568,24600.0,0.00249674556573809
2020-07-07,9852826.15,-151751.86799999885,-0.015168242751165566,-24600.0,-0.0024905273526140137
2020-07-08,9889726.15,-114851.86799999885,-0.011479931266802067,36900.0,0.003745118348607024
2020-07-09,9869226.15,-135351.86799999885,-0.013528993202559566,-20500.0,-0.0020728582054823086
2020-07-10,9815926.15,-188651.86799999885,-0.018856554235529063,-53300.0,-0.005400626066310199
2020-07-13,9865126.15,-139451.86799999885,-0.013938805589711067,49200.0,0.005012262648288246
2020-07-14,9955326.15,-49251.86799999885,-0.004922933072378071,90200.0,0.009143319469868016
2020-07-15,9975826.15,-28751.867999998853,-0.0028738711366205726,20500.0,0.0020591992357779088
2020-07-16,9979926.15,-24651.867999998853,-0.0024640587494690726,4100.0,0.0004109935295935063
2020-07-17,10000426.15,-4151.867999998853,-0.00041499681371157387,20500.0,0.002054123416534548
2020-07-20,10025026.15,0.0,0.0,24600.0,0.0024598951715673056
2020-07-21,10020926.15,-4100.0,-0.0004089764893032224,-4100.0,-0.0004089764893032699
2020-07-22,10061926.15,0.0,0.0,41000.0,0.004091438195061414
2020-07-23,10230026.15,0.0,0.0,168100.0,0.01670654281238182
2020-07-24,10180826.15,-49200.0,-0.004809371870471709,-49200.0,-0.0048093718704717014
2020-07-27,10332526.15,0.0,0.0,151700.0,0.014900558929591412
2020-07-28,10271026.15,-61500.0,-0.00595207784690678,-61500.0,-0.005952077846906767
2020-07-29,10180826.15,-151700.0,-0.014681792022370056,-90200.0,-0.008781985235233769
2020-07-30,10180826.15,-151700.0,-0.014681792022370056,0.0,0.0
2020-07-31,10148026.15,-184500.0,-0.01785623354072034,-32800.0,-0.003221742471263056
2020-08-03,10193126.15,-139400.0,-0.013491376452988701,45100.0,0.0044442140110172446
2020-08-04,10324326.15,-8200.0,-0.0007936103795875706,131200.0,0.01287141923579549
2020-08-05,10307926.15,-24600.0,-0.0023808311387627117,-16400.0,-0.0015884813944976317
2020-08-06,10320226.15,-12300.0,-0.0011904155693813559,12300.0,0.0011932565116408167
2020-08-07,10246426.15,-86100.0,-0.008332908985669492,-73800.0,-0.007151006085268752
2020-08-10,10271026.15,-61500.0,-0.00595207784690678,24600.0,0.0024008370957711023
2020-08-11,10189026.15,-143500.0,-0.013888181642782486,-82000.0,-0.007983622941121649
2020-08-12,10239025.518,-93500.63200000115,-0.009049155128438862,49999.368,0.00490717829789844
2020-08-13,10332105.518,-420.6320000011474,-4.070950258385239e-05,93080.0,0.009090708860561625
2020-08-14,10299885.518,-32640.632000001147,-0.0031590176038413555,-32220.0,-0.0031184350511972436
2020-08-17,10289145.518,-43380.63200000115,-0.004198453637593857,-10740.0,-0.0010427300362931824
2020-08-18,10271245.518,-61280.63200000115,-0.005930847027181358,-17900.0,-0.0017396974285848188
2020-08-19,10314205.518,-18320.632000001147,-0.001773102892171354,42960.0,0.0041825502004322335
2020-08-20,10281985.518,-50540.63200000115,-0.004891410993428857,-32220.0,-0.0031238470034139487
2020-08-21,10296305.518,-36220.63200000115,-0.0035054962817588557,14320.0,0.0013927271123783669
2020-08-24,10296305.518,-36220.63200000115,-0.0035054962817588557,0.0,0.0
2020-08-25,10278405.518,-54120.63200000115,-0.005237889671346358,-17900.0,-0.0017384876515860181
2020-08-26,10267665.518,-64860.63200000115,-0.006277325705098859,-10740.0,-0.0010449091526104626
2020-08-27,10281985.518,-50540.63200000115,-0.004891410993428857,14320.0,0.001394669506412649
2020-08-28,10303465.518,-29060.632000001147,-0.0028125389259238552,21480.0,0.0020890906685675503
2020-08-31,10321365.518,-11160.632000001147,-0.0010801455363363534,17900.0,0.001737279555963811
2020-09-01,10324945.518,-7580.632000001147,-0.000733666858418853,3580.0,0.00034685332999373486
2020-09-02,10364325.518,0.0,0.0,39380.0,0.003814063709231874
2020-09-03,10353585.518,-10740.0,-0.0010362468818011898,-10740.0,-0.0010362468818011505
2020-09-04,10310625.518,-53700.0,-0.005181234409005949,-42960.0,-0.004149287213141117
2020-09-07,10332105.518,-32220.0,-0.003108740645403569,21480.0,0.0020832877658587545
2020-09-08,10364325.518,0.0,0.0,32220.0,0.0031184350511972436
2020-09-09,10324945.518,-39380.0,-0.003799571899937696,-39380.0,-0.003799571899937737
2020-09-10,10339265.518,-25060.0,-0.002417909390869443,14320.0,0.00138693225790254
2020-09-11,10371485.518,0.0,0.0,32220.0,0.0031162755172411405
2020-09-14,10410865.518,0.0,0.0,39380.0,0.0037969488490008363
2020-09-15,10428765.518,0.0,0.0,17900.0,0.001719357527868448
2020-09-16,10443085.518,0.0,0.0,14320.0,0.0013731251292670166
2020-09-17,10478885.518,0.0,0.0,35800.0,0.003428105605215448
2020-09-18,10478885.518,0.0,0.0,0.0,0.0
2020-09-21,10525425.518,0.0,0.0,46540.0,0.004441312000217579
2020-09-22,10493205.518,-32220.0,-0.0030611588999322776,-32220.0,-0.0030611588999323036
2020-09-23,10457405.518,-68020.0,-0.006462446566523697,-35800.0,-0.003411731518894623
2020-09-24,10457405.518,-68020.0,-0.006462446566523697,0.0,0.0
2020-09-25,10453825.518,-71600.0,-0.006802575333182839,-3580.0,-0.0003423411279057653
2020-09-28,10435925.518,-89500.0,-0.008503219166478549,-17900.0,-0.0017122918274442567
2020-09-29,10468145.518,-57280.0,-0.0054420602665462715,32220.0,0.0030874118394603745
2020-09-30,10425185.518,-100240.0,-0.009523605466455974,-42960.0,-0.004103878755423285
2020-10-09,10511105.518,-14320.0,-0.0013605150666365679,85920.0,0.008241579955738043
2020-10-12,10597025.518,0.0,0.0,85920.0,0.008174211537774534
2020-10-13,10636405.518,0.0,0.0,39380.0,0.0037161371304721413
2020-10-14,10682945.518,0.0,0.0,46540.0,0.0043755383264807435
2020-10-15,10622085.518,-60860.0,-0.005696930673048482,-60860.0,-0.005696930673048439
2020-10-16,10654305.518,-28640.0,-0.002680908552022815,32220.0,0.0030333026358524418
2020-10-19,10550485.518,-132460.0,-0.01239920205310552,-103820.0,-0.009744417393006133
2020-10-20,10582705.518,-100240.0,-0.009383179932079853,32220.0,0.003053887894071794
2020-10-21,10571965.518,-110980.0,-0.010388520639088409,-10740.0,-0.0010148633524510453
2020-10-22,10679365.518,-3580.0,-0.0003351135690028519,107400.0,0.01015894346393198
2020-10-23,10715165.518,0.0,0.0,35800.0,0.003352259077532116
2020-10-26,10682945.518,-32220.0,-0.0030069530840074144,-32220.0,-0.0030069530840074465
2020-10-27,10733065.518,0.0,0.0,50120.0,0.004691589966040022
2020-10-28,10786765.518,0.0,0.0,53700.0,0.005003230429362571
2020-10-29,10811825.518,0.0,0.0,25060.0,0.002323217275668199
2020-10-30,10879845.518,0.0,0.0,68020.0,0.006291259499772384
2020-11-02,10826145.518,-53700.0,-0.004935731845746967,-53700.0,-0.004935731845746916
2020-11-03,10897745.518,0.0,0.0,71600.0,0.00661361884347067
2020-11-04,10908485.518,0.0,0.0,10740.0,0.0009855249402053179
2020-11-05,10872685.518,-35800.0,-0.0032818487901851018,-35800.0,-0.0032818487901851157
2020-11-06,10793925.518,-114560.0,-0.010501916128592326,-78760.0,-0.007243840527679235
2020-11-09,10704425.518,-204060.0,-0.01870653810405508,-89500.0,-0.008291700720998052
2020-11-10,10743805.518,-164680.0,-0.015096504434851468,39380.0,0.0036788522591688633
2020-11-11,10768865.518,-139620.0,-0.012799210281721896,25060.0,0.0023325068531829807
2020-11-12,10736645.518,-171840.0,-0.015752874192888486,-32220.0,-0.0029919586186812896
2020-11-13,10740225.518,-168260.0,-0.015424689313869979,3580.0,0.00033343747765512965
2020-11-16,10865525.518,-42960.0,-0.003938218548222122,125300.0,0.01166642169570875
2020-11-17,10836885.518,-71600.0,-0.0065636975803702036,-28640.0,-0.0026358596234075105
2020-11-18,10826145.518,-82340.0,-0.007548252217425734,-10740.0,-0.0009910596529012494
2020-11-19,10869105.518,-39380.0,-0.0036100336692036117,42960.0,0.003968171306082402
2020-11-20,10740225.518,-168260.0,-0.015424689313869979,-128880.0,-0.011857461479839904
2020-11-23,10693685.518,-214800.0,-0.01969109274111061,-46540.0,-0.004333242344120358
2020-11-24,10758125.518,-150360.0,-0.013783764918777428,64440.0,0.0060259860729523496
2020-11-25,10772445.518,-136040.0,-0.012471025402703386,14320.0,0.0013310869050597862
2020-11-26,10722325.518,-186160.0,-0.017065613708962528,-50120.0,-0.004652611137949458
2020-11-27,10740225.518,-168260.0,-0.015424689313869979,17900.0,0.0016694139690078824
2020-11-30,10629245.518,-279240.0,-0.025598420563443792,-110980.0,-0.010333116359056316
2020-12-01,10657885.518,-250600.0,-0.022972941531295712,28640.0,0.0026944527672729812
2020-12-02,10597025.518,-311460.0,-0.028552084474610384,-60860.0,-0.005710325926959303
2020-12-03,10750965.518,-157520.0,-0.014440134676814447,153940.0,0.014526717873663664
2020-12-04,10783185.518,-125300.0,-0.011486470765647856,32220.0,0.002996940130266079
2020-12-07,10779605.518,-128880.0,-0.011814655644666366,-3580.0,-0.00033199836857333853
2020-12-08,10776025.518,-132460.0,-0.012142840523684877,-3580.0,-0.0003321086280960728
2020-12-09,10833305.518,-75180.0,-0.006891882459388714,57280.0,0.005315503374070607
2020-12-10,10814708.168,-93777.34999999963,-0.008596734152074403,-18597.35,-0.0017166828692405378
2020-12-11,10880648.168,-27837.349999999627,-0.0025518986988675423,65940.0,0.006097251906908685
2020-12-14,10927748.168,0.0,0.0,47100.0,0.004328786233390058
2020-12-15,10868088.168,-59660.0,-0.005459496236809692,-59660.0,-0.005459496236809747
2020-12-16,10915188.168,-12560.0,-0.0011493676288020403,47100.0,0.004333788912265213
2020-12-17,10855528.168,-72220.0,-0.006608863865611732,-59660.0,-0.0054657784255982556
2020-12-18,10890068.168,-37680.0,-0.003448102886406121,34540.0,0.0031817889894862894
2020-12-21,10934028.168,0.0,0.0,43960.0,0.00403670567730452
2020-12-22,10820988.168,-113040.0,-0.010338367366825318,-113040.0,-0.010338367366825363
2020-12-23,10918328.168,-15700.0,-0.0014358843565035163,97340.0,0.008995481603783162
2020-12-24,11009388.168,0.0,0.0,91060.0,0.008340104693581596
2020-12-25,10996828.168,-12560.0,-0.0011408445054655284,-12560.0,-0.001140844505465477
2020-12-28,10965428.168,-43960.0,-0.00399295576912935,-31400.0,-0.0028553687954652185
2020-12-29,10977988.168,-31400.0,-0.0028521112636638213,12560.0,0.0011454181093131233
2020-12-30,10943448.168,-65940.0,-0.005989433653694025,-34540.0,-0.003146295976222846
2020-12-31,10965428.168,-43960.0,-0.00399295576912935,21980.0,0.002008507708226137
2021-01-04,10962288.168,-47100.0,-0.004278166895495732,-3140.0,-0.0002863545273282808
2021-01-05,10959148.168,-50240.0,-0.0045633780218621136,-3140.0,-0.0002864365497311505
2021-01-06,10990548.168,-18840.0,-0.0017112667581982927,31400.0,0.0028651861913580046
2021-01-07,10977988.168,-31400.0,-0.0028521112636638213,-12560.0,-0.001142800141358702
2021-01-08,10984268.168,-25120.0,-0.0022816890109310568,6280.0,0.0005720538138587195
2021-01-11,10940308.168,-69080.0,-0.006274644780060406,-43960.0,-0.004002087287714562
2021-01-12,10968568.168,-40820.0,-0.0037077446427629676,28260.0,0.0025831082238303438
2021-01-13,10902628.168,-106760.0,-0.009697178296456992,-65940.0,-0.006011723589627205
2021-01-14,10852388.168,-157000.0,-0.014260556318319106,-50240.0,-0.0046080632326302995
2021-01-15,10836688.168,-172700.0,-0.015686611950151017,-15700.0,-0.001446686181599599
2021-01-18,10849248.168,-160140.0,-0.014545767444685487,12560.0,0.0011590256917319852
2021-01-19,10824128.168,-185260.0,-0.016827456455616546,-25120.0,-0.0023153678126832666
2021-01-20,10729928.168,-279460.0,-0.025383790246608008,-94200.0,-0.008702779432942176
2021-01-21,10723648.168,-285740.0,-0.025954212499340774,-6280.0,-0.0005852788482525462
2021-01-22,10736208.168,-273180.0,-0.024813367993875245,12560.0,0.0011712432003765372
2021-01-25,10849248.168,-160140.0,-0.014545767444685487,113040.0,0.0105288569512767
2021-01-26,10780168.168,-229220.0,-0.020820412224745895,-69080.0,-0.006367261484878983
2021-01-27,10817848.168,-191540.0,-0.01739787870834931,37680.0,0.003495307254282931
2021-01-28,10842968.168,-166420.0,-0.015116189697418252,25120.0,0.002322088423676316
2021-01-29,10871228.168,-138160.0,-0.012549289560120813,28260.0,0.002606297423559889
2021-02-01,10864948.168,-144440.0,-0.013119711812853577,-6280.0,-0.0005776716211776112
2021-02-02,10902628.168,-106760.0,-0.009697178296456992,37680.0,0.003468033111375224
2021-02-03,10852388.168,-157000.0,-0.014260556318319106,-50240.0,-0.0046080632326302995
2021-02-04,10855528.168,-153860.0,-0.013975345191952723,3140.0,0.0002893372363199642
2021-02-05,10880648.168,-128740.0,-0.011693656181021667,25120.0,0.0023140283559899277
2021-02-08,10921468.168,-87920.0,-0.0079859115382587,40820.0,0.0037516147356047025
2021-02-09,10999968.168,-9420.0,-0.0008556333790991463,78500.0,0.007187678322407853
2021-02-10,10956008.168,-53380.0,-0.004848589148228496,-43960.0,-0.003996375201146818
2021-02-18,11094168.168,0.0,0.0,138160.0,0.012610432365643298
2021-02-19,11125568.168,0.0,0.0,31400.0,0.0028303158492377634
2021-02-22,11116148.168,-9420.0,-0.0008466983310654055,-9420.0,-0.0008466983310654319
2021-02-23,11125568.168,0.0,0.0,9420.0,0.000847415836640053
2021-02-24,11178948.168,0.0,0.0,53380.0,0.004797957209370596
2021-02-25,11301408.168,0.0,0.0,122460.0,0.010954518990484718
2021-02-26,11304548.168,0.0,0.0,3140.0,0.00027784148252352203
2021-03-01,11307688.168,0.0,0.0,3140.0,0.00027776430807624486
2021-03-02,11226048.168,-81640.0,-0.00721986658873701,-81640.0,-0.007219866588736967
2021-03-03,11119288.168,-188400.0,-0.0166612305893931,-106760.0,-0.009510025113229181
2021-03-04,11207208.168,-100480.0,-0.00888598964767632,87920.0,0.007906980975007416
2021-03-05,11254308.168,-53380.0,-0.004720682000328044,47100.0,0.004202652372826021
2021-03-08,11260588.168,-47100.0,-0.004165307647348275,6280.0,0.0005580085338214857
2021-03-09,11235468.168,-72220.0,-0.006386805059267355,-25120.0,-0.0022307893357991215
2021-03-10,11310828.168,0.0,0.0,75360.0,0.0067073306490810225
2021-03-11,11329668.168,0.0,0.0,18840.0,0.001665660526370738
2021-03-12,11307688.168,-21980.0,-0.0019400391674383945,-21980.0,-0.0019400391674383455
2021-03-15,11326528.168,-3140.0,-0.0002771484524911992,18840.0,0.0016661230589392062
2021-03-16,11276288.168,-53380.0,-0.004711523692350387,-50240.0,-0.004435604560799056
2021-03-17,11301408.168,-28260.0,-0.002494336072420793,25120.0,0.0022276834030621195
2021-03-18,11348508.168,0.0,0.0,47100.0,0.004167622237852164
2021-03-19,11364208.168,0.0,0.0,15700.0,0.0013834417500151464
2021-03-22,11414448.168,0.0,0.0,50240.0,0.00442089754581132
2021-03-23,11430148.168,0.0,0.0,15700.0,0.0013754497605951155
2021-03-24,11398748.168,-31400.0,-0.002747120994276161,-31400.0,-0.0027471209942762087
2021-03-25,11420728.168,-9420.0,-0.0008241362982828483,21980.0,0.0019282819197379286
2021-03-26,11251168.168,-178980.0,-0.01565858966737412,-169560.0,-0.014846689064458629
2021-03-29,11317108.168,-113040.0,-0.00988963557939418,65940.0,0.005860724772343451
2021-03-30,11288848.168,-141300.0,-0.012362044474242724,-28260.0,-0.0024971043468425824
2021-03-31,11257448.168,-172700.0,-0.015109165468518886,-31400.0,-0.0027815060963445326
2021-04-01,11323388.168,-106760.0,-0.009340211380538947,65940.0,0.005857455350088969
2021-04-02,11279428.168,-150720.0,-0.013186180772525573,-43960.0,-0.003882230243084983
2021-04-06,11357928.168,-72220.0,-0.0063183782868351706,78500.0,0.006959572669003489
2021-04-07,11364208.168,-65940.0,-0.005768954087979938,6280.0,0.0005529177423126974
2021-04-08,11411308.168,-18840.0,-0.0016482725965656967,47100.0,0.004144591449198209
2021-04-09,11276288.168,-153860.0,-0.013460892871953189,-135020.0,-0.011832122839222636
2021-04-12,11289720.46,-140427.7079999987,-0.012285729453021619,13432.292,0.0011911980077026207
2021-04-13,11289720.46,-140427.7079999987,-0.012285729453021619,0.0,0.0
2021-04-14,11289720.46,-140427.7079999987,-0.012285729453021619,0.0,0.0
2021-04-15,11289720.46,-140427.7079999987,-0.012285729453021619,0.0,0.0
2021-04-16,11289720.46,-140427.7079999987,-0.012285729453021619,0.0,0.0
2021-04-19,11289720.46,-140427.7079999987,-0.012285729453021619,0.0,0.0
2021-04-20,11289720.46,-140427.7079999987,-0.012285729453021619,0.0,0.0
2021-04-21,11289720.46,-140427.7079999987,-0.012285729453021619,0.0,0.0
2021-04-22,11289720.46,-140427.7079999987,-0.012285729453021619,0.0,0.0
2021-04-23,11289720.46,-140427.7079999987,-0.012285729453021619,0.0,0.0
2021-04-26,11289720.46,-140427.7079999987,-0.012285729453021619,0.0,0.0
2021-04-27,11289720.46,-140427.7079999987,-0.012285729453021619,0.0,0.0
2021-04-28,11289720.46,-140427.7079999987,-0.012285729453021619,0.0,0.0
2021-04-29,11289720.46,-140427.7079999987,-0.012285729453021619,0.0,0.0
2021-04-30,11289720.46,-140427.7079999987,-0.012285729453021619,0.0,0.0
2021-05-06,11289720.46,-140427.7079999987,-0.012285729453021619,0.0,0.0
2021-05-07,11289720.46,-140427.7079999987,-0.012285729453021619,0.0,0.0
2021-05-10,11289720.46,-140427.7079999987,-0.012285729453021619,0.0,0.0
2021-05-11,11289720.46,-140427.7079999987,-0.012285729453021619,0.0,0.0
2021-05-12,11307766.21,-122381.9579999987,-0.010706944144663052,18045.75,0.0015984231021428652
2021-05-13,11300266.21,-129881.9579999987,-0.011363103617818185,-7500.0,-0.0006632609713285165
2021-05-14,11382766.21,-47381.9579999987,-0.004145349413111712,82500.0,0.007300712962584166
2021-05-17,11440266.21,0.0,0.0,57500.0,0.005051496177571169
2021-05-18,11442766.21,0.0,0.0,2500.0,0.00021852638339958652
2021-05-19,11425266.21,-17500.0,-0.001529350480367806,-17500.0,-0.0015293504803678415
2021-05-20,11455266.21,0.0,0.0,30000.0,0.0026257593870104845
2021-05-21,11435266.21,-20000.0,-0.001745921887222558,-20000.0,-0.0017459218872225568
2021-05-24,11390266.21,-65000.0,-0.005674246133473313,-45000.0,-0.003935194788963314
2021-05-25,11370266.21,-85000.0,-0.007420168020695871,-20000.0,-0.0017558852120981294
2021-05-26,11405266.21,-50000.0,-0.004364804718056395,35000.0,0.003078204094220549
2021-05-27,11375266.21,-80000.0,-0.006983687548890232,-30000.0,-0.002630363855400053
2021-05-28,11280266.21,-175000.0,-0.015276816513197383,-95000.0,-0.008351452901953715
2021-05-31,11212766.21,-242500.0,-0.021169302882573515,-67500.0,-0.005983901332059061
2021-06-01,11165266.21,-290000.0,-0.02531586736472709,-47500.0,-0.004236242788834499
2021-06-02,11165266.21,-290000.0,-0.02531586736472709,0.0,0.0
2021-06-03,11205266.21,-250000.0,-0.021824023590281974,40000.0,0.003582538852873407
2021-06-04,11130266.21,-325000.0,-0.028371230667366566,-75000.0,-0.006693281408438723
2021-06-07,11112766.21,-342500.0,-0.029898912318686303,-17500.0,-0.0015722894376306584
2021-06-08,11125266.21,-330000.0,-0.028807711139172205,12500.0,0.0011248324461961001
2021-06-09,11130266.21,-325000.0,-0.028371230667366566,5000.0,0.00044942744790277267
2021-06-10,11110266.21,-345000.0,-0.030117152554589122,-20000.0,-0.001796902214434959
2021-06-11,11072766.21,-382500.0,-0.03339075609313142,-37500.0,-0.00337525665822902
2021-06-15,11022766.21,-432500.0,-0.03775556081118781,-50000.0,-0.004515583464125172
2021-06-16,11015266.21,-440000.0,-0.03841028151889627,-7500.0,-0.0006804099676174236
2021-06-17,11052766.21,-402500.0,-0.03513667798035398,37500.0,0.0034043662027847255
2021-06-18,11070266.21,-385000.0,-0.03360899632903424,17500.0,0.001583314047135742
2021-06-21,11080266.21,-375000.0,-0.03273603538542296,10000.0,0.0009033206438131547
2021-06-22,11045266.21,-410000.0,-0.035791398688062435,-35000.0,-0.003158768872214668
2021-06-23,11027766.21,-427500.0,-0.03731908033938217,-17500.0,-0.0015843891552523859
2021-06-24,11027766.21,-427500.0,-0.03731908033938217,0.0,0.0
2021-06-25,11065266.21,-390000.0,-0.03404547680083988,37500.0,0.003400507345358461
2021-06-28,11110266.21,-345000.0,-0.030117152554589122,45000.0,0.0040667797001876504
2021-06-29,11097766.21,-357500.0,-0.031208353734103224,-12500.0,-0.0011250855527430437
2021-06-30,11177766.21,-277500.0,-0.02422466618521299,80000.0,0.007208657894407056
2021-07-01,11230266.21,-225000.0,-0.019641621231253778,52500.0,0.004696823946186202
2021-07-02,11252766.21,-202500.0,-0.017677459108128398,22500.0,0.0020035143939833855
2021-07-05,11225266.21,-230000.0,-0.020078101703059417,-27500.0,-0.0024438435391611613
2021-07-06,11290266.21,-165000.0,-0.014403855569586102,65000.0,0.005790508553115137
2021-07-07,11320266.21,-135000.0,-0.011784972738752265,30000.0,0.0026571561238679653
2021-07-08,11370266.21,-85000.0,-0.007420168020695871,50000.0,0.004416857260461926
2021-07-09,11407766.21,-47500.0,-0.004146564482153575,37500.0,0.0032980758152363343
2021-07-12,11327766.21,-127500.0,-0.011130252031043807,-80000.0,-0.0070127664371200105
2021-07-13,11247766.21,-207500.0,-0.018113939579934037,-80000.0,-0.007062292645956703
2021-07-14,11262766.21,-192500.0,-0.01680449816451712,15000.0,0.001333598131392888
2021-07-15,11272766.21,-182500.0,-0.01593153722090584,10000.0,0.0008878813440273969
2021-07-16,11285266.21,-170000.0,-0.014840336041391742,12500.0,0.0011088671375896197
2021-07-19,11345266.21,-110000.0,-0.009602570379724068,60000.0,0.00531666678335263
2021-07-20,11392766.21,-62500.0,-0.0054560058975704935,47500.0,0.004186768218636727
2021-07-21,11395266.21,-60000.0,-0.005237765661667674,2500.0,0.00021943748813213482
2021-07-22,11440266.21,-15000.0,-0.0013094414154169185,45000.0,0.003949008225934136
2021-07-23,11487766.21,0.0,0.0,47500.0,0.004152001284592588
2021-07-26,11480266.21,-7500.0,-0.0006528684395989287,-7500.0,-0.000652868439598886
2021-07-27,11487766.21,0.0,0.0,7500.0,0.0006532949552569001
2021-07-28,11502766.21,0.0,0.0,15000.0,0.001305736879197772
2021-07-29,11495266.21,-7500.0,-0.0006520170768558113,-7500.0,-0.0006520170768558042
2021-07-30,11602766.21,0.0,0.0,107500.0,0.009351675553758154
2021-08-02,11575266.21,-27500.0,-0.002370124460173881,-27500.0,-0.002370124460173928
2021-08-03,11587766.21,-15000.0,-0.0012927951600948443,12500.0,0.0010798887708691751
2021-08-04,11667766.21,0.0,0.0,80000.0,0.006903832762086726
2021-08-05,11650266.21,-17500.0,-0.0014998586434652257,-17500.0,-0.0014998586434652461
2021-08-06,11715266.21,0.0,0.0,65000.0,0.005579271651681816
2021-08-09,11627766.21,-87500.0,-0.007468887042900581,-87500.0,-0.007468887042900607
2021-08-10,11722766.21,0.0,0.0,95000.0,0.008170098906727263
2021-08-11,11757766.21,0.0,0.0,35000.0,0.0029856434371389184
2021-08-12,11752766.21,-5000.0,-0.00042525084362942094,-5000.0,-0.0004252508436294322
2021-08-13,11695266.21,-62500.0,-0.005315635545367762,-57500.0,-0.004892465226703391
2021-08-16,11502766.21,-255000.0,-0.02168779302510047,-192500.0,-0.016459650985576002
2021-08-17,11365622.96,-392143.25,-0.03335184957721659,-137143.25,-0.01192263213006739
2021-08-18,11377850.592,-379915.6180000007,-0.03231188741249863,12227.631999999983,0.0010758435365165742
2021-08-19,11318850.592,-438915.6180000007,-0.037329847367325794,-59000.0,-0.0051855136893328435
2021-08-20,11344810.592,-412955.6180000007,-0.03512194498720184,25960.0,0.0022935190979858078
2021-08-23,11366050.592,-391715.6180000007,-0.03331547940346406,21240.0,0.0018722216495159483
2021-08-24,11410890.592,-346875.6180000007,-0.029501829837795413,44840.0,0.003945081859090038
2021-08-25,11498210.592,-259555.61800000072,-0.022075249104651206,87320.0,0.007652338728163732
2021-08-26,11481690.592,-276075.6180000007,-0.023480277892002813,-16520.0,-0.0014367452976982165
2021-08-27,11540690.592,-217075.61800000072,-0.018462317937175645,59000.0,0.005138616088567138
2021-08-30,11524170.592,-233595.61800000072,-0.01986734672452725,-16520.0,-0.0014314567978671588
2021-08-31,11583170.592,-174595.61800000072,-0.014849386769700084,59000.0,0.005119674299246979
2021-09-01,11618570.592,-139195.61800000072,-0.011838610796803784,35400.0,0.0030561580457468818
2021-09-02,11587890.592,-169875.61800000072,-0.01444794997331391,-30680.0,-0.002640600214722233
2021-09-03,11675210.592,-82555.61800000072,-0.007021369240169703,87320.0,0.007535452574973789
2021-09-06,11663410.592,-94355.61800000072,-0.008024961231135136,-11800.0,-0.0010106884074609912
2021-09-07,11703530.592,-54235.618000000715,-0.004612748461852663,40120.0,0.003439817168703563
2021-09-08,11741290.592,-16475.618000000715,-0.0014012540907632756,37760.0,0.0032263768358764544
2021-09-09,11736570.592,-21195.618000000715,-0.001802690887149449,-4720.0,-0.00040200010067170666
2021-09-10,11658690.592,-99075.61800000072,-0.00842639802752131,-77880.0,-0.006635669200770189
2021-09-13,11687010.592,-70755.61800000072,-0.006017777249204269,28320.0,0.002429089251192007
2021-09-14,11672850.592,-84915.61800000072,-0.00722208763836279,-14160.0,-0.0012116015373249134
2021-09-15,11720050.592,-37715.618000000715,-0.0032077196745010556,47200.0,0.004043570987908307
2021-09-16,11722410.592,-35355.618000000715,-0.003007001276307969,2360.0,0.00020136431847928016
2021-09-17,11665770.592,-91995.61800000072,-0.007824242832942049,-56640.0,-0.004831770697287685
2021-09-22,11764890.592,0.0,0.0,99120.0,0.008496652597298038
2021-09-23,11807370.592,0.0,0.0,42480.0,0.0036107433101746356
2021-09-24,11833330.592,0.0,0.0,25960.0,0.002198626679642768
2021-09-27,11786130.592,-47200.0,-0.003988733318404023,-47200.0,-0.003988733318403992
2021-09-28,11807370.592,-25960.0,-0.0021938033251222124,21240.0,0.0018021181620384574
2021-09-29,11771970.592,-61360.0,-0.00518535331392523,-35400.0,-0.002998127290421926
2021-09-30,11814450.592,-18880.0,-0.001595493327361609,42480.0,0.0036085717058169653
2021-10-08,11807370.592,-25960.0,-0.0021938033251222124,-7080.0,-0.0005992661228609863
2021-10-11,11790850.592,-42480.0,-0.0035898599865636207,-16520.0,-0.0013991260688634988
2021-10-12,11845130.592,0.0,0.0,54280.0,0.004603569486058001
2021-10-13,11894690.592,0.0,0.0,49560.0,0.0041839977714954735
2021-10-14,11840410.592,-54280.0,-0.00456338057557437,-54280.0,-0.004563380575574372
2021-10-15,11793210.592,-101480.0,-0.008531537597812952,-47200.0,-0.003986348246393656
2021-10-18,11802650.592,-92040.0,-0.007737906193365235,9440.0,0.0008004605638436413
2021-10-19,11812090.592,-82600.0,-0.006944274788917519,9440.0,0.0007998203392041159
2021-10-20,11838050.592,-56640.0,-0.004761788426686299,25960.0,0.0021977481291568512
2021-10-21,11868730.592,-25960.0,-0.0021824863622312203,30680.0,0.0025916429197163637
2021-10-22,11838050.592,-56640.0,-0.004761788426686299,-30680.0,-0.0025849436687592764
2021-10-25,11901770.592,0.0,0.0,63720.0,0.0053826429871031145
2021-10-26,11906490.592,0.0,0.0,4720.0,0.00039657964867623186
2021-10-27,11932450.592,0.0,0.0,25960.0,0.0021803233958326285
2021-10-28,11960770.592,0.0,0.0,28320.0,0.00237335992147214
2021-10-29,12088210.592,0.0,0.0,127440.0,0.010654831895633876
2021-11-01,12081130.592,-7080.0,-0.0005856946275146428,-7080.0,-0.0005856946275146768
2021-11-02,12100010.592,0.0,0.0,18880.0,0.001562767644652574
2021-11-03,12194410.592,0.0,0.0,94400.0,0.007801646063220202
2021-11-04,12083490.592,-110920.0,-0.009095970581207735,-110920.0,-0.009095970581207702
2021-11-05,12097650.592,-96760.0,-0.007934782847436535,14160.0,0.001171846817952904
2021-11-08,12078770.592,-115640.0,-0.009483033159131469,-18880.0,-0.0015606336004186927
2021-11-09,11993810.592,-200600.0,-0.01645015956175867,-84960.0,-0.007033828430872857
2021-11-10,12121250.592,-73160.0,-0.005999469957817868,127440.0,0.010625480452809866
2021-11-11,12170810.592,-23600.0,-0.001935312889618667,49560.0,0.0040886870231615635
2021-11-12,12208570.592,0.0,0.0,37760.0,0.0031025049411925743
2021-11-15,12229810.592,0.0,0.0,21240.0,0.001739761411046592
2021-11-16,12274650.592,0.0,0.0,44840.0,0.0036664508957588993
2021-11-17,12291170.592,0.0,0.0,16520.0,0.0013458631572589308
2021-11-18,12284090.592,-7080.0,-0.0005760232475015997,-7080.0,-0.0005760232475016114
2021-11-19,12413890.592,0.0,0.0,129800.0,0.01056651276119136
2021-11-22,12324210.592,-89680.0,-0.00722416548908473,-89680.0,-0.007224165489084777
2021-11-23,12314770.592,-99120.0,-0.007984603961619964,-9440.0,-0.0007659719808851273
2021-11-24,12258130.592,-155760.0,-0.012547234796831373,-56640.0,-0.004599354862265592
2021-11-25,12229810.592,-184080.0,-0.014828550214437075,-28320.0,-0.002310303336014563
2021-11-26,12092930.592,-320960.0,-0.025854908066197977,-136880.0,-0.011192323787053482
2021-11-29,12189690.592,-224200.0,-0.018060413722711822,96760.0,0.008001369003474812
2021-11-30,12253410.592,-160480.0,-0.012927454033098989,63720.0,0.005227368120550802
2021-12-01,12336010.592,-77880.0,-0.006273617398415686,82600.0,0.00674098034827364
2021-12-02,12409170.592,-4720.0,-0.00038021923626761734,73160.0,0.005930604505758552
2021-12-03,12406810.592,-7080.0,-0.000570328854401426,-2360.0,-0.0001901819289615858
2021-12-06,12411530.592,-2360.0,-0.00019010961813380867,4720.0,0.000380436210015489
2021-12-07,12345450.592,-68440.0,-0.005513178925880451,-66080.0,-0.005324081466841268
2021-12-08,12314770.592,-99120.0,-0.007984603961619964,-30680.0,-0.002485125979920122
2021-12-09,12314770.592,-99120.0,-0.007984603961619964,0.0,0.0
2021-12-10,12291494.856,-122395.73599999957,-0.00985957908142643,-23275.736000000004,-0.001890066552690861
2021-12-13,12291494.856,-122395.73599999957,-0.00985957908142643,0.0,0.0
2021-12-14,12291494.856,-122395.73599999957,-0.00985957908142643,0.0,0.0
2021-12-15,12291494.856,-122395.73599999957,-0.00985957908142643,0.0,0.0
2021-12-16,12291494.856,-122395.73599999957,-0.00985957908142643,0.0,0.0
2021-12-17,12291494.856,-122395.73599999957,-0.00985957908142643,0.0,0.0
2021-12-20,12291494.856,-122395.73599999957,-0.00985957908142643,0.0,0.0
2021-12-21,12291494.856,-122395.73599999957,-0.00985957908142643,0.0,0.0
2021-12-22,12291494.856,-122395.73599999957,-0.00985957908142643,0.0,0.0
2021-12-23,12291494.856,-122395.73599999957,-0.00985957908142643,0.0,0.0
2021-12-24,12291494.856,-122395.73599999957,-0.00985957908142643,0.0,0.0
2021-12-27,12244354.196,-169536.39599999972,-0.013656991314975471,-47140.66,-0.0038352259470693095
2021-12-28,12249114.196,-164776.39599999972,-0.013273549881790333,4760.0,0.00038875059670817613
2021-12-29,12261014.196,-152876.39599999972,-0.012314946298827484,11900.0,0.0009714988210238751
2021-12-30,12289574.196,-124316.39599999972,-0.010014297699716646,28560.0,0.0023293342250036986
2021-12-31,12315754.196,-98136.39599999972,-0.007905369817198379,26180.0,0.0021302609498481395
2022-01-04,12308614.196,-105276.39599999972,-0.008480531966976089,-7140.0,-0.0005797452503817357
2022-01-05,12313374.196,-100516.39599999972,-0.008097090533790948,4760.0,0.0003867210332701987
2022-01-06,12296714.196,-117176.39599999972,-0.009439135549938938,-16660.0,-0.0013530003827393333
2022-01-07,12334794.196,-79096.39599999972,-0.006371604084457821,38080.0,0.0030967622238782244
2022-01-10,12360974.196,-52916.39599999972,-0.004262676201939554,26180.0,0.0021224513019024727
2022-01-11,12339554.196,-74336.39599999972,-0.005988162651272682,-21420.0,-0.0017328731263699382
2022-01-12,12339554.196,-74336.39599999972,-0.005988162651272682,0.0,0.0
2022-01-13,12351454.196,-62436.39599999972,-0.005029559068309833,11900.0,0.0009643784379063103
2022-01-14,12401434.196,-12456.395999999717,-0.0010034240198658678,49980.0,0.0040464870943039966
2022-01-17,12408574.196,-5316.395999999717,-0.00042826187008815846,7140.0,0.0005757398609833597
2022-01-18,12437134.196,0.0,0.0,28560.0,0.0023016343013209095
2022-01-19,12489494.196,0.0,0.0,52360.0,0.004209973067335726
2022-01-20,12484734.196,-4760.0,-0.0003811203180289304,-4760.0,-0.0003811203180289491
2022-01-21,12475214.196,-14280.0,-0.001143360954086791,-9520.0,-0.0007625312522112626
2022-01-24,12479974.196,-9520.0,-0.0007622406360578608,4760.0,0.0003815565749185623
2022-01-25,12494254.196,0.0,0.0,14280.0,0.0011442331350794976
2022-01-26,12527574.196,0.0,0.0,33320.0,0.0026668258446884696
2022-01-27,12560894.196,0.0,0.0,33320.0,0.0026597328005160126
2022-01-28,12530108.42,-30785.776000000536,-0.002450922324447588,-30785.775999999998,-0.0024509223244475464
2022-02-07,12530108.42,-30785.776000000536,-0.002450922324447588,0.0,0.0
2022-02-08,12492922.515999999,-67971.68000000156,-0.005411372704790958,-37185.90399999998,-0.0029677240414494044
2022-02-09,12520362.515999999,-40531.680000001565,-0.00322681485629493,27440.0,0.0021964436235681895
2022-02-10,12547802.515999999,-13091.680000001565,-0.0010422570077989028,27440.0,0.0021916298321980054
2022-02-11,12594842.515999999,0.0,0.0,47040.0,0.0037488635910565282
2022-02-14,12620322.515999999,0.0,0.0,25480.0,0.0020230503055223004
2022-02-15,12645802.515999999,0.0,0.0,25480.0,0.002018965836070974
2022-02-16,12636002.515999999,-9800.0,-0.0007749607023833109,-9800.0,-0.0007749607023833649
2022-02-17,12626274.84,-19527.675999999046,-0.0015442021947829577,-9727.676,-0.0007698380866639765
2022-02-18,12626274.84,-19527.675999999046,-0.0015442021947829577,0.0,0.0
2022-02-21,12626274.84,-19527.675999999046,-0.0015442021947829577,0.0,0.0
2022-02-22,12626274.84,-19527.675999999046,-0.0015442021947829577,0.0,0.0
2022-02-23,12626274.84,-19527.675999999046,-0.0015442021947829577,0.0,0.0
2022-02-24,12626274.84,-19527.675999999046,-0.0015442021947829577,0.0,0.0
2022-02-25,12626274.84,-19527.675999999046,-0.0015442021947829577,0.0,0.0
2022-02-28,12626274.84,-19527.675999999046,-0.0015442021947829577,0.0,0.0
2022-03-01,12626274.84,-19527.675999999046,-0.0015442021947829577,0.0,0.0
2022-03-02,12626274.84,-19527.675999999046,-0.0015442021947829577,0.0,0.0
2022-03-03,12626274.84,-19527.675999999046,-0.0015442021947829577,0.0,0.0
2022-03-04,12626274.84,-19527.675999999046,-0.0015442021947829577,0.0,0.0
2022-03-07,12626274.84,-19527.675999999046,-0.0015442021947829577,0.0,0.0
2022-03-08,12626274.84,-19527.675999999046,-0.0015442021947829577,0.0,0.0
2022-03-09,12626274.84,-19527.675999999046,-0.0015442021947829577,0.0,0.0
2022-03-10,12626274.84,-19527.675999999046,-0.0015442021947829577,0.0,0.0
2022-03-11,12626274.84,-19527.675999999046,-0.0015442021947829577,0.0,0.0
2022-03-14,12626274.84,-19527.675999999046,-0.0015442021947829577,0.0,0.0
2022-03-15,12626274.84,-19527.675999999046,-0.0015442021947829577,0.0,0.0
2022-03-16,12626274.84,-19527.675999999046,-0.0015442021947829577,0.0,0.0
2022-03-17,12626274.84,-19527.675999999046,-0.0015442021947829577,0.0,0.0
2022-03-18,12626274.84,-19527.675999999046,-0.0015442021947829577,0.0,0.0
2022-03-21,12626274.84,-19527.675999999046,-0.0015442021947829577,0.0,0.0
2022-03-22,12626274.84,-19527.675999999046,-0.0015442021947829577,0.0,0.0
2022-03-23,12626274.84,-19527.675999999046,-0.0015442021947829577,0.0,0.0
2022-03-24,12626274.84,-19527.675999999046,-0.0015442021947829577,0.0,0.0
2022-03-25,12626274.84,-19527.675999999046,-0.0015442021947829577,0.0,0.0
2022-03-28,12626274.84,-19527.675999999046,-0.0015442021947829577,0.0,0.0
2022-03-29,12626274.84,-19527.675999999046,-0.0015442021947829577,0.0,0.0
2022-03-30,12626274.84,-19527.675999999046,-0.0015442021947829577,0.0,0.0
2022-03-31,12626274.84,-19527.675999999046,-0.0015442021947829577,0.0,0.0
2022-04-01,12626274.84,-19527.675999999046,-0.0015442021947829577,0.0,0.0
2022-04-06,12626274.84,-19527.675999999046,-0.0015442021947829577,0.0,0.0
2022-04-07,12626274.84,-19527.675999999046,-0.0015442021947829577,0.0,0.0
2022-04-08,12626274.84,-19527.675999999046,-0.0015442021947829577,0.0,0.0
2022-04-11,12626274.84,-19527.675999999046,-0.0015442021947829577,0.0,0.0
2022-04-12,12626274.84,-19527.675999999046,-0.0015442021947829577,0.0,0.0
2022-04-13,12607389.3,-38413.21599999815,-0.003037625801240858,-18885.54,-0.001495733321135173
2022-04-14,12590469.3,-55333.21599999815,-0.0043756191771924515,-16920.0,-0.0013420700826617393
2022-04-15,12738989.3,0.0,0.0,148520.0,0.011796224307540237
2022-04-18,12639349.3,-99640.0,-0.007821656620749339,-99640.0,-0.007821656620749295
2022-04-19,12738989.3,0.0,0.0,99640.0,0.00788331722108504
2022-04-20,12605509.3,-133480.0,-0.010478068303267984,-133480.0,-0.010478068303268029
2022-04-21,12588589.3,-150400.0,-0.011806274144527305,-16920.0,-0.0013422702405209153
2022-04-22,12571669.3,-167320.0,-0.013134479985786627,-16920.0,-0.0013440743515240605
2022-04-25,12594229.3,-144760.0,-0.011363538864107531,22560.0,0.0017945110916972595
2022-04-26,12624309.3,-114680.0,-0.00900228403520207,30080.0,0.0023883954534638097
2022-04-27,12727709.3,-11280.0,-0.0008854705608395478,103400.0,0.008190547105812795
2022-04-28,12767189.3,0.0,0.0,39480.0,0.0031018935984026275
2022-04-29,13009709.3,0.0,0.0,242520.0,0.018995567019594484
2022-05-05,12848029.3,-161680.0,-0.01242764125405938,-161680.0,-0.012427641254059374
2022-05-06,12723949.3,-285760.0,-0.021965133379267743,-124080.0,-0.00965751222251654
2022-05-09,12754029.3,-255680.0,-0.019653014076186928,30080.0,0.0023640458862879132
2022-05-10,12812309.3,-197400.0,-0.015173282926467848,58280.0,0.004569536311163969
2022-05-11,12846149.3,-163560.0,-0.012572148710501932,33840.0,0.0026412100432198216
2022-05-12,12725829.3,-283880.0,-0.02182062592282519,-120320.0,-0.009366230859546354
2022-05-13,12816069.3,-193640.0,-0.014884268013582747,90240.0,0.007091089929989858
2022-05-16,12731469.3,-278240.0,-0.02138710355349754,-84600.0,-0.006601087901420777
2022-05-17,12705149.3,-304560.0,-0.02341020794369325,-26320.0,-0.002067318341646529
2022-05-18,12752149.3,-257560.0,-0.019797521532629477,47000.0,0.0036992875006987003
2022-05-19,12795389.3,-214320.0,-0.01647385003445081,43240.0,0.0033908009530596583
2022-05-20,12853669.3,-156040.0,-0.011994118884731729,58280.0,0.004554765676414441
2022-05-23,12836749.3,-172960.0,-0.013294685992714687,-16920.0,-0.0013163556339511606
2022-05-24,12955189.3,-54520.0,-0.0041907162368339775,118440.0,0.009226634970584069
2022-05-25,13004069.3,-5640.0,-0.0004335223693276528,48880.0,0.0037730054627607146
2022-05-26,13015349.3,0.0,0.0,11280.0,0.0008674207849692639
2022-05-27,13075509.3,0.0,0.0,60160.0,0.004622234763995259
2022-05-30,12930749.3,-144760.0,-0.011071079273371018,-144760.0,-0.011071079273371032
2022-05-31,12960829.3,-114680.0,-0.008770595268514703,30080.0,0.0023262379698290037
2022-06-01,13013469.3,-62040.0,-0.004744748260016151,52640.0,0.004061468504951371
2022-06-02,13081149.3,0.0,0.0,67680.0,0.005200765333192026
2022-06-06,13011589.3,-69560.0,-0.0053175755741890355,-69560.0,-0.005317575574188993
2022-06-07,13019109.3,-62040.0,-0.004742702539141572,7520.0,0.0005779463082191683
2022-06-08,12968349.3,-112800.0,-0.008623095525711949,-50760.0,-0.003898884234730282
2022-06-09,12806669.3,-274480.0,-0.020982865779232408,-161680.0,-0.01246727677207149
2022-06-10,12827349.3,-253800.0,-0.019401964932851887,20680.0,0.001614783634648953
2022-06-13,12834869.3,-246280.0,-0.018827091897804422,7520.0,0.0005862473862781048
2022-06-14,12836749.3,-244400.0,-0.018683373639042555,1880.0,0.00014647597541173063
2022-06-15,12665669.3,-415480.0,-0.03176173518637235,-171080.0,-0.013327361624176914
2022-06-16,12648749.3,-432400.0,-0.03305519951522914,-16920.0,-0.0013358946613267753
2022-06-17,12549109.3,-532040.0,-0.040672267229608025,-99640.0,-0.0078774586828122
2022-06-20,12344189.3,-736960.0,-0.0563375574346514,-204920.0,-0.016329445787837682
2022-06-21,12379909.3,-701240.0,-0.05360691051817595,35720.0,0.002893669169509616
2022-06-22,12389309.3,-691840.0,-0.05288831922436662,9400.0,0.0007592947389363225
2022-06-23,12355469.3,-725680.0,-0.055475247882080206,-33840.0,-0.002731387132291596
2022-06-24,12325389.3,-755760.0,-0.05777474002227006,-30080.0,-0.002434549369970118
2022-06-27,12353589.3,-727560.0,-0.05561896614084207,28200.0,0.0022879601863772248
2022-06-28,12443829.3,-637320.0,-0.048720489720272514,90240.0,0.007304759597277499
2022-06-29,12391189.3,-689960.0,-0.05274460096560475,-52640.0,-0.004230209104523763
2022-06-30,12387429.3,-693720.0,-0.053032037483128486,-3760.0,-0.000303441413811667
2022-07-01,12342309.3,-738840.0,-0.05648127569341327,-45120.0,-0.0036424022214197604
2022-07-04,12312229.3,-768920.0,-0.05878076783360312,-30080.0,-0.002437145210742675
2022-07-05,12299069.3,-782080.0,-0.05978679564493618,-13160.0,-0.0010688559869495018
2022-07-06,12268989.3,-812160.0,-0.06208628778512603,-30080.0,-0.0024457135142738062
2022-07-07,12195669.3,-885480.0,-0.0676912998768388,-73320.0,-0.005976042378649682
2022-07-08,12139269.3,-941880.0,-0.07200284763969478,-56400.0,-0.0046245924362675606
2022-07-11,12139269.3,-941880.0,-0.07200284763969478,0.0,0.0
2022-07-12,12126109.3,-955040.0,-0.07300887545102784,-13160.0,-0.001084085019845471
2022-07-13,12174989.3,-906160.0,-0.06927220072321932,48880.0,0.004030971418012896
2022-07-14,12173109.3,-908040.0,-0.06941591898198118,-1880.0,-0.00015441492010181967
2022-07-15,12173109.3,-908040.0,-0.06941591898198118,0.0,0.0
2022-07-18,12253949.3,-827200.0,-0.06323603385522096,80840.0,0.006640867013327556
2022-07-19,12282149.3,-799000.0,-0.061080259973792975,28200.0,0.002301298896348447
2022-07-20,12300949.3,-780200.0,-0.05964307738617431,18800.0,0.0015306767195868431
2022-07-21,12280269.3,-800880.0,-0.061223978232554835,-20680.0,-0.001681171062139053
2022-07-22,12270869.3,-810280.0,-0.06194256952636416,-9400.0,-0.0007654555262888163
2022-07-25,12332909.3,-748240.0,-0.0571998669872226,62040.0,0.005055876522130243
2022-07-26,12355469.3,-725680.0,-0.055475247882080206,22560.0,0.001829252080853383
2022-07-27,12299069.3,-782080.0,-0.05978679564493618,-56400.0,-0.0045647800686939854
2022-07-28,12321629.3,-759520.0,-0.05806217653979379,22560.0,0.0018342851357053824
2022-07-29,12306589.3,-774560.0,-0.059211922609888716,-15040.0,-0.0012206177960571996
2022-08-01,12355469.3,-725680.0,-0.055475247882080206,48880.0,0.0039718559552484045
2022-08-02,12319749.3,-761400.0,-0.05820589479855565,-35720.0,-0.00289102737683955
2022-08-03,12315989.3,-765160.0,-0.05849333131607939,-3760.0,-0.0003052010157381657
2022-08-04,12359229.3,-721920.0,-0.05518781136455647,43240.0,0.003510883206109927
2022-08-05,12415629.3,-665520.0,-0.0508762636017005,56400.0,0.00456339134350392
2022-08-08,12500229.3,-580920.0,-0.044408941957416535,84600.0,0.0068139921026797445
2022-08-09,12430669.3,-650480.0,-0.04972651753160557,-69560.0,-0.005564697921181305
2022-08-10,12413749.3,-667400.0,-0.05101998186046237,-16920.0,-0.0013611495561224318
2022-08-11,12419389.3,-661760.0,-0.050588827084176766,5640.0,0.0004543349365047078
2022-08-12,12391189.3,-689960.0,-0.05274460096560475,-28200.0,-0.0022706430500571972
2022-08-15,12423149.3,-658000.0,-0.05030139056665304,31960.0,0.0025792520173990585
2022-08-16,12376149.3,-705000.0,-0.05389434703569968,-47000.0,-0.003783259692451746
2022-08-17,12361376.26,-719773.040000001,-0.055023685113050495,-14773.04,-0.0011936701506987113
2022-08-18,12361376.26,-719773.040000001,-0.055023685113050495,0.0,0.0
2022-08-19,12361376.26,-719773.040000001,-0.055023685113050495,0.0,0.0
2022-08-22,12361376.26,-719773.040000001,-0.055023685113050495,0.0,0.0
2022-08-23,12361376.26,-719773.040000001,-0.055023685113050495,0.0,0.0
2022-08-24,12361376.26,-719773.040000001,-0.055023685113050495,0.0,0.0
2022-08-25,12361376.26,-719773.040000001,-0.055023685113050495,0.0,0.0
2022-08-26,12361376.26,-719773.040000001,-0.055023685113050495,0.0,0.0
2022-08-29,12361376.26,-719773.040000001,-0.055023685113050495,0.0,0.0
2022-08-30,12361376.26,-719773.040000001,-0.055023685113050495,0.0,0.0
2022-08-31,12361376.26,-719773.040000001,-0.055023685113050495,0.0,0.0
2022-09-01,12361376.26,-719773.040000001,-0.055023685113050495,0.0,0.0
2022-09-02,12361376.26,-719773.040000001,-0.055023685113050495,0.0,0.0
2022-09-05,12361376.26,-719773.040000001,-0.055023685113050495,0.0,0.0
2022-09-06,12361376.26,-719773.040000001,-0.055023685113050495,0.0,0.0
2022-09-07,12361376.26,-719773.040000001,-0.055023685113050495,0.0,0.0
2022-09-08,12390090.5,-691058.8000000007,-0.05282859970109818,28714.24000000002,0.0023228999260314076
2022-09-09,12364490.5,-716658.8000000007,-0.0547856142884938,-25600.0,-0.002066167313305778
2022-09-13,12392650.5,-688498.8000000007,-0.052632898242358624,28160.0,0.0022774897194510757
2022-09-14,12359370.5,-721778.8000000007,-0.05517701720597293,-33280.0,-0.0026854626457835096
2022-09-15,12356810.5,-724338.8000000007,-0.05537271866471249,-2560.0,-0.00020713029033314623
2022-09-16,12359370.5,-721778.8000000007,-0.05517701720597293,2560.0,0.00020717320217866764
2022-09-19,12364490.5,-716658.8000000007,-0.0547856142884938,5120.0,0.00041426058066629246
2022-09-20,12372170.5,-708978.8000000007,-0.054198509912275115,7680.0,0.0006211335598502732
2022-09-21,12395210.5,-685938.8000000007,-0.05243719678361906,23040.0,0.0018622439773199329
2022-09-22,12390090.5,-691058.8000000007,-0.05282859970109818,-5120.0,-0.0004130627713018198
2022-09-23,12346570.5,-734578.8000000007,-0.056155524499670734,-43520.0,-0.0035124844326197557
2022-09-26,12349130.5,-732018.8000000007,-0.055959823040931174,2560.0,0.0002073450275119626
2022-09-27,12349130.5,-732018.8000000007,-0.055959823040931174,0.0,0.0
2022-09-28,12356810.5,-724338.8000000007,-0.05537271866471249,7680.0,0.0006219061333914144
2022-09-29,12392650.5,-688498.8000000007,-0.052632898242358624,35840.0,0.002900424830501347
2022-09-30,12390090.5,-691058.8000000007,-0.05282859970109818,-2560.0,-0.00020657404967561188
2022-10-10,12589770.5,-491378.80000000075,-0.03756388591941235,199680.0,0.0161161050437848
2022-10-11,12538570.5,-542578.8000000007,-0.041477915094203587,-51200.0,-0.004066793751323794
2022-10-12,12574410.5,-506738.80000000075,-0.03873809467184972,35840.0,0.0028583800681265537
2022-10-13,12525770.5,-555378.8000000007,-0.0424564223879014,-48640.0,-0.0038681733827601317
2022-10-14,12492490.5,-588658.8000000007,-0.045000541351515704,-33280.0,-0.0026569223825392285
2022-10-17,12448970.5,-632178.8000000007,-0.04832746615008826,-43520.0,-0.0034836928633246167
2022-10-18,12497610.5,-583538.8000000007,-0.04460913843403658,48640.0,0.0039071503944845265
2022-10-19,12484810.5,-596338.8000000007,-0.04558764572773439,-12800.0,-0.0010241957852663575
2022-10-20,12515530.5,-565618.8000000007,-0.043239228222859645,30720.0,0.0024605900105572065
2022-10-21,12512970.5,-568178.8000000007,-0.04343492968159921,-2560.0,-0.00020454586403673147
2022-10-24,12472010.5,-609138.8000000007,-0.0465661530214322,-40960.0,-0.0032734033857108047
2022-10-25,12492490.5,-588658.8000000007,-0.045000541351515704,20480.0,0.001642076872850673
2022-10-26,12482250.5,-598898.8000000007,-0.04578334718647395,-10240.0,-0.0008196924384292759
2022-10-27,12502730.5,-578418.8000000007,-0.04421773551655746,20480.0,0.0016407297706451107
2022-10-28,12459210.5,-621938.8000000007,-0.04754466031513001,-43520.0,-0.003480839645387812
2022-10-31,12474570.5,-606578.8000000007,-0.046370451562692636,15360.0,0.0012328228983691236
2022-11-01,12533450.5,-547698.8000000007,-0.04186931801168271,58880.0,0.0047200021836422135
2022-11-02,12512970.5,-568178.8000000007,-0.04343492968159921,-20480.0,-0.0016340272776439457
2022-11-03,12469450.5,-611698.8000000007,-0.04676185448017176,-43520.0,-0.003477991097317834
2022-11-04,12472010.5,-609138.8000000007,-0.0465661530214322,2560.0,0.0002053017492631426
2022-11-07,12413130.5,-668018.8000000007,-0.051067286572442125,-58880.0,-0.004720971009445463
2022-11-08,12461770.5,-619378.8000000007,-0.04734895885639045,48640.0,0.003918431373939102
2022-11-09,12469450.5,-611698.8000000007,-0.04676185448017176,7680.0,0.000616284820844637
2022-11-10,12446410.5,-634738.8000000007,-0.04852316760882782,-23040.0,-0.0018477157433681723
2022-11-11,12456650.5,-624498.8000000007,-0.047740361773869575,10240.0,0.0008227271629841493
2022-11-14,12361930.5,-719218.8000000007,-0.05498131574723336,-94720.0,-0.007603970264719262
2022-11-15,12346570.5,-734578.8000000007,-0.056155524499670734,-15360.0,-0.0012425243775638917
2022-11-16,12336330.5,-744818.8000000007,-0.056938330334628987,-10240.0,-0.0008293801100475173
2022-11-17,12390090.5,-691058.8000000007,-0.05282859970109818,53760.0,0.004357859900073313
2022-11-18,12382410.5,-698738.8000000007,-0.05341570407731687,-7680.0,-0.000619850193991689
2022-11-21,12369610.5,-711538.8000000007,-0.05439421137101468,-12800.0,-0.0010337244109295263
2022-11-22,12328650.5,-752498.8000000007,-0.05752543471084767,-40960.0,-0.003311341129132561
2022-11-23,12367050.5,-714098.8000000007,-0.05458991282975424,38400.0,0.003114696129961736
2022-11-24,12369610.5,-711538.8000000007,-0.05439421137101468,2560.0,0.00020700166139042686
2022-11-25,12364490.5,-716658.8000000007,-0.0547856142884938,-5120.0,-0.00041391764114162566
2022-11-28,12323530.5,-757618.8000000007,-0.05791683762832679,-40960.0,-0.003312712319201494
2022-11-29,12346570.5,-734578.8000000007,-0.056155524499670734,23040.0,0.001869594106980843
2022-11-30,12338890.5,-742258.8000000007,-0.05674262887588942,-7680.0,-0.0006220350825356658
2022-12-01,12341450.5,-739698.8000000007,-0.05654692741714986,2560.0,0.00020747408367061126
2022-12-02,12326090.5,-755058.8000000007,-0.05772113616958723,-15360.0,-0.0012445862826253595
2022-12-05,12310730.5,-770418.8000000007,-0.058895344922024605,-15360.0,-0.0012461372079005661
2022-12-06,12303050.5,-778098.8000000007,-0.05948244929824329,-7680.0,-0.0006238460016649849
2022-12-07,12277450.5,-803698.8000000007,-0.06143946388563891,-25600.0,-0.0020807847614703334
2022-12-08,12277450.5,-803698.8000000007,-0.06143946388563891,0.0,0.0
2022-12-09,12262090.5,-819058.8000000007,-0.06261367263807628,-15360.0,-0.0012510740727482705
2022-12-12,12260036.1,-821113.2000000011,-0.06277072305871481,-2054.4000000000005,-0.0001675407631349657
2022-12-13,12260036.1,-821113.2000000011,-0.06277072305871481,0.0,0.0
2022-12-14,12260036.1,-821113.2000000011,-0.06277072305871481,0.0,0.0
2022-12-15,12260036.1,-821113.2000000011,-0.06277072305871481,0.0,0.0
2022-12-16,12260036.1,-821113.2000000011,-0.06277072305871481,0.0,0.0
2022-12-19,12260036.1,-821113.2000000011,-0.06277072305871481,0.0,0.0
2022-12-20,12260036.1,-821113.2000000011,-0.06277072305871481,0.0,0.0
2022-12-21,12260036.1,-821113.2000000011,-0.06277072305871481,0.0,0.0
2022-12-22,12260036.1,-821113.2000000011,-0.06277072305871481,0.0,0.0
2022-12-23,12260036.1,-821113.2000000011,-0.06277072305871481,0.0,0.0
2022-12-26,12260036.1,-821113.2000000011,-0.06277072305871481,0.0,0.0
2022-12-27,12260036.1,-821113.2000000011,-0.06277072305871481,0.0,0.0
2022-12-28,12260036.1,-821113.2000000011,-0.06277072305871481,0.0,0.0
2022-12-29,12260036.1,-821113.2000000011,-0.06277072305871481,0.0,0.0
2022-12-30,12260036.1,-821113.2000000011,-0.06277072305871481,0.0,0.0
2023-01-03,12260036.1,-821113.2000000011,-0.06277072305871481,0.0,0.0
2023-01-04,12260036.1,-821113.2000000011,-0.06277072305871481,0.0,0.0
2023-01-05,12260036.1,-821113.2000000011,-0.06277072305871481,0.0,0.0
2023-01-06,12260036.1,-821113.2000000011,-0.06277072305871481,0.0,0.0
2023-01-09,12260036.1,-821113.2000000011,-0.06277072305871481,0.0,0.0
2023-01-10,12260036.1,-821113.2000000011,-0.06277072305871481,0.0,0.0
2023-01-11,12260036.1,-821113.2000000011,-0.06277072305871481,0.0,0.0
2023-01-12,12260036.1,-821113.2000000011,-0.06277072305871481,0.0,0.0
2023-01-13,12260036.1,-821113.2000000011,-0.06277072305871481,0.0,0.0
2023-01-16,12260036.1,-821113.2000000011,-0.06277072305871481,0.0,0.0
2023-01-17,12260036.1,-821113.2000000011,-0.06277072305871481,0.0,0.0
2023-01-18,12260036.1,-821113.2000000011,-0.06277072305871481,0.0,0.0
2023-01-19,12260036.1,-821113.2000000011,-0.06277072305871481,0.0,0.0
2023-01-20,12260036.1,-821113.2000000011,-0.06277072305871481,0.0,0.0
2023-01-30,12260036.1,-821113.2000000011,-0.06277072305871481,0.0,0.0
2023-01-31,12260036.1,-821113.2000000011,-0.06277072305871481,0.0,0.0
2023-02-01,12260036.1,-821113.2000000011,-0.06277072305871481,0.0,0.0
2023-02-02,12260036.1,-821113.2000000011,-0.06277072305871481,0.0,0.0
2023-02-03,12260036.1,-821113.2000000011,-0.06277072305871481,0.0,0.0
2023-02-06,12260036.1,-821113.2000000011,-0.06277072305871481,0.0,0.0
2023-02-07,12260036.1,-821113.2000000011,-0.06277072305871481,0.0,0.0
2023-02-08,12260036.1,-821113.2000000011,-0.06277072305871481,0.0,0.0
2023-02-09,12260036.1,-821113.2000000011,-0.06277072305871481,0.0,0.0
2023-02-10,12260036.1,-821113.2000000011,-0.06277072305871481,0.0,0.0
2023-02-13,12260036.1,-821113.2000000011,-0.06277072305871481,0.0,0.0
2023-02-14,12260036.1,-821113.2000000011,-0.06277072305871481,0.0,0.0
2023-02-15,12260036.1,-821113.2000000011,-0.06277072305871481,0.0,0.0
2023-02-16,12260036.1,-821113.2000000011,-0.06277072305871481,0.0,0.0
2023-02-17,12260036.1,-821113.2000000011,-0.06277072305871481,0.0,0.0
2023-02-20,12260036.1,-821113.2000000011,-0.06277072305871481,0.0,0.0
2023-02-21,12260036.1,-821113.2000000011,-0.06277072305871481,0.0,0.0
2023-02-22,12260036.1,-821113.2000000011,-0.06277072305871481,0.0,0.0
2023-02-23,12260036.1,-821113.2000000011,-0.06277072305871481,0.0,0.0
2023-02-24,12260036.1,-821113.2000000011,-0.06277072305871481,0.0,0.0
2023-02-27,12260036.1,-821113.2000000011,-0.06277072305871481,0.0,0.0
2023-02-28,12260036.1,-821113.2000000011,-0.06277072305871481,0.0,0.0
2023-03-01,12260036.1,-821113.2000000011,-0.06277072305871481,0.0,0.0
2023-03-02,12260036.1,-821113.2000000011,-0.06277072305871481,0.0,0.0
2023-03-03,12260036.1,-821113.2000000011,-0.06277072305871481,0.0,0.0
2023-03-06,12260036.1,-821113.2000000011,-0.06277072305871481,0.0,0.0
2023-03-07,12260036.1,-821113.2000000011,-0.06277072305871481,0.0,0.0
2023-03-08,12260036.1,-821113.2000000011,-0.06277072305871481,0.0,0.0
2023-03-09,12260036.1,-821113.2000000011,-0.06277072305871481,0.0,0.0
2023-03-10,12260036.1,-821113.2000000011,-0.06277072305871481,0.0,0.0
2023-03-13,12260036.1,-821113.2000000011,-0.06277072305871481,0.0,0.0
2023-03-14,12260036.1,-821113.2000000011,-0.06277072305871481,0.0,0.0
2023-03-15,12312235.175999999,-768914.1240000017,-0.058780318637598736,52199.076,0.004257660872629909
2023-03-16,12361255.175999999,-719894.1240000017,-0.055032941486265405,49020.0,0.003981405431205065
2023-03-17,12394795.175999999,-686354.1240000017,-0.05246894659324786,33540.0,0.0027133166917481244
2023-03-20,12335455.175999999,-745694.1240000017,-0.057005245250125056,-59340.0,-0.004787493391976372
2023-03-21,12350935.175999999,-730214.1240000017,-0.055821862991809267,15480.0,0.0012549192372015572
2023-03-22,12361255.175999999,-719894.1240000017,-0.055032941486265405,10320.0,0.0008355642591382217
2023-03-23,12312235.175999999,-768914.1240000017,-0.058780318637598736,-49020.0,-0.003965616703324293
2023-03-24,12366415.175999999,-714734.1240000017,-0.05463848073349348,54180.0,0.004400500739752955
2023-03-27,12425755.175999999,-655394.1240000017,-0.050102182076616285,59340.0,0.0047984803320499925
2023-03-28,12467035.175999999,-614114.1240000017,-0.046946496054440845,41280.0,0.003322132088980023
2023-03-29,12472195.175999999,-608954.1240000017,-0.04655203530166892,5160.0,0.00041389150885962067
2023-03-30,12497995.175999999,-583154.1240000017,-0.044579731537809274,25800.0,0.0020686013677564397
2023-03-31,12505735.175999999,-575414.1240000017,-0.043988040408651376,7740.0,0.0006192993268923086
2023-04-03,12552175.175999999,-528974.1240000017,-0.04043789363370401,46440.0,0.003713496195659305
2023-04-04,12588295.175999999,-492854.1240000017,-0.0376766683643005,36120.0,0.0028775889034007296
2023-04-06,12639895.175999999,-441254.1240000017,-0.03373206083658121,51600.0,0.004099045921514222
2023-04-07,12596035.175999999,-485114.1240000017,-0.03708497723514261,-43860.0,-0.0034699654854163375
2023-04-10,12650215.175999999,-430934.1240000017,-0.03294313933103735,54180.0,0.004301353500761218
2023-04-11,12830815.175999999,-250334.1240000017,-0.019137012984019812,180600.0,0.01427643700026815
2023-04-12,12792115.175999999,-289034.1240000017,-0.022095468629809285,-38700.0,-0.0030161762498448486
2023-04-13,12758575.175999999,-322574.1240000017,-0.024659463522826826,-33540.0,-0.00262192761232527
2023-04-14,12785047.782,-296101.5180000011,-0.02263574179984331,26472.606,0.0020748873314473393
2023-04-17,12785047.782,-296101.5180000011,-0.02263574179984331,0.0,0.0
2023-04-18,12785047.782,-296101.5180000011,-0.02263574179984331,0.0,0.0
2023-04-19,12785047.782,-296101.5180000011,-0.02263574179984331,0.0,0.0
2023-04-20,12785047.782,-296101.5180000011,-0.02263574179984331,0.0,0.0
2023-04-21,12785047.782,-296101.5180000011,-0.02263574179984331,0.0,0.0
2023-04-24,12785047.782,-296101.5180000011,-0.02263574179984331,0.0,0.0
2023-04-25,12785047.782,-296101.5180000011,-0.02263574179984331,0.0,0.0
2023-04-26,12785047.782,-296101.5180000011,-0.02263574179984331,0.0,0.0
2023-04-27,12785047.782,-296101.5180000011,-0.02263574179984331,0.0,0.0
2023-04-28,12785047.782,-296101.5180000011,-0.02263574179984331,0.0,0.0
2023-05-04,12785047.782,-296101.5180000011,-0.02263574179984331,0.0,0.0
2023-05-05,12785047.782,-296101.5180000011,-0.02263574179984331,0.0,0.0
2023-05-08,12785047.782,-296101.5180000011,-0.02263574179984331,0.0,0.0
2023-05-09,12785047.782,-296101.5180000011,-0.02263574179984331,0.0,0.0
2023-05-10,12785047.782,-296101.5180000011,-0.02263574179984331,0.0,0.0
2023-05-11,12785047.782,-296101.5180000011,-0.02263574179984331,0.0,0.0
2023-05-12,12785047.782,-296101.5180000011,-0.02263574179984331,0.0,0.0
2023-05-15,12785047.782,-296101.5180000011,-0.02263574179984331,0.0,0.0
2023-05-16,12785047.782,-296101.5180000011,-0.02263574179984331,0.0,0.0
2023-05-17,12785047.782,-296101.5180000011,-0.02263574179984331,0.0,0.0
2023-05-18,12785047.782,-296101.5180000011,-0.02263574179984331,0.0,0.0
2023-05-19,12785047.782,-296101.5180000011,-0.02263574179984331,0.0,0.0
2023-05-22,12785047.782,-296101.5180000011,-0.02263574179984331,0.0,0.0
2023-05-23,12785047.782,-296101.5180000011,-0.02263574179984331,0.0,0.0
2023-05-24,12785047.782,-296101.5180000011,-0.02263574179984331,0.0,0.0
2023-05-25,12785047.782,-296101.5180000011,-0.02263574179984331,0.0,0.0
2023-05-26,12785047.782,-296101.5180000011,-0.02263574179984331,0.0,0.0
2023-05-29,12785047.782,-296101.5180000011,-0.02263574179984331,0.0,0.0
2023-05-30,12785047.782,-296101.5180000011,-0.02263574179984331,0.0,0.0
2023-05-31,12785047.782,-296101.5180000011,-0.02263574179984331,0.0,0.0
2023-06-01,12785047.782,-296101.5180000011,-0.02263574179984331,0.0,0.0
2023-06-02,12758084.118,-323065.18200000003,-0.024697002884907063,-26963.664000000004,-0.0021089998613819105
2023-06-05,12776804.118,-304345.18200000003,-0.023265935967874015,18720.0,0.0014673049516571446
2023-06-06,12779924.118,-301225.18200000003,-0.023027424815035176,3120.0,0.00024419252038176964
2023-06-07,12773684.118,-307465.18200000003,-0.023504447120712858,-6240.0,-0.00048826580990501967
2023-06-08,12776804.118,-304345.18200000003,-0.023265935967874015,3120.0,0.0002442521649337337
2023-06-09,12773684.118,-307465.18200000003,-0.023504447120712858,-3120.0,-0.00024419252038188066
2023-06-12,12758084.118,-323065.18200000003,-0.024697002884907063,-15600.0,-0.0012212608246682244
2023-06-13,12751844.118,-329305.18200000003,-0.025174025190584745,-6240.0,-0.0004891016505523815
2023-06-14,12754964.118,-326185.18200000003,-0.024935514037745906,3120.0,0.0002446704940186617
2023-06-15,12758084.118,-323065.18200000003,-0.024697002884907063,3120.0,0.0002446106450113561
2023-06-16,12773684.118,-307465.18200000003,-0.023504447120712858,15600.0,0.0012227541263809538
2023-06-19,12783044.118,-298105.18200000003,-0.022788913662196333,9360.0,0.000732756494800979
2023-06-20,12764324.118,-316825.18200000003,-0.024219980579229382,-18720.0,-0.0014644399117452744
2023-06-21,12742484.118,-338665.18200000003,-0.02588955864910127,-21840.0,-0.0017110189147580002
2023-06-26,12767444.118,-313705.18200000003,-0.02398146942639054,24960.0,0.0019588017351139797
2023-06-27,12779924.118,-301225.18200000003,-0.023027424815035176,12480.0,0.0009774861659590517
2023-06-28,12829844.118,-251305.18200000003,-0.019211246369613716,49920.0,0.0039061264792401573
2023-06-29,12836084.118,-245065.18200000003,-0.018734224063936034,6240.0,0.0004863660027829564
2023-06-30,12848564.118,-232585.18200000003,-0.01778017945258067,12480.0,0.0009722591317782303
2023-07-03,12886004.118,-195145.18200000003,-0.014918045618514576,37440.0,0.002913944286393022
2023-07-04,12870404.118,-210745.18200000003,-0.016110601382708784,-15600.0,-0.0012106157857119104
2023-07-05,12854804.118,-226345.18200000003,-0.01730315714690299,-15600.0,-0.0012120831527102638
2023-07-06,12808004.118,-273145.18200000003,-0.020880824439485603,-46800.0,-0.003640662243500681
2023-07-07,12786164.118,-294985.18200000003,-0.022550402509357494,-21840.0,-0.0017051837115906743
2023-07-10,12801764.118,-279385.18200000003,-0.02135784674516329,15600.0,0.001220068806878416
2023-07-11,12783044.118,-298105.18200000003,-0.022788913662196333,-18720.0,-0.0014622984635124237
2023-07-12,12776804.118,-304345.18200000003,-0.023265935967874015,-6240.0,-0.0004881466372483878
2023-07-13,12783044.118,-298105.18200000003,-0.022788913662196333,6240.0,0.0004883850407637613
2023-07-14,12761204.118,-319945.18200000003,-0.02445849173206822,-21840.0,-0.0017085132303694683
2023-07-17,12823604.118,-257545.18200000003,-0.0196882686752914,62400.0,0.00488982069583721
2023-07-18,12783044.118,-298105.18200000003,-0.022788913662196333,-40560.0,-0.003162917353559558
2023-07-19,12764324.118,-316825.18200000003,-0.024219980579229382,-18720.0,-0.0014644399117452744
2023-07-20,12708164.118,-372985.18200000003,-0.02851318133032852,-56160.0,-0.004399762923663508
2023-07-21,12686324.118,-394825.18200000003,-0.03018275940020041,-21840.0,-0.0017185802604693379
2023-07-24,12658244.118,-422905.18200000003,-0.03232935977574998,-28080.0,-0.002213407109799337
2023-07-25,12720644.118,-360505.18200000003,-0.027559136718973157,62400.0,0.004929593663884901
2023-07-26,12770564.118,-310585.18200000003,-0.0237429582735517,49920.0,0.003924329580871078
2023-07-27,12705044.118,-376105.18200000003,-0.028751692483167363,-65520.0,-0.0051305486112120935
2023-07-28,12686324.118,-394825.18200000003,-0.03018275940020041,-18720.0,-0.0014734305387793523
2023-07-31,12689444.118,-391705.18200000003,-0.02994424824736157,3120.0,0.00024593412331097575
2023-08-01,12748724.118,-332425.18200000003,-0.025412536343423588,59280.0,0.004671599437197749
2023-08-02,12811124.118,-270025.18200000003,-0.020642313286646764,62400.0,0.004894607446395138
2023-08-03,12758084.118,-323065.18200000003,-0.024697002884907063,-53040.0,-0.004140151911062762
2023-08-04,12801764.118,-279385.18200000003,-0.02135784674516329,43680.0,0.0034237115538666707
2023-08-07,12758084.118,-323065.18200000003,-0.024697002884907063,-43680.0,-0.003412029748195655
2023-08-08,12798644.118,-282505.18200000003,-0.021596357898002128,40560.0,0.00317916072859048
2023-08-09,12839204.118,-241945.18200000003,-0.018495712911097195,40560.0,0.0031690856958008773
2023-08-10,12857578.296,-223571.00400000066,-0.01709108266197991,18374.178,0.0014310994537611865
2023-08-11,12833278.296,-247871.00400000066,-0.018948717602359347,-24300.0,-0.0018899359926557446
2023-08-14,12838678.296,-242471.00400000066,-0.018535909837830582,5400.0,0.0004207810253504807
2023-08-15,12895378.296,-185771.00400000066,-0.014201428310278565,56700.0,0.004416342453075206
2023-08-16,12903478.296,-177671.00400000066,-0.01358221666348542,8100.0,0.0006281320186249939
2023-08-17,12941278.296,-139871.00400000066,-0.010692562311784075,37800.0,0.002929442676841365
2023-08-18,12946678.296,-134471.00400000066,-0.010279754547255313,5400.0,0.00041726944406028643
2023-08-21,12970978.296,-110171.00400000066,-0.008422119606875876,24300.0,0.0018769293130198594
2023-08-22,12962878.296,-118271.00400000066,-0.009041331253669021,-8100.0,-0.0006244710163841871
2023-08-23,12938578.296,-142571.00400000066,-0.010898966194048457,-24300.0,-0.0018745836723236264
2023-08-24,12908878.296,-172271.00400000066,-0.013169408898956658,-29700.0,-0.0022954608551684075
2023-08-25,12854878.296,-226271.00400000066,-0.017297486544244293,-54000.0,-0.004183167488435613
2023-08-28,12862978.296,-218171.00400000066,-0.016678274897451148,8100.0,0.0006301109830437746
2023-08-29,12865678.296,-215471.00400000066,-0.016471871015186764,2700.0,0.00020990473107151963
2023-08-30,12819778.296,-261371.00400000066,-0.019980737013681256,-45900.0,-0.003567631565470686
2023-08-31,12771178.296,-309971.00400000066,-0.023696006894440128,-48600.0,-0.0037910171984147922
2023-09-01,12779278.296,-301871.00400000066,-0.02307679524764698,8100.0,0.000634240616822046
2023-09-04,12765778.296,-315371.00400000066,-0.02410881465896889,-13500.0,-0.0010563976843845913
2023-09-05,12784678.296,-296471.00400000066,-0.02266398748311822,18900.0,0.0014805207768586737
2023-09-06,12795478.296,-285671.00400000066,-0.02183837195406069,10800.0,0.0008447611860034066
2023-09-07,12765778.296,-315371.00400000066,-0.02410881465896889,-29700.0,-0.00232113245890031
2023-09-08,12795478.296,-285671.00400000066,-0.02183837195406069,29700.0,0.0023265326493493443
2023-09-11,12752278.296,-328871.00400000066,-0.0251408340702908,-43200.0,-0.00337619266749134
2023-09-12,12730678.296,-350471.00400000066,-0.026792065128405852,-21600.0,-0.0016938149794594182
2023-09-13,12709078.296,-372071.00400000066,-0.028443296186520906,-21600.0,-0.0016966888564600158
2023-09-14,12703678.296,-377471.00400000066,-0.02885610395104967,-5400.0,-0.00042489312554627734
2023-09-15,12641578.296,-439571.00400000066,-0.03360339324313045,-62100.0,-0.004888347969229767
2023-09-18,12592978.296,-488171.00400000066,-0.037318663123889324,-48600.0,-0.003844456670048735
2023-09-19,12625378.296,-455771.00400000066,-0.034841816536716745,32400.0,0.0025728623712701904
2023-09-20,12619978.296,-461171.00400000066,-0.035254624301245506,-5400.0,-0.00042770995635910136
2023-09-21,12660478.296,-420671.00400000066,-0.03215856606727978,40500.0,0.003209197278321474
2023-09-22,12671278.296,-409871.00400000066,-0.03133295053822225,10800.0,0.0008530483404731726
2023-09-25,12638878.296,-442271.00400000066,-0.033809797125394836,-32400.0,-0.002556963807686885
2023-09-26,12646978.296,-434171.00400000066,-0.03319058547860169,8100.0,0.0006408796580124054
2023-09-27,12668578.296,-412571.00400000066,-0.03153935442048663,21600.0,0.00170791785155755
2023-09-28,12695578.296,-385571.00400000066,-0.029475315597842815,27000.0,0.0021312573020546566
2023-10-09,12671278.296,-409871.00400000066,-0.03133295053822225,-24300.0,-0.0019140522340487243
2023-10-10,12682078.296,-399071.00400000066,-0.030507335009164725,10800.0,0.0008523212692288507
2023-10-11,12690178.296,-390971.00400000066,-0.02988812336237158,8100.0,0.0006386965772442466
2023-10-12,12719878.296,-361271.00400000066,-0.02761768065746338,29700.0,0.0023403926491214477
2023-10-13,12690178.296,-390971.00400000066,-0.02988812336237158,-29700.0,-0.002334928000792269
2023-10-16,12703678.296,-377471.00400000066,-0.02885610395104967,13500.0,0.0010638148405097692
2023-10-17,12655078.296,-426071.00400000066,-0.03257137383180854,-48600.0,-0.00382566362809289
2023-10-18,12671278.296,-409871.00400000066,-0.03133295053822225,16200.0,0.0012801185121960046
2023-10-19,12646978.296,-434171.00400000066,-0.03319058547860169,-24300.0,-0.0019177228557651915
2023-10-20,12665878.296,-415271.00400000066,-0.03174575830275102,18900.0,0.0014944281201128007
2023-10-23,12671278.296,-409871.00400000066,-0.03133295053822225,5400.0,0.00042634232493021784
2023-10-24,12682078.296,-399071.00400000066,-0.030507335009164725,10800.0,0.0008523212692288507
2023-10-25,12657778.296,-423371.00400000066,-0.03236496994954416,-24300.0,-0.0019160897317330727
2023-10-26,12684778.296,-396371.00400000066,-0.030300931126900344,27000.0,0.002133075755366365
2023-10-27,12679378.296,-401771.00400000066,-0.030713738891429105,-5400.0,-0.000425707085610072
2023-10-30,12657778.296,-423371.00400000066,-0.03236496994954416,-21600.0,-0.0017035535572602623
2023-10-31,12638878.296,-442271.00400000066,-0.033809797125394836,-18900.0,-0.001493153028756411
2023-11-01,12641578.296,-439571.00400000066,-0.03360339324313045,2700.0,0.00021362655267087582
2023-11-02,12690178.296,-390971.00400000066,-0.02988812336237158,48600.0,0.003844456670048624
2023-11-03,12660478.296,-420671.00400000066,-0.03215856606727978,-29700.0,-0.0023403926491215588
2023-11-06,12614578.296,-466571.00400000066,-0.03566743206577427,-45900.0,-0.0036254554470112055
2023-11-07,12601078.296,-480071.00400000066,-0.036699451477096176,-13500.0,-0.0010701903530362378
2023-11-08,12595678.296,-485471.00400000066,-0.037112259241624944,-5400.0,-0.0004285347549751739
2023-11-09,12563278.296,-517871.00400000066,-0.03958910582879752,-32400.0,-0.002572310854453086
2023-11-10,12563278.296,-517871.00400000066,-0.03958910582879752,0.0,0.0
2023-11-13,12549778.296,-531371.0040000007,-0.04062112524011943,-13500.0,-0.0010745602924595588
2023-11-14,12541678.296,-539471.0040000007,-0.041240336886912574,-8100.0,-0.0006454297286336841
2023-11-15,12520078.296,-561071.0040000007,-0.04289156794502763,-21600.0,-0.0017222575392392692
2023-11-16,12525478.296,-555671.0040000007,-0.04247876018049887,5400.0,0.00043130720689865676
2023-11-17,12511978.296,-569171.0040000007,-0.04351077959182077,-13500.0,-0.0010778031529791177
2023-11-20,12484978.296,-596171.0040000007,-0.04557481841446459,-27000.0,-0.0021579321320139844
2023-11-21,12506578.296,-574571.0040000007,-0.04392358735634954,21600.0,0.0017300790988896697
2023-11-22,12536278.296,-544871.0040000007,-0.04165314465144134,29700.0,0.0023747502551916266
2023-11-23,12536278.296,-544871.0040000007,-0.04165314465144134,0.0,0.0
2023-11-24,12525478.296,-555671.0040000007,-0.04247876018049887,-10800.0,-0.000861499700708257
2023-11-27,12576778.296,-504371.00400000066,-0.038557086417475614,51300.0,0.004095651981320447
2023-11-28,12528178.296,-552971.0040000007,-0.04227235629823448,-48600.0,-0.0038642646674830194
2023-11-29,12506578.296,-574571.0040000007,-0.04392358735634954,-21600.0,-0.0017241133937961894
2023-11-30,12493078.296,-588071.0040000007,-0.04495560676767145,-13500.0,-0.0010794319341780323
2023-12-01,12490378.296,-590771.0040000007,-0.04516201064993583,-2700.0,-0.00021611967331258697
2023-12-04,12541678.296,-539471.0040000007,-0.041240336886912574,51300.0,0.004107161431325723
2023-12-05,12549778.296,-531371.0040000007,-0.04062112524011943,8100.0,0.0006458465772147814
2023-12-06,12530878.296,-550271.0040000007,-0.0420659524159701,-18900.0,-0.0015060027001452259
2023-12-07,12547078.296,-534071.0040000007,-0.04082752912238381,16200.0,0.0012928064272375028
2023-12-08,12590278.296,-490871.00400000066,-0.037525067006153705,43200.0,0.0034430326312517856
2023-12-11,12590278.296,-490871.00400000066,-0.037525067006153705,0.0,0.0
2023-12-12,12624475.278,-456674.0219999999,-0.03491084854447765,34196.982,0.002716141867242561
2023-12-13,12591355.278,-489794.0219999999,-0.03744273616692073,-33120.0,-0.002623475373880857
2023-12-14,12585835.278,-495314.0219999999,-0.037864717437327916,-5520.0,-0.00043839601680084606
2023-12-15,12613435.278,-467714.0219999999,-0.035754811085292014,27600.0,0.0021929414608059528
2023-12-18,12652075.278,-429074.0219999999,-0.03280094219244175,38640.0,0.0030634001878453443
2023-12-19,12646555.278,-434594.0219999999,-0.03322292346284893,-5520.0,-0.00043629206108175556
2023-12-20,12657595.278,-423554.0219999999,-0.03237896092203457,11040.0,0.000872964989858227
2023-12-21,12682435.278,-398714.0219999999,-0.030480045205202255,24840.0,0.001962458069991735
2023-12-22,12652075.278,-429074.0219999999,-0.03280094219244175,-30360.0,-0.0023938620095041996
2023-12-25,12654835.278,-426314.0219999999,-0.03258995155723816,2760.0,0.00021814603054082227
2023-12-26,12663115.278,-418034.0219999999,-0.03195697965162739,8280.0,0.0006542953596870849
2023-12-27,12660355.278,-420794.0219999999,-0.03216797028683098,-2760.0,-0.00021795584573058857
2023-12-28,12646555.278,-434594.0219999999,-0.03322292346284893,-13800.0,-0.0010900168041871883
2023-12-29,12610675.278,-470474.0219999999,-0.035965801720495606,-35880.0,-0.0028371362170390713
2024-01-02,12627235.278,-453914.0219999999,-0.03469985790927406,16560.0,0.0013131731358502208
2024-01-03,12616195.278,-464954.0219999999,-0.03554382045008842,-11040.0,-0.0008743006491084282
2024-01-04,12635515.278,-445634.0219999999,-0.03406688600366329,19320.0,0.0015313650093613518
2024-01-05,12676915.278,-404234.0219999999,-0.030902026475609436,41400.0,0.0032764789633932256
2024-01-08,12685195.278,-395954.0219999999,-0.030269054569998666,8280.0,0.0006531557416313838
2024-01-09,12690715.278,-390434.0219999999,-0.029847073299591485,5520.0,0.0004351529384474251
2024-01-10,12719143.278,-362006.0219999999,-0.027673869756994506,28428.0,0.0022400628630665498
2024-01-11,12761342.85,-319806.4500000011,-0.02444788624192227,42199.572,0.0033177998767408567
2024-01-12,12910382.85,-170766.45000000112,-0.013054391940928394,149040.0,0.011679021694805503
2024-01-15,12946262.85,-134886.45000000112,-0.01031151368328172,35880.0,0.002779158481733157
2024-01-16,13073222.85,-7926.450000001118,-0.0006059444639165702,126960.0,0.009806691048297456
2024-01-17,12971102.85,-110046.45000000112,-0.00841259796644941,-102120.0,-0.007811386769101092
2024-01-18,13045622.85,-35526.45000000112,-0.0027158508159524724,74520.0,0.005745078183540864
2024-01-19,13073222.85,-7926.450000001118,-0.0006059444639165702,27600.0,0.0021156521476473067
2024-01-22,13064942.85,-16206.450000001118,-0.0012389163695273409,-8280.0,-0.0006333556839811516
2024-01-23,13001462.85,-79686.45000000112,-0.0060917009792099165,-63480.0,-0.004858804261818839
2024-01-24,12979382.85,-101766.45000000112,-0.007779626060838638,-22080.0,-0.0016982704373146307
2024-01-25,13015262.85,-65886.45000000112,-0.0050367478031919655,35880.0,0.0027643841324860308
2024-01-26,13034582.85,-46566.45000000112,-0.0035598133567668337,19320.0,0.0014844110505229935
2024-01-29,13018022.85,-63126.45000000112,-0.004825757167988375,-16560.0,-0.0012704664346048222
2024-01-30,12984902.85,-96246.45000000112,-0.007357644790431458,-33120.0,-0.002544165145631161
2024-01-31,12946262.85,-134886.45000000112,-0.01031151368328172,-38640.0,-0.002975763503690776
2024-02-01,12954542.85,-126606.45000000112,-0.00967854177767095,8280.0,0.0006395668074976602
2024-02-02,12918662.85,-162486.45000000112,-0.012421420035317625,-35880.0,-0.0027696847673787106
2024-02-05,12935222.85,-145926.45000000112,-0.011155476224096083,16560.0,0.001281866412358612
2024-02-06,12954542.85,-126606.45000000112,-0.00967854177767095,19320.0,0.0014935962235858025
2024-02-07,12965582.85,-115566.45000000112,-0.00883457923685659,11040.0,0.0008522106976549537
2024-02-08,13015262.85,-65886.45000000112,-0.0050367478031919655,49680.0,0.003831682738427711
2024-02-19,13023542.85,-57606.45000000112,-0.004403775897581195,8280.0,0.0006361761645097275
2024-02-20,13048382.85,-32766.450000001118,-0.0025048601807488823,24840.0,0.001907315105121432
2024-02-21,13114622.85,0.0,0.0,66240.0,0.005076491145414197
2024-02-22,13048382.85,-66240.0,-0.005050850547333887,-66240.0,-0.005050850547333896
2024-02-23,13051142.85,-63480.0,-0.004840398441194975,2760.0,0.00021152046439221195
2024-02-26,13067702.85,-46920.0,-0.0035776858043615033,16560.0,0.0012688543976822064
2024-02-27,13064942.85,-49680.0,-0.003788137910500415,-2760.0,-0.0002112077410759694
2024-02-28,13067702.85,-46920.0,-0.0035776858043615033,2760.0,0.0002112523592094906
2024-02-29,13092542.85,-22080.0,-0.0016836168491112958,24840.0,0.0019008696696833915
2024-03-01,13106342.85,-8280.0,-0.0006313563184167359,13800.0,0.0010540351219854305
2024-03-04,13092542.85,-22080.0,-0.0016836168491112958,-13800.0,-0.001052925301736618
2024-03-05,13075982.85,-38640.0,-0.0029463294859447676,-16560.0,-0.001264842146382561
2024-03-06,13067702.85,-46920.0,-0.0035776858043615033,-8280.0,-0.0006332219990636823
2024-03-07,13071162.234000001,-43460.615999998525,-0.0033139051345268786,3459.383999999998,0.00026472778266461994
2024-03-08,13071162.234000001,-43460.615999998525,-0.0033139051345268786,0.0,0.0
2024-03-11,13071162.234000001,-43460.615999998525,-0.0033139051345268786,0.0,0.0
2024-03-12,13071162.234000001,-43460.615999998525,-0.0033139051345268786,0.0,0.0
2024-03-13,13071162.234000001,-43460.615999998525,-0.0033139051345268786,0.0,0.0
2024-03-14,13071162.234000001,-43460.615999998525,-0.0033139051345268786,0.0,0.0
2024-03-15,13071162.234000001,-43460.615999998525,-0.0033139051345268786,0.0,0.0
2024-03-18,13047109.83,-67513.01999999955,-0.005147919293767534,-24052.40400000001,-0.0018401121162306966
2024-03-19,13032349.83,-82273.01999999955,-0.00627338055703215,-14760.0,-0.0011312850272833241
2024-03-20,13138129.83,0.0,0.0,105780.0,0.00811672502502181
2024-03-21,13101229.83,-36900.0,-0.0028086189189378712,-36900.0,-0.0028086189189379107
2024-03-22,13118449.83,-19680.0,-0.001497930090100198,17220.0,0.0013143804225590472
2024-03-25,13204549.83,0.0,0.0,86100.0,0.006563275472007524
2024-03-26,13152889.83,-51660.0,-0.003912287860251878,-51660.0,-0.003912287860251884
2024-03-27,13115989.83,-88560.0,-0.00670677918900322,-36900.0,-0.002805467123721761
2024-03-28,13096309.83,-108240.0,-0.008197174564337268,-19680.0,-0.0015004586199804937
2024-03-29,13049569.83,-154980.0,-0.011736863580755635,-46740.0,-0.0035689442756563494
2024-04-01,13081549.83,-123000.0,-0.009314971095837805,31980.0,0.0024506554941359227
2024-04-02,13044649.83,-159900.0,-0.012109462424589146,-36900.0,-0.0028207666889268346
2024-04-03,12997909.83,-206640.0,-0.015649151441007512,-46740.0,-0.0035830781668441114
2024-04-08,12884749.83,-319800.0,-0.024218924849178293,-113160.0,-0.00870601515782321
2024-04-09,12798649.83,-405900.0,-0.030739404616264756,-86100.0,-0.006682318332602022
2024-04-10,12734650.296,-469899.534,-0.035586183554127265,-63999.534,-0.005000491055703771
2024-04-11,12742210.296,-462339.534,-0.0350136536233587,7560.0,0.0005936558778041334
2024-04-12,12679210.296,-525339.534,-0.03978473637976343,-63000.0,-0.004944197163327058
2024-04-15,12651490.296,-553059.534,-0.041884012792581506,-27720.0,-0.0021862560327392533
2024-04-16,12664090.296,-540459.534,-0.04092979624130056,12600.0,0.0009959301003443777
2024-04-17,12616210.296,-588339.534,-0.04455581913616816,-47880.0,-0.0037807689996590677
2024-04-18,12583450.296,-621099.534,-0.047036782169498616,-32760.0,-0.002596659316180472
2024-04-19,12588490.296,-616059.534,-0.04665509554898624,5040.0,0.0004005260784161191
2024-04-22,12578410.296,-626139.534,-0.04741846879001099,-10080.0,-0.0008007314430072965
2024-04-23,12580930.296,-623619.534,-0.04722762547975481,2520.0,0.0002003432819170925
2024-04-24,12570850.296,-633699.534,-0.04799099872077956,-10080.0,-0.0008012126101044625
2024-04-25,12510370.296,-694179.534,-0.0525712381669281,-60480.0,-0.004811130398971075
2024-04-26,12530530.296,-674019.534,-0.05104449168487859,20160.0,0.0016114630920593953
2024-04-29,12497770.296,-706779.534,-0.05352545471820905,-32760.0,-0.0026144144921350643
2024-04-30,12492730.296,-711819.534,-0.053907141338721425,-5040.0,-0.00040327193416356266
2024-05-06,12500290.296,-704259.534,-0.053334611407952856,7560.0,0.0006051519420395834
2024-05-07,12510370.296,-694179.534,-0.0525712381669281,10080.0,0.0008063812728593689
2024-05-08,12487690.296,-716859.534,-0.0542888279592338,-22680.0,-0.0018128959785668197
2024-05-09,12500290.296,-704259.534,-0.053334611407952856,12600.0,0.0010089936330368587
2024-05-10,12444850.296,-759699.534,-0.05753316423358902,-55440.0,-0.004435097000726529
2024-05-13,12472570.296,-731979.534,-0.05543388782077094,27720.0,0.0022274273567524094
2024-05-14,12510370.296,-694179.534,-0.0525712381669281,37800.0,0.0030306503874444335
2024-05-15,12505330.296,-699219.534,-0.05295292478744048,-5040.0,-0.0004028657730148488
2024-05-16,12475090.296,-729459.534,-0.055243044510514754,-30240.0,-0.0024181688355462416
2024-05-17,12465010.296,-739539.534,-0.05600641775153951,-10080.0,-0.0008080101835601372
2024-05-20,12457450.296,-747099.534,-0.056578947682308076,-7560.0,-0.0006064976939831324
2024-05-21,12452410.296,-752139.534,-0.05696063430282045,-5040.0,-0.0004045771711100876
2024-05-22,12429730.296,-774819.534,-0.05867822409512616,-22680.0,-0.001821334140209463
2024-05-23,12419650.296,-784899.534,-0.05944159733615091,-10080.0,-0.000810958867164091
2024-05-24,12437290.296,-767259.534,-0.05810569416435759,17640.0,0.0014203298466206604
2024-05-27,12432250.296,-772299.534,-0.058487380784869966,-5040.0,-0.0004052329631335505
2024-05-28,12442330.296,-762219.534,-0.05772400754384521,10080.0,0.0008107944869195638
2024-05-29,12439810.296,-764739.534,-0.0579148508541014,-2520.0,-0.00020253440794848476
2024-05-30,12414610.296,-789939.534,-0.05982328395666329,-25200.0,-0.002025754364445853
2024-05-31,12427210.296,-777339.534,-0.05886906740538234,12600.0,0.0010149331875572987
2024-06-03,12409570.296,-794979.534,-0.06020497057717567,-17640.0,-0.0014194657996314808
2024-06-04,12429730.296,-774819.534,-0.05867822409512616,20160.0,0.0016245526250411313
2024-06-05,12442330.296,-762219.534,-0.05772400754384521,12600.0,0.0010136985839552803
2024-06-06,12452410.296,-752139.534,-0.05696063430282045,10080.0,0.000810137631793939
2024-06-07,12459970.296,-744579.534,-0.056388104372051884,7560.0,0.000607111380069858
2024-06-11,12437290.296,-767259.534,-0.05810569416435759,-22680.0,-0.0018202290584337089
2024-06-12,12462490.296,-742059.534,-0.0561972610617957,25200.0,0.0020261648156676415
2024-06-13,12470050.296,-734499.534,-0.05562473113102713,7560.0,0.0006066203319272656
2024-06-14,12480130.296,-724419.534,-0.05486135789000237,10080.0,0.0008083367557252252
2024-06-17,12485170.296,-719379.534,-0.05447967126948999,5040.0,0.0004038419375809177
2024-06-18,12490210.296,-714339.534,-0.054097984648977616,5040.0,0.00040367891510584286
2024-06-19,12487690.296,-716859.534,-0.0542888279592338,-2520.0,-0.0002017580120974305
2024-06-20,12485170.296,-719379.534,-0.05447967126948999,-2520.0,-0.00020179872660741616
2024-06-21,12487690.296,-716859.534,-0.0542888279592338,2520.0,0.00020183945755292143
2024-06-24,12482650.296,-721899.534,-0.054670514579746185,-5040.0,-0.0004035974532147213
2024-06-25,12480130.296,-724419.534,-0.05486135789000237,-2520.0,-0.00020188020494393832
2024-06-26,12502810.296,-701739.534,-0.05314376809769667,22680.0,0.0018172887191145737
2024-06-27,12502810.296,-701739.534,-0.05314376809769667,0.0,0.0
2024-06-28,12505330.296,-699219.534,-0.05295292478744048,2520.0,0.00020155468573390678
2024-07-01,12560770.296,-643779.534,-0.04875437196180432,55440.0,0.004433309531834961
2024-07-02,12596050.296,-608499.534,-0.04608256561821767,35280.0,0.0028087449390929997
2024-07-03,12578410.296,-626139.534,-0.04741846879001099,-17640.0,-0.001400438993610753
2024-07-04,12580930.296,-623619.534,-0.04722762547975481,2520.0,0.0002003432819170925
2024-07-05,12591010.296,-613539.534,-0.04646425223873005,10080.0,0.0008012126101044625
2024-07-08,12565810.296,-638739.534,-0.04837268534129194,-25200.0,-0.0020014279559444903
2024-07-09,12560770.296,-643779.534,-0.04875437196180432,-5040.0,-0.0004010883406065924
2024-07-10,12553210.296,-651339.534,-0.04932690189257288,-7560.0,-0.0006018739155199127
2024-07-11,12570850.296,-633699.534,-0.04799099872077956,17640.0,0.001405218233746952
2024-07-12,12608650.296,-595899.534,-0.045128349066936725,37800.0,0.0030069564993568942
2024-07-15,12638890.296,-565659.534,-0.04283822934386245,30240.0,0.0023983534549762986
2024-07-16,12656530.296,-548019.534,-0.04150232617206913,17640.0,0.0013956921523072818
2024-07-17,12666610.296,-537939.534,-0.040738952931044375,10080.0,0.0007964268061038116
2024-07-18,12671650.296,-532899.534,-0.04035726631053199,5040.0,0.0003978965076072427
2024-07-19,12641410.296,-563139.534,-0.042647386033606266,-30240.0,-0.002386429493682063
2024-07-22,12674170.296,-530379.534,-0.04016642300027581,32760.0,0.0025914830096422925
2024-07-23,12631330.296,-573219.534,-0.04341075927463102,-42840.0,-0.003380102917941774
2024-07-24,12596050.296,-608499.534,-0.04608256561821767,-35280.0,-0.002793054981008014
2024-07-25,12596050.296,-608499.534,-0.04608256561821767,0.0,0.0
2024-07-26,12628810.296,-575739.534,-0.04360160258488721,32760.0,0.002600815273848367
2024-07-29,12694330.296,-510219.534,-0.03863967651822629,65520.0,0.005188137161324935
2024-07-30,12691810.296,-512739.534,-0.038830519828482485,-2520.0,-0.00019851382004720808
2024-07-31,12626290.296,-578259.534,-0.0437924458951434,-65520.0,-0.005162384125820818
2024-08-01,12633850.296,-570699.534,-0.043219915964374835,7560.0,0.0005987506878719628
2024-08-02,12696850.296,-507699.534,-0.0384488332079701,63000.0,0.004986603333422934
2024-08-05,12699370.296,-505179.534,-0.038257989897713916,2520.0,0.0001984744201319888
2024-08-06,12674170.296,-530379.534,-0.04016642300027581,-25200.0,-0.001984350358532172
2024-08-07,12661570.296,-542979.534,-0.04112063955155675,-12600.0,-0.0009941479170416656
2024-08-08,12666610.296,-537939.534,-0.040738952931044375,5040.0,0.0003980548922586369
2024-08-09,12687329.82,-517220.0099999998,-0.039169832872674296,20719.523999999976,0.0016357591743816347
2024-08-12,12639089.82,-565460.0099999998,-0.04282311909757849,-48240.0,-0.003802218487609199
2024-08-13,12671249.82,-533300.0099999998,-0.04038759494764236,32160.0,0.0025444870206643433
2024-08-14,12681969.82,-522580.0099999998,-0.03957575356433032,10720.0,0.0008460096795723793
2024-08-15,12706089.82,-498460.0099999998,-0.03774911045187822,24120.0,0.0019019127424479976
2024-08-16,12722169.82,-482380.0099999998,-0.036531348376910154,16080.0,0.0012655348913628295
2024-08-19,12738249.82,-466300.0099999998,-0.03531358630194209,16080.0,0.001263935337093347
2024-08-20,12757009.82,-447540.0099999998,-0.03389286388114602,18760.0,0.0014727297913834647
2024-08-21,12738249.82,-466300.0099999998,-0.03531358630194209,-18760.0,-0.0014705640479000248
2024-08-22,12724849.82,-479700.0099999998,-0.03632838803108215,-13400.0,-0.0010519498509882208
2024-08-23,12684649.82,-519900.0099999998,-0.0393727932185023,-40200.0,-0.0031591728443676192
2024-08-26,12671249.82,-533300.0099999998,-0.04038759494764236,-13400.0,-0.0010563949490250968
2024-08-27,12623009.82,-581540.0099999998,-0.04404088117254655,-48240.0,-0.0038070435580758177
2024-08-28,12681969.82,-522580.0099999998,-0.03957575356433032,58960.0,0.004670835311130217
2024-08-29,12676609.82,-527940.0099999998,-0.03998167425598634,-5360.0,-0.00042264727609953034
2024-08-30,12673929.82,-530620.0099999998,-0.040184634601814345,-2680.0,-0.00021141299117466428
2024-09-02,12644449.82,-560100.0099999998,-0.042417198405922465,-29480.0,-0.0023260346568654278
2024-09-03,12631049.82,-573500.0099999998,-0.04343200013506252,-13400.0,-0.001059753503770855
2024-09-04,12679289.82,-525260.0099999998,-0.039778713910158324,48240.0,0.0038191599817472
2024-09-05,12663209.82,-541340.0099999998,-0.040996475985126395,-16080.0,-0.0012682098310140555
2024-09-06,12663209.82,-541340.0099999998,-0.040996475985126395,0.0,0.0
2024-09-09,12671249.82,-533300.0099999998,-0.04038759494764236,8040.0,0.0006349101147562486
2024-09-10,12671249.82,-533300.0099999998,-0.04038759494764236,0.0,0.0
2024-09-11,12673929.82,-530620.0099999998,-0.040184634601814345,2680.0,0.00021150241989320584
2024-09-12,12676609.82,-527940.0099999998,-0.03998167425598634,2680.0,0.00021145769607877618
2024-09-13,12687329.82,-517220.0099999998,-0.039169832872674296,10720.0,0.0008456519646986571
2024-09-18,12698049.82,-506500.0099999998,-0.03835799148936225,10720.0,0.0008449374416910072
2024-09-19,12757009.82,-447540.0099999998,-0.03389286388114602,58960.0,0.004643232688151588
2024-09-20,12738249.82,-466300.0099999998,-0.03531358630194209,-18760.0,-0.0014705640479000248
2024-09-23,12727529.82,-477020.0099999998,-0.03612542768525413,-10720.0,-0.0008415598807905988
2024-09-24,12735569.82,-468980.0099999998,-0.035516546647770104,8040.0,0.0006317015252532698
2024-09-25,12826689.82,-377860.0099999998,-0.02861589488961774,91120.0,0.007154764277363057
2024-09-26,12880289.82,-324260.0099999998,-0.024556687973057524,53600.0,0.004178786635693266
2024-09-27,12963369.82,-241180.00999999978,-0.01826491725238919,83080.0,0.006450165420268439
2024-09-30,12963369.82,-241180.00999999978,-0.01826491725238919,0.0,0.0
2024-10-08,13046449.82,-158100.00999999978,-0.01197314653172086,83080.0,0.006408827423238561
2024-10-09,12995529.82,-209020.00999999978,-0.015829393102453064,-50920.0,-0.0039029774921558458
2024-10-10,12931209.82,-273340.0099999998,-0.020700441402325322,-64320.0,-0.004949394206384072
2024-10-11,12960689.82,-243860.00999999978,-0.018467877598217202,29480.0,0.0022797557545159997
2024-10-14,12949969.82,-254580.00999999978,-0.019279718981529245,-10720.0,-0.0008271164690214494
2024-10-15,12917809.82,-286740.0099999998,-0.021715243131465375,-32160.0,-0.0024834034709743102
2024-10-16,12958009.82,-246540.00999999978,-0.018670837944045213,40200.0,0.003111982647225675
2024-10-17,12958009.82,-246540.00999999978,-0.018670837944045213,0.0,0.0
2024-10-18,12923169.82,-281380.0099999998,-0.021309322439809354,-34840.0,-0.0026886844881245375
2024-10-21,12893689.82,-310860.0099999998,-0.02354188624391747,-29480.0,-0.002281174078079262
2024-10-22,12923169.82,-281380.0099999998,-0.021309322439809354,29480.0,0.0022863897310660963
2024-10-23,12987489.82,-217060.00999999978,-0.016438274139937096,64320.0,0.004977107079445542
2024-10-24,13027689.82,-176860.00999999978,-0.013393868952516935,40200.0,0.003095286353032911
2024-10-25,13041089.82,-163460.00999999978,-0.012379067223376882,13400.0,0.0010285783730763498
2024-10-28,13049129.82,-155420.00999999978,-0.01177018618589285,8040.0,0.0006165128920183616
2024-10-29,13086649.82,-117900.00999999978,-0.0089287413443007,37520.0,0.0028752875109339104
2024-10-30,13113449.82,-91100.00999999978,-0.0068991378860205925,26800.0,0.002047888525223751
2024-10-31,13097369.82,-107180.00999999978,-0.008116899960988657,-16080.0,-0.0012262219492750193
2024-11-01,13081289.82,-123260.00999999978,-0.00933466203595672,-16080.0,-0.001227727415579638
2024-11-04,13113449.82,-91100.00999999978,-0.0068991378860205925,32160.0,0.0024584731660657333
2024-11-05,13142929.82,-61620.00999999978,-0.004666574081912475,29480.0,0.002248073573670739
2024-11-06,13236729.82,0.0,0.0,93800.0,0.00713691705613928
2024-11-07,13362689.82,0.0,0.0,125960.0,0.009515945532837078
2024-11-08,13397529.82,0.0,0.0,34840.0,0.0026072595015904643
2024-11-11,13368049.82,-29480.0,-0.0022004056267142533,-29480.0,-0.002200405626714308
2024-11-12,13443089.82,0.0,0.0,75040.0,0.005613384226600626
2024-11-13,13531529.82,0.0,0.0,88440.0,0.006578844684086205
2024-11-14,13619969.82,0.0,0.0,88440.0,0.006535846365965492
2024-11-15,13569049.82,-50920.0,-0.003738627961218199,-50920.0,-0.003738627961218155
2024-11-18,13424329.82,-195640.0,-0.014364202166785712,-144720.0,-0.010665448348983975
2024-11-19,13413609.82,-206360.0,-0.01515128173756849,-10720.0,-0.000798550105944873
2024-11-20,13502049.82,-117920.0,-0.008657875278610566,88440.0,0.006593303457219646
2024-11-21,13445769.82,-174200.0,-0.012790043025220153,-56280.0,-0.004168255987075042
2024-11-22,13528849.82,-91120.0,-0.006690176351653619,83080.0,0.006178895006548668
2024-11-25,13494009.82,-125960.0,-0.00924818495669765,-34840.0,-0.0025752373973798592
2024-11-26,13453809.82,-166160.0,-0.01219973334713307,-40200.0,-0.0029790996550497217
2024-11-27,13405569.82,-214400.0,-0.015741591415655575,-48240.0,-0.0035856014501028932
2024-11-28,13488649.82,-131320.0,-0.009641724742089039,83080.0,0.006197423989844353
2024-11-29,13595849.82,-24120.0,-0.0017709290342612521,107200.0,0.00794742256864378
2024-12-02,13751289.82,0.0,0.0,155440.0,0.011432900632025289
2024-12-03,13855809.82,0.0,0.0,104520.0,0.007600741557201696
2024-12-04,13676249.82,-179560.0,-0.012959184799203601,-179560.0,-0.01295918479920355
2024-12-05,13552969.82,-302840.0,-0.021856535556865776,-123280.0,-0.009014167013804975
2024-12-06,13343929.82,-511880.0,-0.036943347711162505,-209040.0,-0.015423925735562505
2024-12-09,13386809.82,-469000.0,-0.03384861701284523,42880.0,0.0032134461570481054
2024-12-10,13451129.82,-404680.0,-0.029206520965369312,64320.0,0.0048047294960376075
2024-12-11,13488448.612,-367361.20800000057,-0.026513153166243485,37318.792,0.0027743983218802004
2024-12-12,13419968.612,-435841.20800000057,-0.0314554842814666,-68480.0,-0.005076936715989522
2024-12-13,13426388.612,-429421.20800000057,-0.030992140739414434,6420.0,0.00047839158090567935
2024-12-16,13462768.612,-393041.20800000057,-0.028366527334452152,36380.0,0.0027095893803852356
2024-12-17,13424248.612,-431561.20800000057,-0.031146588586765157,-38520.0,-0.0028612242481583783
2024-12-18,13413548.612,-442261.20800000057,-0.031918827823518764,-10700.0,-0.000797065095355487
2024-12-19,13291568.612,-564241.2080000006,-0.04072235512250994,-121980.0,-0.009093790429989146
2024-12-20,13220948.612,-634861.2080000006,-0.04581913408508378,-70620.0,-0.005313142644145286
2024-12-23,13287288.612,-568521.2080000006,-0.04103125081721139,66340.0,0.0050177942556850486
2024-12-24,13278728.612,-577081.2080000006,-0.04164904220661428,-8560.0,-0.0006442247361339026
2024-12-25,13220948.612,-634861.2080000006,-0.04581913408508378,-57780.0,-0.004351320197009234
2024-12-26,13235928.612,-619881.2080000006,-0.04473799915362872,14980.0,0.0011330503157997995
2024-12-27,13246628.612,-609181.2080000006,-0.04396575991687511,10700.0,0.0008084056898205461
2024-12-30,13210248.612,-645561.2080000006,-0.04659137332183739,-36380.0,-0.0027463591730082504
2024-12-31,13188848.612,-666961.2080000006,-0.04813585179534462,-21400.0,-0.0016199543724377818
2025-01-02,13122508.612,-733301.2080000006,-0.05292373506321701,-66340.0,-0.005030006936287079
2025-01-03,13128928.612,-726881.2080000006,-0.05246039152116484,6420.0,0.0004892357238865941
2025-01-06,13135348.612,-720461.2080000006,-0.05199704797911268,6420.0,0.0004889964893350918
2025-01-07,13143908.612,-711901.2080000006,-0.051379256589709786,8560.0,0.0006516766515187733
2025-01-08,13077568.612,-778241.2080000006,-0.05616713985758218,-66340.0,-0.005047204903679381
2025-01-09,13030488.612,-825321.2080000006,-0.05956499249929807,-47080.0,-0.0036000575792658474
2025-01-10,13060448.612,-795361.2080000006,-0.05740272263638796,29960.0,0.0022992230676912584
2025-01-13,13128928.612,-726881.2080000006,-0.05246039152116484,68480.0,0.005243311469184997
2025-01-14,13133208.612,-722601.2080000006,-0.0521514958264634,4280.0,0.0003259976595568759
2025-01-15,13081848.612,-773961.2080000006,-0.05585824416288073,-51360.0,-0.003910697036600186
2025-01-16,13071148.612,-784661.2080000006,-0.05663048339963435,-10700.0,-0.0008179272148268746
2025-01-17,13049748.612,-806061.2080000006,-0.05817496187314157,-21400.0,-0.0016371935348018507
2025-01-20,13034768.612,-821041.2080000006,-0.05925609680459663,-14980.0,-0.001147914833104502
2025-01-21,13030488.612,-825321.2080000006,-0.05956499249929807,-4280.0,-0.0003283525874068216
2025-01-22,13015508.612,-840301.2080000006,-0.06064612743075313,-14980.0,-0.0011496115338456292
2025-01-23,12932048.612,-923761.2080000006,-0.0666695934774313,-83460.0,-0.006412350257526733
2025-01-24,12962008.612,-893801.2080000006,-0.06450732361452119,29960.0,0.002316724975206075
2025-01-27,13036908.612,-818901.2080000006,-0.0591016489572459,74900.0,0.005778425415537747
2025-02-05,13049748.612,-806061.2080000006,-0.05817496187314157,12840.0,0.0009848960656348993
2025-02-06,13092548.612,-763261.2080000006,-0.05508600492612712,42800.0,0.0032797566660129895
2025-02-07,13139628.612,-716181.2080000006,-0.05168815228441123,47080.0,0.0035959385292523294
2025-02-10,13248768.612,-607041.2080000006,-0.04381131206952439,109140.0,0.008306170838065174
2025-02-11,13240208.612,-615601.2080000006,-0.044429103458927276,-8560.0,-0.0006460977809097379
2025-02-12,13319388.612,-536421.2080000006,-0.03871453310695055,79180.0,0.005980268311500447
2025-02-13,13231648.612,-624161.2080000006,-0.04504689484833017,-87740.0,-0.006587389448262759
2025-02-14,13248768.612,-607041.2080000006,-0.04381131206952439,17120.0,0.001293867491649836
2025-02-17,13285148.612,-570661.2080000006,-0.041185698664562106,36380.0,0.002745915568866497
2025-02-18,13278728.612,-577081.2080000006,-0.04164904220661428,-6420.0,-0.0004832463819186561
2025-02-19,13336508.612,-519301.20800000057,-0.03747895032814477,57780.0,0.004351320197009345
2025-02-20,13355768.612,-500041.20800000057,-0.03608891970198827,19260.0,0.0014441560801505826
2025-02-21,13422108.612,-433701.20800000057,-0.03130103643411588,66340.0,0.004967142058780016
2025-02-24,13402848.612,-452961.20800000057,-0.03269106706027238,-19260.0,-0.0014349459207013693
2025-02-25,13370748.612,-485061.20800000057,-0.035007784770533214,-32100.0,-0.002395013248993938
2025-02-26,13392148.612,-463661.20800000057,-0.03346330629702599,21400.0,0.0016005087389643347
2025-02-27,13336508.612,-519301.20800000057,-0.03747895032814477,-55640.0,-0.004154673130653874
2025-02-28,13370748.612,-485061.20800000057,-0.035007784770533214,34240.0,0.0025673885869343938
2025-03-03,13362188.612,-493621.20800000057,-0.035625576159936105,-8560.0,-0.0006402034955856895
2025-03-04,13268028.612,-587781.2080000006,-0.04242128144336789,-94160.0,-0.007046749805300512
2025-03-05,13268028.612,-587781.2080000006,-0.04242128144336789,0.0,0.0
2025-03-06,13347208.612,-508601.20800000057,-0.03670671109139116,79180.0,0.005967729066274963
2025-03-07,13413548.612,-442261.20800000057,-0.031918827823518764,66340.0,0.0049703276489105885
2025-03-10,13372888.612,-482921.20800000057,-0.034853336923182494,-40660.0,-0.0030312634766630486
2025-03-11,13372888.612,-482921.20800000057,-0.034853336923182494,0.0,0.0
2025-03-12,13385728.612,-470081.20800000057,-0.03392664983907816,12840.0,0.0009601515702806207
2025-03-13,13413548.612,-442261.20800000057,-0.031918827823518764,27820.0,0.002078332887688994
2025-03-14,13419968.612,-435841.20800000057,-0.0314554842814666,6420.0,0.0004786205489468731
2025-03-17,13413548.612,-442261.20800000057,-0.031918827823518764,-6420.0,-0.00047839158090567935
2025-03-18,13464908.612,-390901.20800000057,-0.02821207948710143,51360.0,0.0038289643915743188
2025-03-19,13454208.612,-401601.20800000057,-0.02898431872385504,-10700.0,-0.0007946581969716648
2025-03-20,13535528.612,-320281.20800000057,-0.023115300524527593,81320.0,0.006044205374329481
2025-03-21,13516268.612,-339541.20800000057,-0.024505331150684092,-19260.0,-0.0014229218933440313
2025-03-24,13492728.612,-363081.20800000057,-0.02620425747154204,-23540.0,-0.0017416049263108135
2025-03-25,13434948.612,-420861.20800000057,-0.030374349350011542,-57780.0,-0.0042823065416591755
2025-03-26,13413548.612,-442261.20800000057,-0.031918827823518764,-21400.0,-0.0015928605771432514
2025-03-27,13390008.612,-465801.20800000057,-0.03361775414437671,-23540.0,-0.0017549420128049054
2025-03-28,13396428.612,-459381.20800000057,-0.03315441060232455,6420.0,0.00047946197691373094
2025-03-31,13368608.612,-487201.20800000057,-0.03516223261788393,-27820.0,-0.002076672880940822
2025-04-01,13407128.612,-448681.20800000057,-0.032382171365570936,38520.0,0.0028813768970259446
2025-04-02,13398568.612,-457241.20800000057,-0.03299996275497382,-8560.0,-0.0006384663150272862
2025-04-03,13379308.612,-476501.20800000057,-0.03438999338113032,-19260.0,-0.0014374669830589104
2025-04-07,13355768.612,-500041.20800000057,-0.03608891970198827,-23540.0,-0.0017594332175645544
2025-04-08,13362188.612,-493621.20800000057,-0.035625576159936105,6420.0,0.0004806911669787972
2025-04-09,13370748.612,-485061.20800000057,-0.035007784770533214,8560.0,0.0006406136186636324
2025-04-10,13325808.612,-530001.2080000006,-0.03825118956489838,-44940.0,-0.003361068351824925
2025-04-11,13321043.162,-534766.6579999998,-0.038595121104224264,-4765.450000000004,-0.0003576105689907516
2025-04-14,13321043.162,-534766.6579999998,-0.038595121104224264,0.0,0.0
2025-04-15,13316163.162,-539646.6579999998,-0.03894731993369694,-4880.0,-0.00036633767646077064
2025-04-16,13306403.162,-549406.6579999998,-0.03965171759264229,-9760.0,-0.0007329438578712599
2025-04-17,13289323.162,-566486.6579999998,-0.040884413495796655,-17080.0,-0.0012835925525521708
2025-04-18,13294203.162,-561606.6579999998,-0.04053221466632398,4880.0,0.0003672120799917966
2025-04-21,13299083.162,-556726.6579999998,-0.0401800158368513,4880.0,0.000367077284778361
2025-04-22,13323483.162,-532326.6579999998,-0.03841902168948793,24400.0,0.00183471294244697
2025-04-23,13294203.162,-561606.6579999998,-0.04053221466632398,-29280.0,-0.002197623522616765
2025-04-24,13289323.162,-566486.6579999998,-0.040884413495796655,-4880.0,-0.000367077284778472
2025-04-25,13277123.162,-578686.6579999998,-0.04176491056947834,-12200.0,-0.0009180301999792695
2025-04-28,13282003.162,-573806.6579999998,-0.041412711740005666,4880.0,0.0003675495015340591
2025-04-29,13260043.162,-595766.6579999998,-0.042997606472632705,-21960.0,-0.0016533650633985264
2025-04-30,13255163.162,-600646.6579999998,-0.04334980530210538,-4880.0,-0.00036802293479598625
2025-05-06,13255163.162,-600646.6579999998,-0.04334980530210538,0.0,0.0
2025-05-07,13230763.162,-625046.6579999998,-0.04511079944946876,-24400.0,-0.00184079212770083
2025-05-08,13223443.162,-632366.6579999998,-0.04563909769367777,-7320.0,-0.0005532560677242726
2025-05-09,13240523.162,-615286.6579999998,-0.04440640179052341,17080.0,0.0012916454353646412
2025-05-12,13225883.162,-629926.6579999998,-0.04546299827894143,-14640.0,-0.0011056964910582945
2025-05-13,13203923.162,-651886.6579999998,-0.04704789301156847,-21960.0,-0.0016603806136057386
2025-05-14,13218563.162,-637246.6579999998,-0.04599129652315045,14640.0,0.0011087613749625191
2025-05-15,13216123.162,-639686.6579999998,-0.04616739593788678,-2440.0,-0.00018458889745398555
2025-05-16,13218563.162,-637246.6579999998,-0.04599129652315045,2440.0,0.00018462297680565953
2025-05-19,13230763.162,-625046.6579999998,-0.04511079944946876,12200.0,0.0009229444872700387
2025-05-20,13223443.162,-632366.6579999998,-0.04563909769367777,-7320.0,-0.0005532560677242726
2025-05-21,13216123.162,-639686.6579999998,-0.04616739593788678,-7320.0,-0.0005535623294419256
2025-05-22,13238083.162,-617726.6579999998,-0.04458250120525974,21960.0,0.001661606791251824
2025-05-23,13233203.162,-622606.6579999998,-0.04493470003473242,-4880.0,-0.0003686334298010907
2025-05-26,13233203.162,-622606.6579999998,-0.04493470003473242,0.0,0.0
2025-05-27,13250283.162,-605526.6579999998,-0.04370200413157806,17080.0,0.0012906927968163728
2025-05-28,13242963.162,-612846.6579999998,-0.04423030237578707,-7320.0,-0.000552441024127881
2025-05-29,13260043.162,-595766.6579999998,-0.042997606472632705,17080.0,0.001289741562447988
2025-05-30,13267363.162,-588446.6579999998,-0.042469308228423694,7320.0,0.0005520344021938683
2025-06-03,13279563.162,-576246.6579999998,-0.04158881115474201,12200.0,0.0009195497139131703
2025-06-04,13277123.162,-578686.6579999998,-0.04176491056947834,-2440.0,-0.00018374098381357395
2025-06-05,13277123.162,-578686.6579999998,-0.04176491056947834,0.0,0.0
2025-06-06,13269803.162,-586006.6579999998,-0.04229320881368735,-7320.0,-0.0005513242523011996
2025-06-09,13289323.162,-566486.6579999998,-0.040884413495796655,19520.0,0.0014710090090783723
2025-06-10,13267363.162,-588446.6579999998,-0.042469308228423694,-21960.0,-0.0016524543599626407
2025-06-11,13242963.162,-612846.6579999998,-0.04423030237578707,-24400.0,-0.0018390994278264516
2025-06-12,13247843.162,-607966.6579999998,-0.04387810354631439,4880.0,0.000368497589270822
2025-06-13,13286883.162,-568926.6579999998,-0.04106051291053299,39040.0,0.002946894790540888
2025-06-16,13301523.162,-554286.6579999998,-0.04000391642211497,14640.0,0.001101838544186995
2025-06-17,13272243.162,-583566.6579999998,-0.04211710939895102,-29280.0,-0.0022012516644445146
2025-06-18,13274683.162,-581126.6579999998,-0.04194100998421468,2440.0,0.00018384232192092398
2025-06-19,13260043.162,-595766.6579999998,-0.042997606472632705,-14640.0,-0.0011028511808032215
2025-06-20,13262483.162,-593326.6579999998,-0.04282150705789637,2440.0,0.0001840114673978821
2025-06-23,13238083.162,-617726.6579999998,-0.04458250120525974,-24400.0,-0.0018397761340736007
2025-06-24,13228323.162,-627486.6579999998,-0.045286898864205095,-9760.0,-0.0007372668596021814
2025-06-25,13230763.162,-625046.6579999998,-0.04511079944946876,2440.0,0.00018445270576772366
2025-06-26,13223443.162,-632366.6579999998,-0.04563909769367777,-7320.0,-0.0005532560677242726
2025-06-27,13211243.162,-644566.6579999998,-0.04651959476735946,-12200.0,-0.0009226038824032834
2025-06-30,13211243.162,-644566.6579999998,-0.04651959476735946,0.0,0.0
2025-07-01,13194163.162,-661646.6579999998,-0.04775229067051382,-17080.0,-0.0012928382129191451
2025-07-02,13211243.162,-644566.6579999998,-0.04651959476735946,17080.0,0.001294511807250709
2025-07-03,13223443.162,-632366.6579999998,-0.04563909769367777,12200.0,0.0009234558663708814
2025-07-04,13223443.162,-632366.6579999998,-0.04563909769367777,0.0,0.0
2025-07-07,13221003.162,-634806.6579999998,-0.045815197108414106,-2440.0,-0.00018452077648067888
2025-07-08,13240523.162,-615286.6579999998,-0.04440640179052341,19520.0,0.0014764386454504397
2025-07-09,13262483.162,-593326.6579999998,-0.04282150705789637,21960.0,0.0016585447365875527
2025-07-10,13250283.162,-605526.6579999998,-0.04370200413157806,-12200.0,-0.0009198880670368004
2025-07-11,13264923.162,-590886.6579999998,-0.04264540764316003,14640.0,0.001104882048255762
2025-07-14,13260043.162,-595766.6579999998,-0.042997606472632705,-4880.0,-0.00036788754374239563
2025-07-15,13255469.138,-600340.682,-0.04332772243549746,-4574.023999999999,-0.0003449478967842978
2025-07-16,13255469.138,-600340.682,-0.04332772243549746,0.0,0.0
2025-07-17,13255469.138,-600340.682,-0.04332772243549746,0.0,0.0
2025-07-18,13255469.138,-600340.682,-0.04332772243549746,0.0,0.0
2025-07-21,13255469.138,-600340.682,-0.04332772243549746,0.0,0.0
2025-07-22,13255469.138,-600340.682,-0.04332772243549746,0.0,0.0
2025-07-23,13255469.138,-600340.682,-0.04332772243549746,0.0,0.0
2025-07-24,13255469.138,-600340.682,-0.04332772243549746,0.0,0.0
2025-07-25,13255469.138,-600340.682,-0.04332772243549746,0.0,0.0
2025-07-28,13255469.138,-600340.682,-0.04332772243549746,0.0,0.0
2025-07-29,13255469.138,-600340.682,-0.04332772243549746,0.0,0.0
2025-07-30,13255469.138,-600340.682,-0.04332772243549746,0.0,0.0
2025-07-31,13255469.138,-600340.682,-0.04332772243549746,0.0,0.0
2025-08-01,13255469.138,-600340.682,-0.04332772243549746,0.0,0.0
2025-08-04,13255469.138,-600340.682,-0.04332772243549746,0.0,0.0
2025-08-05,13255469.138,-600340.682,-0.04332772243549746,0.0,0.0
2025-08-06,13216077.478,-639732.3420000002,-0.04617069303856829,-39391.66,-0.002971728845648669
2025-08-07,13216077.478,-639732.3420000002,-0.04617069303856829,0.0,0.0
2025-08-08,13211677.478,-644132.3420000002,-0.046488249360223985,-4400.0,-0.0003329278303130234
2025-08-11,13211677.478,-644132.3420000002,-0.046488249360223985,0.0,0.0
2025-08-12,13196277.478,-659532.3420000002,-0.0475996964860189,-15400.0,-0.001165635478586613
2025-08-13,13161077.478,-694732.3420000002,-0.05014014705926443,-35200.0,-0.002667418903450902
2025-08-14,13122441.408,-733368.4120000005,-0.052928585302998946,-38636.06999999998,-0.0029356312250713446
2025-08-15,13120341.408,-735468.4120000005,-0.05308014627469825,-2100.0,-0.00016003119653629216
2025-08-18,13141341.408,-714468.4120000005,-0.05156453655770518,21000.0,0.0016005681061923571
2025-08-19,13149741.408,-706068.4120000005,-0.050958292670907956,8400.0,0.000639204152696804
2025-08-20,13147641.408,-708168.4120000005,-0.05110985364260726,-2100.0,-0.00015969895793710442
2025-08-21,13137141.408,-718668.4120000005,-0.051867658501103794,-10500.0,-0.0007986223288392047
2025-08-22,13139241.408,-716568.4120000005,-0.05171609752940449,2100.0,0.00015985212724589637
2025-08-25,13132941.408,-722868.4120000005,-0.05217078044450241,-6300.0,-0.0004794797358821379
2025-08-26,13101441.408,-754368.4120000005,-0.054444195019992016,-31500.0,-0.0023985487349248436
2025-08-27,13090941.408,-764868.4120000005,-0.05520199987848855,-10500.0,-0.0008014385343576569
2025-08-28,13099341.408,-756468.4120000005,-0.05459575599169132,8400.0,0.0006416650826095438
2025-08-29,13076241.408,-779568.4120000005,-0.0562629266803837,-23100.0,-0.0017634474345322726
2025-09-01,13088841.408,-766968.4120000005,-0.055353560850187854,12600.0,0.0009635796408815622
2025-09-02,13084641.408,-771168.4120000005,-0.05565668279358647,-4200.0,-0.00032088401632190955
2025-09-03,13057341.408,-798468.4120000005,-0.05762697542567746,-27300.0,-0.0020864156035111936
2025-09-04,13053141.408,-802668.4120000005,-0.057930097369076075,-4200.0,-0.00032165812846307595
2025-09-05,13069941.408,-785868.4120000005,-0.05671760959548162,16800.0,0.0012870465028214095
2025-09-08,13048941.408,-806868.4120000005,-0.05823321931247469,-21000.0,-0.0016067401791982627
2025-09-09,13059575.388,-796234.432,-0.05746574486398371,10633.98,0.0008149304734774709
2025-09-10,13059575.388,-796234.432,-0.05746574486398371,0.0,0.0
2025-09-11,13057594.236,-798215.5840000007,-0.05760872835074758,-1981.1519999999946,-0.00015170110368378786
2025-09-12,13077034.236,-778775.5840000007,-0.05620570678415971,19440.0,0.0014887887959027513
2025-09-15,13092154.236,-763655.5840000007,-0.0551144677879247,15120.0,0.0011562254657386806
2025-09-16,13072714.236,-783095.5840000007,-0.05651748935451257,-19440.0,-0.0014848587672871005
2025-09-17,13053274.236,-802535.5840000007,-0.05792051092110044,-19440.0,-0.0014870668515392094
2025-09-18,13035994.236,-819815.5840000007,-0.05916764120251188,-17280.0,-0.0013238057890749833
2025-09-19,13042474.236,-813335.5840000007,-0.05869996734698259,6480.0,0.0004970852151886529
2025-09-22,13046794.236,-809015.5840000007,-0.05838818477662973,4320.0,0.00033122549616204644
2025-09-23,13038154.236,-817655.5840000007,-0.05901174991733545,-8640.0,-0.0006622316443191112
2025-09-24,13020874.236,-834935.5840000007,-0.06025888019874689,-17280.0,-0.001325340971369049
2025-09-25,13031674.236,-824135.5840000007,-0.05947942377286474,10800.0,0.0008294373944677247
2025-09-26,13023034.236,-832775.5840000007,-0.06010298891357046,-8640.0,-0.0006629999985828805
2025-09-29,13012234.236,-843575.5840000007,-0.06088244533945261,-10800.0,-0.0008292998240106986
2025-09-30,13031674.236,-824135.5840000007,-0.05947942377286474,19440.0,0.0014939786394421173
2025-10-09,13051114.236,-804695.5840000007,-0.05807640220627687,19440.0,0.0014917499968114534
2025-10-10,13010074.236,-845735.5840000007,-0.06103833662462904,-41040.0,-0.003144559097245203
2025-10-13,12975514.236,-880295.5840000007,-0.06353259718745193,-34560.0,-0.0026564029822649937
2025-10-14,12940954.236,-914855.5840000007,-0.06602685775027481,-34560.0,-0.0026634782538417223
2025-10-15,12915034.236,-940775.5840000007,-0.06789755317239196,-25920.0,-0.002002943486802078
2025-10-16,12882634.236,-973175.5840000007,-0.07023592245003842,-32400.0,-0.00250870415114246
2025-10-17,12871834.236,-983975.5840000007,-0.07101537887592056,-10800.0,-0.000838337858713678
2025-10-20,12848074.236,-1007735.5840000007,-0.0727301830128613,-23760.0,-0.0018458907692850968
2025-10-21,12837274.236,-1018535.5840000007,-0.07350963943874345,-10800.0,-0.0008405929014434488
2025-10-22,12852394.236,-1003415.5840000007,-0.07241840044250844,15120.0,0.0011778201292607093
2025-10-23,12850234.236,-1005575.5840000007,-0.07257429172768487,-2160.0,-0.00016806207157493702
2025-10-24,12843754.236,-1012055.5840000007,-0.07304196558321416,-6480.0,-0.0005042709635475484
2025-10-27,12845914.236,-1009895.5840000007,-0.07288607429803773,2160.0,0.00016817512701594595
2025-10-28,12800554.236,-1055255.5840000007,-0.07615979128674276,-45360.0,-0.0035310838268622913
2025-10-29,12772474.236,-1083335.5840000007,-0.07818637799403634,-28080.0,-0.002193655015423346
2025-10-30,12774634.236,-1081175.5840000007,-0.07803048670885991,2160.0,0.00016911367054572857
2025-10-31,12770314.236,-1085495.5840000007,-0.07834226927921277,-4320.0,-0.00033817015189574473
2025-11-03,12761674.236,-1094135.5840000007,-0.0789658344199185,-8640.0,-0.0006765690992664997
2025-11-04,12737914.236,-1117895.5840000007,-0.08068063855685922,-23760.0,-0.001861824676026802
2025-11-05,12709834.236,-1145975.5840000007,-0.08270722526415282,-28080.0,-0.002204442539002205
2025-11-06,12753034.236,-1102775.5840000007,-0.07958939956062422,43200.0,0.003398942834174745
2025-11-07,12755457.108,-1100352.7120000012,-0.07941453630604185,2422.8719999999994,0.00018998396422076347
2025-11-10,12755457.108,-1100352.7120000012,-0.07941453630604185,0.0,0.0
2025-11-11,12755457.108,-1100352.7120000012,-0.07941453630604185,0.0,0.0
2025-11-12,12755457.108,-1100352.7120000012,-0.07941453630604185,0.0,0.0
2025-11-13,12755457.108,-1100352.7120000012,-0.07941453630604185,0.0,0.0
2025-11-14,12755457.108,-1100352.7120000012,-0.07941453630604185,0.0,0.0
2025-11-17,12755457.108,-1100352.7120000012,-0.07941453630604185,0.0,0.0
2025-11-18,12755457.108,-1100352.7120000012,-0.07941453630604185,0.0,0.0
2025-11-19,12755457.108,-1100352.7120000012,-0.07941453630604185,0.0,0.0
2025-11-20,12755457.108,-1100352.7120000012,-0.07941453630604185,0.0,0.0
2025-11-21,12767251.278,-1088558.5419999994,-0.07856332875100037,11794.169999999984,0.0009246371886275639
2025-11-24,12799451.278,-1056358.5419999994,-0.076239393851611,32200.0,0.0025220777204788547
2025-11-25,12808651.278,-1047158.5419999994,-0.07557541245178546,9200.0,0.0007187808133473084
2025-11-26,12836251.278,-1019558.5419999994,-0.07358346825230887,27600.0,0.0021547936157342296
2025-11-27,12831651.278,-1024158.5419999994,-0.07391545895222164,-4600.0,-0.0003583600772824047
2025-11-28,12843151.278,-1012658.5419999994,-0.07308548220243971,11500.0,0.000896221363162919
2025-12-01,12850051.278,-1005758.5419999994,-0.07258749615257057,6900.0,0.0005372513217858366
2025-12-02,12877651.278,-978158.5419999994,-0.07059555195309396,27600.0,0.002147851351165686
2025-12-03,12863851.278,-991958.5419999994,-0.07159152405283226,-13800.0,-0.001071623986555359
2025-12-04,12868451.278,-987358.5419999994,-0.07125953335291949,4600.0,0.00035759119882450285
2025-12-05,12912151.278,-943658.5419999994,-0.0681056217037482,43700.0,0.0033959020441496346
2025-12-08,12907551.278,-948258.5419999994,-0.06843761240366096,-4600.0,-0.00035625357083890474
2025-12-09,12903610.412,-952199.4079999998,-0.06872203215618326,-3940.866000000002,-0.0003053147661491451
2025-12-10,12889930.412,-965879.4079999998,-0.06970934362896732,-13680.0,-0.0010601683996347422
2025-12-11,12887650.412,-968159.4079999998,-0.06987389554109799,-2280.0,-0.0001768822582530749
2025-12-12,12887650.412,-968159.4079999998,-0.06987389554109799,0.0,0.0
2025-12-15,12887650.412,-968159.4079999998,-0.06987389554109799,0.0,0.0
2025-12-16,12862570.412,-993239.4079999998,-0.07168396657453543,-25080.0,-0.0019460490623369742
2025-12-17,12842050.412,-1013759.4079999998,-0.07316493378371151,-20520.0,-0.0015953265438186648
2025-12-18,12826090.412,-1029719.4079999998,-0.07431679716862626,-15960.0,-0.0012427921934557995
2025-12-19,12823810.412,-1031999.4079999998,-0.07448134908075693,-2280.0,-0.000177762663973291
2025-12-22,12787734.428,-1068075.392000001,-0.07708502107601826,-36075.984000000004,-0.0028132031620058395
2025-12-23,12795196.512,-1060613.3080000002,-0.0765464683608078,7462.084000000003,0.0005835344831419675
2025-12-24,12806996.512,-1048813.3080000002,-0.07569484004364027,11800.0,0.0009222210842119161
2025-12-25,12819161.84,-1036647.9800000004,-0.07481684531377325,12165.327999999998,0.0009498970339065771
2025-12-26,12819161.84,-1036647.9800000004,-0.07481684531377325,0.0,0.0
2025-12-29,12819161.84,-1036647.9800000004,-0.07481684531377325,0.0,0.0
2025-12-30,12819161.84,-1036647.9800000004,-0.07481684531377325,0.0,0.0
2025-12-31,12828688.9,-1027120.9199999999,-0.07412925937518389,9527.059999999998,0.0007431889946403203
2026-01-05,12817188.9,-1038620.9199999999,-0.0749592361249658,-11500.0,-0.0008964283170044274
2026-01-06,12824088.9,-1031720.9199999999,-0.07446125007509664,6900.0,0.0005383395730400586
2026-01-07,12812951.15,-1042858.6699999999,-0.07526508255726044,-11137.75,-0.0008685022450211077
2026-01-08,12780811.958,-1074997.8619999997,-0.07758462882828451,-32139.191999999995,-0.0025083364186555546
2026-01-09,12795060.702,-1060749.1180000007,-0.07655627002536332,14248.743999999999,0.0011148543650296716
2026-01-12,12795060.702,-1060749.1180000007,-0.07655627002536332,0.0,0.0
2026-01-13,12795060.702,-1060749.1180000007,-0.07655627002536332,0.0,0.0
2026-01-14,12795060.702,-1060749.1180000007,-0.07655627002536332,0.0,0.0
2026-01-15,12795060.702,-1060749.1180000007,-0.07655627002536332,0.0,0.0
2026-01-16,12795060.702,-1060749.1180000007,-0.07655627002536332,0.0,0.0
2026-01-19,12795060.702,-1060749.1180000007,-0.07655627002536332,0.0,0.0
2026-01-20,12795060.702,-1060749.1180000007,-0.07655627002536332,0.0,0.0
2026-01-21,12795060.702,-1060749.1180000007,-0.07655627002536332,0.0,0.0
2026-01-22,12795060.702,-1060749.1180000007,-0.07655627002536332,0.0,0.0
2026-01-23,12795060.702,-1060749.1180000007,-0.07655627002536332,0.0,0.0
2026-01-26,12795060.702,-1060749.1180000007,-0.07655627002536332,0.0,0.0
2026-01-27,12827968.02,-1027841.8000000007,-0.07418128664817375,32907.318,0.0025718766613476163
2026-01-28,12812708.02,-1043101.8000000007,-0.07528262970918871,-15260.0,-0.001189588247819784
2026-01-29,12821428.02,-1034381.8000000007,-0.07465329081718017,8720.0,0.0006805743162483502
2026-01-30,12834508.02,-1021301.8000000007,-0.07370928247916733,13080.0,0.001020167174794917
2026-02-02,12808348.02,-1047461.8000000007,-0.07559729915519299,-26160.0,-0.002038254988756427
2026-02-03,12806168.02,-1049641.8000000007,-0.07575463387819513,-2180.0,-0.0001702014964456433
2026-02-04,12803988.02,-1051821.8000000007,-0.07591196860119727,-2180.0,-0.00017023046992636903
2026-02-05,12777828.02,-1077981.8000000007,-0.07779998527722291,-26160.0,-0.002043113439276656
2026-02-06,12777828.02,-1077981.8000000007,-0.07779998527722291,0.0,0.0
2026-02-09,12775648.02,-1080161.8000000007,-0.07795732000022505,-2180.0,-0.0001706080248213837
2026-02-10,12777828.02,-1077981.8000000007,-0.07779998527722291,2180.0,0.00017063713688636462
2026-02-11,12769108.02,-1086701.8000000007,-0.07842932416923147,-8720.0,-0.0006824320992856459
2026-02-12,12762568.02,-1093241.8000000007,-0.07890132833823787,-6540.0,-0.0005121735981680198
2026-02-13,12749488.02,-1106321.8000000007,-0.07984533667625071,-13080.0,-0.0010248721087717794
2026-02-24,12758208.02,-1097601.8000000007,-0.07921599778424215,8720.0,0.0006839490328021114
2026-02-25,12747308.02,-1108501.8000000007,-0.08000267139925285,-10900.0,-0.0008543519578073644
2026-02-26,12721148.02,-1134661.8000000007,-0.0818906880752785,-26160.0,-0.0020521979981150684
2026-02-27,12732048.02,-1123761.8000000007,-0.08110401446026781,10900.0,0.0008568409064073634
2026-03-02,12723328.02,-1132481.8000000007,-0.08173335335227636,-8720.0,-0.0006848858868818697
2026-03-03,12736408.02,-1119401.8000000007,-0.08078934501426353,13080.0,0.0010280329155578638
2026-03-04,12723328.02,-1132481.8000000007,-0.08173335335227636,-13080.0,-0.0010269771492449342
2026-03-05,12723328.02,-1132481.8000000007,-0.08173335335227636,0.0,0.0
2026-03-06,12769108.02,-1086701.8000000007,-0.07842932416923147,45780.0,0.0035981152044526343
2026-03-09,12843228.02,-1012581.8000000007,-0.07307994358715879,74120.0,0.005804634112571261
2026-03-10,12786548.02,-1069261.8000000007,-0.07717064638521437,-56680.0,-0.004413220719256539
2026-03-11,12808348.02,-1047461.8000000007,-0.07559729915519299,21800.0,0.0017049167582916525
2026-03-12,12836688.02,-1019121.8000000007,-0.07355194775616519,28340.0,0.002212619453792808
2026-03-13,12873748.02,-982061.8000000007,-0.07087725746512885,37060.0,0.0028870375241853985
2026-03-16,12912988.02,-942821.8000000007,-0.06804523245109038,39240.0,0.0030480633875262786
2026-03-17,12904268.02,-951541.8000000007,-0.06867457134309893,-8720.0,-0.0006752890954823121
2026-03-18,12838868.02,-1016941.8000000007,-0.07339461303316307,-65400.0,-0.005068090642463274
2026-03-19,12845408.02,-1010401.8000000007,-0.07292260886415665,6540.0,0.0005093907024991129
2026-03-20,12812708.02,-1043101.8000000007,-0.07528262970918871,-32700.0,-0.0025456567786003026
2026-03-23,12806168.02,-1049641.8000000007,-0.07575463387819513,-6540.0,-0.0005104307371861516
2026-03-24,12771288.02,-1084521.8000000007,-0.07827198944622933,-34880.0,-0.0027236875188211274
2026-03-25,12747308.02,-1108501.8000000007,-0.08000267139925285,-23980.0,-0.0018776492991503524
2026-03-26,12751668.02,-1104141.8000000007,-0.07968800195324857,4360.0,0.00034203299968593726
2026-03-27,12795268.02,-1060541.8000000007,-0.07654130749320581,43600.0,0.0034191605311255646
2026-03-30,12780008.02,-1075801.8000000007,-0.07764265055422077,-15260.0,-0.0011926283979474261
2026-03-31,12723328.02,-1132481.8000000007,-0.08173335335227636,-56680.0,-0.00443505198989691
2026-04-01,12699348.02,-1156461.8000000007,-0.08346403530529987,-23980.0,-0.0018847270118561577
2026-04-02,12710248.02,-1145561.8000000007,-0.08267736169028919,10900.0,0.0008583117796940876
2026-04-03,12697154.068,-1158655.7520000003,-0.0836223769705292,-13093.95199999999,-0.0010301885517415288
2026-04-07,12697154.068,-1158655.7520000003,-0.0836223769705292,0.0,0.0
2026-04-08,12697154.068,-1158655.7520000003,-0.0836223769705292,0.0,0.0
2026-04-09,12697154.068,-1158655.7520000003,-0.0836223769705292,0.0,0.0
2026-04-10,12697154.068,-1158655.7520000003,-0.0836223769705292,0.0,0.0
2026-04-13,12697154.068,-1158655.7520000003,-0.0836223769705292,0.0,0.0
2026-04-14,12697154.068,-1158655.7520000003,-0.0836223769705292,0.0,0.0
2026-04-15,12697154.068,-1158655.7520000003,-0.0836223769705292,0.0,0.0
2026-04-16,12697154.068,-1158655.7520000003,-0.0836223769705292,0.0,0.0
2026-04-17,12697154.068,-1158655.7520000003,-0.0836223769705292,0.0,0.0
2026-04-20,12697154.068,-1158655.7520000003,-0.0836223769705292,0.0,0.0
2026-04-21,12697154.068,-1158655.7520000003,-0.0836223769705292,0.0,0.0
2026-04-22,12697154.068,-1158655.7520000003,-0.0836223769705292,0.0,0.0
2026-04-23,12697154.068,-1158655.7520000003,-0.0836223769705292,0.0,0.0
2026-04-24,12697154.068,-1158655.7520000003,-0.0836223769705292,0.0,0.0
2026-04-27,12697154.068,-1158655.7520000003,-0.0836223769705292,0.0,0.0
2026-04-28,12697154.068,-1158655.7520000003,-0.0836223769705292,0.0,0.0
2026-04-29,12697154.068,-1158655.7520000003,-0.0836223769705292,0.0,0.0
2026-04-30,12697154.068,-1158655.7520000003,-0.0836223769705292,0.0,0.0
2026-05-06,12697154.068,-1158655.7520000003,-0.0836223769705292,0.0,0.0
2026-05-07,12697154.068,-1158655.7520000003,-0.0836223769705292,0.0,0.0
2026-05-08,12697154.068,-1158655.7520000003,-0.0836223769705292,0.0,0.0
2026-05-11,12697154.068,-1158655.7520000003,-0.0836223769705292,0.0,0.0
2026-05-12,12697154.068,-1158655.7520000003,-0.0836223769705292,0.0,0.0
2026-05-13,12697154.068,-1158655.7520000003,-0.0836223769705292,0.0,0.0
2026-05-14,12697154.068,-1158655.7520000003,-0.0836223769705292,0.0,0.0
2026-05-15,12697154.068,-1158655.7520000003,-0.0836223769705292,0.0,0.0
2026-05-18,12697154.068,-1158655.7520000003,-0.0836223769705292,0.0,0.0
2026-05-19,12697154.068,-1158655.7520000003,-0.0836223769705292,0.0,0.0
2026-05-20,12697154.068,-1158655.7520000003,-0.0836223769705292,0.0,0.0
2026-05-21,12697154.068,-1158655.7520000003,-0.0836223769705292,0.0,0.0
2026-05-22,12697154.068,-1158655.7520000003,-0.0836223769705292,0.0,0.0
2026-05-25,12697154.068,-1158655.7520000003,-0.0836223769705292,0.0,0.0
2026-05-26,12697154.068,-1158655.7520000003,-0.0836223769705292,0.0,0.0
2026-05-27,12697154.068,-1158655.7520000003,-0.0836223769705292,0.0,0.0
2026-05-28,12697154.068,-1158655.7520000003,-0.0836223769705292,0.0,0.0
2026-05-29,12697154.068,-1158655.7520000003,-0.0836223769705292,0.0,0.0
2026-06-01,12697154.068,-1158655.7520000003,-0.0836223769705292,0.0,0.0
2026-06-02,12697154.068,-1158655.7520000003,-0.0836223769705292,0.0,0.0
2026-06-03,12697154.068,-1158655.7520000003,-0.0836223769705292,0.0,0.0
2026-06-04,12697154.068,-1158655.7520000003,-0.0836223769705292,0.0,0.0
2026-06-05,12697154.068,-1158655.7520000003,-0.0836223769705292,0.0,0.0
2026-06-08,12697154.068,-1158655.7520000003,-0.0836223769705292,0.0,0.0
2026-06-18,12697154.068,-1158655.7520000003,-0.0836223769705292,0.0,0.0
2026-06-22,12697154.068,-1158655.7520000003,-0.0836223769705292,0.0,0.0
2026-06-23,12697154.068,-1158655.7520000003,-0.0836223769705292,0.0,0.0
2026-06-24,12697154.068,-1158655.7520000003,-0.0836223769705292,0.0,0.0
2026-06-25,12697154.068,-1158655.7520000003,-0.0836223769705292,0.0,0.0
2026-06-26,12697154.068,-1158655.7520000003,-0.0836223769705292,0.0,0.0
2026-06-29,12697154.068,-1158655.7520000003,-0.0836223769705292,0.0,0.0
2026-06-30,12697154.068,-1158655.7520000003,-0.0836223769705292,0.0,0.0
