datetime,balance,drawdown,ddpercent,net_pnl,return
2020-01-03,10000000.0,0.0,0.0,0.0,0.0
2020-01-06,10000000.0,0.0,0.0,0.0,0.0
2020-01-07,10000000.0,0.0,0.0,0.0,0.0
2020-01-08,10000000.0,0.0,0.0,0.0,0.0
2020-01-09,10000000.0,0.0,0.0,0.0,0.0
2020-01-10,10000000.0,0.0,0.0,0.0,0.0
2020-01-13,10000000.0,0.0,0.0,0.0,0.0
2020-01-14,10000000.0,0.0,0.0,0.0,0.0
2020-01-15,10000000.0,0.0,0.0,0.0,0.0
2020-01-16,10000000.0,0.0,0.0,0.0,0.0
2020-01-17,10000000.0,0.0,0.0,0.0,0.0
2020-01-20,10000000.0,0.0,0.0,0.0,0.0
2020-01-21,10000000.0,0.0,0.0,0.0,0.0
2020-01-22,10000000.0,0.0,0.0,0.0,0.0
2020-01-23,10000000.0,0.0,0.0,0.0,0.0
2020-02-03,10000000.0,0.0,0.0,0.0,0.0
2020-02-04,10107078.988,0.0,0.0,107078.98800000001,0.010707898800000004
2020-02-05,10101018.988,-6060.0,-0.0005995797606009567,-6060.0,-0.0005995797606009878
2020-02-06,10101018.988,-6060.0,-0.0005995797606009567,0.0,0.0
2020-02-07,10107078.988,0.0,0.0,6060.0,0.0005999394721660778
2020-02-10,10113138.988,0.0,0.0,6060.0,0.0005995797606008768
2020-02-11,10107078.988,-6060.0,-0.0005992204801289338,-6060.0,-0.000599220480128948
2020-02-12,10101018.988,-12120.0,-0.0011984409602578676,-6060.0,-0.0005995797606009878
2020-02-13,10101018.988,-12120.0,-0.0011984409602578676,0.0,0.0
2020-02-14,10125258.988,0.0,0.0,24240.0,0.002399757888664311
2020-02-17,10179798.988,0.0,0.0,54540.0,0.005386528884311792
2020-02-18,10179798.988,0.0,0.0,0.0,0.0
2020-02-19,10179798.988,0.0,0.0,0.0,0.0
2020-02-20,10131318.988,-48480.0,-0.004762373015139933,-48480.0,-0.004762373015139931
2020-02-21,10343418.988,0.0,0.0,212100.0,0.02093508261374666
2020-02-24,10391898.988,0.0,0.0,48480.0,0.004687038208182948
2020-02-25,10391898.988,0.0,0.0,0.0,0.0
2020-02-26,10319178.988,-72720.0,-0.006997758550576089,-72720.0,-0.00699775855057605
2020-02-27,10264638.988,-127260.0,-0.012246077463508155,-54540.0,-0.005285304195558949
2020-02-28,10197978.988,-193920.0,-0.0186606894682029,-66660.0,-0.006494139743046912
2020-03-02,10307058.988,-84840.0,-0.00816405164233877,109080.0,0.010696236982676188
2020-03-03,10355538.988,-36360.0,-0.0034988792752880444,48480.0,0.004703572576468584
2020-03-04,10365543.442,-26355.54600000009,-0.0025361626426925474,10004.454,0.0009660968889781962
2020-03-05,10286589.292,-105309.69600000046,-0.01013382598518388,-78954.15,-0.0076169812457769215
2020-03-06,10385589.292,-6309.696000000462,-0.0006071744930629672,99000.0,0.009624181270364573
2020-03-09,10330589.292,-61309.69600000046,-0.005899758655352363,-55000.0,-0.005295799636749199
2020-03-10,10325089.292,-66809.69600000046,-0.006429017071581303,-5500.0,-0.000532399444459486
2020-03-11,10325089.292,-66809.69600000046,-0.006429017071581303,0.0,0.0
2020-03-12,10281089.292,-110809.69600000046,-0.01066308440141282,-44000.0,-0.004261464356932199
2020-03-13,10281089.292,-110809.69600000046,-0.01066308440141282,0.0,0.0
2020-03-16,10237089.292,-154809.69600000046,-0.014897151731244337,-44000.0,-0.004279702155124521
2020-03-17,10264589.292,-127309.69600000046,-0.012250859650099638,27500.0,0.0026863104555989725
2020-03-18,10292089.292,-99809.69600000046,-0.00960456756895494,27500.0,0.002679113524925336
2020-03-19,10418589.292,0.0,0.0,126500.0,0.012290993248409432
2020-03-20,10440589.292,0.0,0.0,22000.0,0.002111610255804308
2020-03-23,10501089.292,0.0,0.0,60500.0,0.005794692072252916
2020-03-24,10462589.292,-38500.0,-0.003666286318442249,-38500.0,-0.0036662863184422356
2020-03-25,10473589.292,-27500.0,-0.0026187759417444635,11000.0,0.0010513649817460724
2020-03-26,10380089.292,-121000.0,-0.01152261414367564,-93500.0,-0.008927216581942732
2020-03-27,10380089.292,-121000.0,-0.01152261414367564,0.0,0.0
2020-03-30,10281089.292,-220000.0,-0.020950207533955708,-99000.0,-0.009537490209867494
2020-03-31,10220589.292,-280500.0,-0.02671151460579353,-60500.0,-0.005884590463296258
2020-04-01,10286589.292,-214500.0,-0.020426452345606815,66000.0,0.006457553289188622
2020-04-02,10259089.292,-242000.0,-0.02304522828735128,-27500.0,-0.002673383686212394
2020-04-03,10319589.292,-181500.0,-0.01728392121551346,60500.0,0.0058972096136424845
2020-04-07,10396589.292,-104500.0,-0.009951348578628961,77000.0,0.007461537259015882
2020-04-08,10418589.292,-82500.0,-0.00785632782523339,22000.0,0.002116078589055048
2020-04-09,10424089.292,-77000.0,-0.007332572636884498,5500.0,0.000527902563951077
2020-04-10,10429589.292,-71500.0,-0.006808817448535605,5500.0,0.0005276240298728307
2020-04-13,10462069.986,-39019.305999999866,-0.0037157389024132744,32480.694000000003,0.0031142831314474595
2020-04-14,10449429.986,-51659.305999999866,-0.004919423553455093,-12640.0,-0.0012081739098395161
2020-04-15,10405189.986,-95899.30599999987,-0.009132319832101459,-44240.0,-0.00423372375902531
2020-04-16,10430469.986,-70619.30599999987,-0.006724950530017822,25280.0,0.002429556791756271
2020-04-17,10430469.986,-70619.30599999987,-0.006724950530017822,0.0,0.0
2020-04-20,10462069.986,-39019.305999999866,-0.0037157389024132744,31600.0,0.0030295854398136868
2020-04-21,10455749.986,-45339.305999999866,-0.004317581227934184,-6320.0,-0.0006040869549197581
2020-04-22,10430469.986,-70619.30599999987,-0.006724950530017822,-25280.0,-0.00241780838618455
2020-04-23,10449429.986,-51659.305999999866,-0.004919423553455093,18960.0,0.0018177512638881677
2020-04-24,10424149.986,-76939.30599999987,-0.0073267928555387305,-25280.0,-0.002419270719443034
2020-04-27,10443109.986,-57979.305999999866,-0.005521265878976002,18960.0,0.0018188533382064165
2020-04-28,10424149.986,-76939.30599999987,-0.0073267928555387305,-18960.0,-0.0018155511169964944
2020-04-29,10443109.986,-57979.305999999866,-0.005521265878976002,18960.0,0.0018188533382064165
2020-04-30,10481029.986,-20059.305999999866,-0.001910211925850546,37920.0,0.003631102233992989
2020-05-06,10474709.986,-26379.305999999866,-0.0025120542513714554,-6320.0,-0.0006029941721797938
2020-05-07,10449429.986,-51659.305999999866,-0.004919423553455093,-25280.0,-0.0024134319741346832
2020-05-08,10379909.986,-121179.30599999987,-0.011539689134185098,-69520.0,-0.006652994478468344
2020-05-11,10417829.986,-83259.30599999987,-0.007928635181059641,37920.0,0.0036532108709175226
2020-05-12,10493669.986,-7419.305999999866,-0.0007065272748087272,75840.0,0.007279826998704886
2020-05-13,10474709.986,-26379.305999999866,-0.0025120542513714554,-18960.0,-0.0018068035325387033
2020-05-14,10487349.986,-13739.305999999866,-0.0013083696003296367,12640.0,0.0012067159870672306
2020-05-15,10506309.986,0.0,0.0,18960.0,0.001807892367977626
2020-05-18,10462069.986,-44240.0,-0.004210802846951141,-44240.0,-0.004210802846951189
2020-05-19,10443109.986,-63200.0,-0.00601543263850163,-18960.0,-0.0018122608647592742
2020-05-20,10462069.986,-44240.0,-0.004210802846951141,18960.0,0.0018155511169966054
2020-05-21,10455749.986,-50560.0,-0.004812346110801304,-6320.0,-0.0006040869549197581
2020-05-22,10443109.986,-63200.0,-0.00601543263850163,-12640.0,-0.001208904193092275
2020-05-25,10441185.546,-65124.43999999948,-0.0061986025623439545,-1924.4399999999996,-0.00018427843837509617
2020-05-26,10441185.546,-65124.43999999948,-0.0061986025623439545,0.0,0.0
2020-05-27,10441185.546,-65124.43999999948,-0.0061986025623439545,0.0,0.0
2020-05-28,10441185.546,-65124.43999999948,-0.0061986025623439545,0.0,0.0
2020-05-29,10441185.546,-65124.43999999948,-0.0061986025623439545,0.0,0.0
2020-06-01,10441185.546,-65124.43999999948,-0.0061986025623439545,0.0,0.0
2020-06-02,10441185.546,-65124.43999999948,-0.0061986025623439545,0.0,0.0
2020-06-03,10441185.546,-65124.43999999948,-0.0061986025623439545,0.0,0.0
2020-06-04,10441185.546,-65124.43999999948,-0.0061986025623439545,0.0,0.0
2020-06-05,10441185.546,-65124.43999999948,-0.0061986025623439545,0.0,0.0
2020-06-08,10441185.546,-65124.43999999948,-0.0061986025623439545,0.0,0.0
2020-06-09,10441185.546,-65124.43999999948,-0.0061986025623439545,0.0,0.0
2020-06-10,10441185.546,-65124.43999999948,-0.0061986025623439545,0.0,0.0
2020-06-11,10441185.546,-65124.43999999948,-0.0061986025623439545,0.0,0.0
2020-06-12,10441185.546,-65124.43999999948,-0.0061986025623439545,0.0,0.0
2020-06-15,10441185.546,-65124.43999999948,-0.0061986025623439545,0.0,0.0
2020-06-16,10441185.546,-65124.43999999948,-0.0061986025623439545,0.0,0.0
2020-06-17,10441185.546,-65124.43999999948,-0.0061986025623439545,0.0,0.0
2020-06-18,10441185.546,-65124.43999999948,-0.0061986025623439545,0.0,0.0
2020-06-19,10441185.546,-65124.43999999948,-0.0061986025623439545,0.0,0.0
2020-06-22,10441185.546,-65124.43999999948,-0.0061986025623439545,0.0,0.0
2020-06-23,10441185.546,-65124.43999999948,-0.0061986025623439545,0.0,0.0
2020-06-24,10441185.546,-65124.43999999948,-0.0061986025623439545,0.0,0.0
2020-06-29,10441185.546,-65124.43999999948,-0.0061986025623439545,0.0,0.0
2020-06-30,10441185.546,-65124.43999999948,-0.0061986025623439545,0.0,0.0
2020-07-01,10441185.546,-65124.43999999948,-0.0061986025623439545,0.0,0.0
2020-07-02,10441185.546,-65124.43999999948,-0.0061986025623439545,0.0,0.0
2020-07-03,10441185.546,-65124.43999999948,-0.0061986025623439545,0.0,0.0
2020-07-06,10441185.546,-65124.43999999948,-0.0061986025623439545,0.0,0.0
2020-07-07,10441185.546,-65124.43999999948,-0.0061986025623439545,0.0,0.0
2020-07-08,10441185.546,-65124.43999999948,-0.0061986025623439545,0.0,0.0
2020-07-09,10441185.546,-65124.43999999948,-0.0061986025623439545,0.0,0.0
2020-07-10,10441185.546,-65124.43999999948,-0.0061986025623439545,0.0,0.0
2020-07-13,10441185.546,-65124.43999999948,-0.0061986025623439545,0.0,0.0
2020-07-14,10441185.546,-65124.43999999948,-0.0061986025623439545,0.0,0.0
2020-07-15,10441185.546,-65124.43999999948,-0.0061986025623439545,0.0,0.0
2020-07-16,10441185.546,-65124.43999999948,-0.0061986025623439545,0.0,0.0
2020-07-17,10441185.546,-65124.43999999948,-0.0061986025623439545,0.0,0.0
2020-07-20,10441185.546,-65124.43999999948,-0.0061986025623439545,0.0,0.0
2020-07-21,10441185.546,-65124.43999999948,-0.0061986025623439545,0.0,0.0
2020-07-22,10441185.546,-65124.43999999948,-0.0061986025623439545,0.0,0.0
2020-07-23,10556994.106,0.0,0.0,115808.56,0.011091514415656256
2020-07-24,10581794.106,0.0,0.0,24800.0,0.002349153532813286
2020-07-27,10569394.106,-12400.0,-0.0011718239719830737,-12400.0,-0.0011718239719831214
2020-07-28,10327594.106,-254200.0,-0.024022391425653013,-241800.0,-0.02287737571094406
2020-07-29,10544594.106,-37200.0,-0.0035154719159492215,217000.0,0.021011670072696775
2020-07-30,10451594.106,-130200.0,-0.012304151705822275,-93000.0,-0.008819685145308953
2020-07-31,10308994.106,-272800.0,-0.025780127383627623,-142600.0,-0.013643851698961096
2020-08-03,10414394.106,-167400.0,-0.015819623621771497,105400.0,0.010224081895502835
2020-08-04,10693394.106,0.0,0.0,279000.0,0.02678984462852818
2020-08-05,10457794.106,-235600.0,-0.022032293738038347,-235600.0,-0.02203229373803839
2020-08-06,10364794.106,-328600.0,-0.03072925179252717,-93000.0,-0.008892888792545905
2020-08-07,10392486.118,-300907.9879999999,-0.02813961451501747,27692.012000000002,0.0026717377804899023
2020-08-10,10340646.118,-352747.9879999999,-0.03298746726280995,-51840.0,-0.004988219316474418
2020-08-11,10346406.118,-346987.9879999999,-0.032448816957499675,5760.0,0.0005570251543540738
2020-08-12,10363686.118,-329707.9879999999,-0.03083286604156885,17280.0,0.0016701451502021403
2020-08-13,10363686.118,-329707.9879999999,-0.03083286604156885,0.0,0.0
2020-08-14,10357926.118,-335467.9879999999,-0.031371516346879125,-5760.0,-0.000555786805429781
2020-08-17,10340646.118,-352747.9879999999,-0.03298746726280995,-17280.0,-0.0016682876285408765
2020-08-18,10346406.118,-346987.9879999999,-0.032448816957499675,5760.0,0.0005570251543540738
2020-08-19,10340646.118,-352747.9879999999,-0.03298746726280995,-5760.0,-0.0005567150500673801
2020-08-20,10357926.118,-335467.9879999999,-0.031371516346879125,17280.0,0.0016710754630622215
2020-08-21,10323366.118,-370027.9879999999,-0.034603418178740776,-34560.0,-0.003336575257081753
2020-08-24,10311846.118,-381547.9879999999,-0.035680718789361326,-11520.0,-0.001115915087029018
2020-08-25,10311846.118,-381547.9879999999,-0.035680718789361326,0.0,0.0
2020-08-26,10317606.118,-375787.9879999999,-0.035142068484051055,5760.0,0.0005585808723371777
2020-08-27,10363686.118,-329707.9879999999,-0.03083286604156885,46080.0,0.004466152271466184
2020-08-28,10306086.118,-387307.9879999999,-0.036219369094671605,-57600.0,-0.005557868054297588
2020-08-31,10277286.118,-416107.9879999999,-0.03891262062122298,-28800.0,-0.0027944652965493644
2020-09-01,10242726.118,-450667.9879999999,-0.04214452245308463,-34560.0,-0.003362755459290989
2020-09-02,10260006.118,-433387.9879999999,-0.04052857153715381,17280.0,0.0016870508691659847
2020-09-03,10202406.118,-490987.9879999999,-0.04591507459025656,-57600.0,-0.005614031740093006
2020-09-04,10265766.118,-427627.9879999999,-0.03998992123184353,63360.0,0.006210299733923952
2020-09-07,10294566.118,-398827.9879999999,-0.037296669705292156,28800.0,0.002805440886628263
2020-09-08,10283046.118,-410347.9879999999,-0.038373970315912706,-11520.0,-0.0011190369626027374
2020-09-09,10185126.118,-508267.9879999999,-0.04753102550618739,-97920.0,-0.00952247017822816
2020-09-10,10202406.118,-490987.9879999999,-0.04591507459025656,17280.0,0.001696591657265989
2020-09-11,10156326.118,-537067.9879999999,-0.05022427703273876,-46080.0,-0.004516581624672056
2020-09-14,10213926.118,-479467.9879999999,-0.04483777397963601,57600.0,0.005671342110403099
2020-09-15,10190886.118,-502507.9879999999,-0.04699237520087711,-23040.0,-0.002255743749643546
2020-09-16,10162086.118,-531307.9879999999,-0.04968562672742849,-28800.0,-0.0028260545419236394
2020-09-17,10202406.118,-490987.9879999999,-0.04591507459025656,40320.0,0.003967689264961161
2020-09-18,10202406.118,-490987.9879999999,-0.04591507459025656,0.0,0.0
2020-09-21,10162086.118,-531307.9879999999,-0.04968562672742849,-40320.0,-0.0039520089215879795
2020-09-22,10121766.118,-571627.9879999999,-0.05345617886460042,-40320.0,-0.003967689264961161
2020-09-23,10167846.118,-525547.9879999999,-0.04914697642211821,46080.0,0.004552565181095591
2020-09-24,10167846.118,-525547.9879999999,-0.04914697642211821,0.0,0.0
2020-09-25,10173606.118,-519787.9879999999,-0.04860832611680794,5760.0,0.0005664916574419365
2020-09-28,10116006.118,-577387.9879999999,-0.05399482916991069,-57600.0,-0.005661709263354409
2020-09-29,10133286.118,-560107.9879999999,-0.05237887825397987,17280.0,0.0017081840202974874
2020-09-30,10144806.118,-548587.9879999999,-0.05130157764335931,11520.0,0.0011368474022990238
2020-10-09,10162086.118,-531307.9879999999,-0.04968562672742849,17280.0,0.0017033346718513531
2020-10-12,10144806.118,-548587.9879999999,-0.05130157764335931,-17280.0,-0.0017004382564119735
2020-10-13,10162086.118,-531307.9879999999,-0.04968562672742849,17280.0,0.0017033346718513531
2020-10-14,10144806.118,-548587.9879999999,-0.05130157764335931,-17280.0,-0.0017004382564119735
2020-10-15,10162086.118,-531307.9879999999,-0.04968562672742849,17280.0,0.0017033346718513531
2020-10-16,10121766.118,-571627.9879999999,-0.05345617886460042,-40320.0,-0.003967689264961161
2020-10-19,10173606.118,-519787.9879999999,-0.04860832611680794,51840.0,0.005121635828732485
2020-10-20,10208166.118,-485227.9879999999,-0.04537642428494629,34560.0,0.0033970255580126896
2020-10-21,10190886.118,-502507.9879999999,-0.04699237520087711,-17280.0,-0.0016927624217958348
2020-10-22,10288806.118,-404587.9879999999,-0.03783532001060243,97920.0,0.009608585442540285
2020-10-23,10306086.118,-387307.9879999999,-0.036219369094671605,17280.0,0.0016794951524812252
2020-10-26,10283046.118,-410347.9879999999,-0.038373970315912706,-23040.0,-0.0022355722372394693
2020-10-27,10277286.118,-416107.9879999999,-0.03891262062122298,-5760.0,-0.0005601453046016891
2020-10-28,10213926.118,-479467.9879999999,-0.04483777397963601,-63360.0,-0.0061650516753668505
2020-10-29,10248486.118,-444907.9879999999,-0.04160587214777436,34560.0,0.0033836156244653193
2020-10-30,10340646.118,-352747.9879999999,-0.03298746726280995,92160.0,0.008992547673761786
2020-11-02,10375206.118,-318187.9879999999,-0.0297555654309483,34560.0,0.003342150926124665
2020-11-03,10346406.118,-346987.9879999999,-0.032448816957499675,-28800.0,-0.002775848467244879
2020-11-04,10300326.118,-393067.9879999999,-0.03675801939998188,-46080.0,-0.004453720400539152
2020-11-05,10306086.118,-387307.9879999999,-0.036219369094671605,5760.0,0.0005592055954359854
2020-11-06,10306086.118,-387307.9879999999,-0.036219369094671605,0.0,0.0
2020-11-09,10386726.118,-306667.9879999999,-0.02867826482032775,80640.0,0.007824502830338087
2020-11-10,10294566.118,-398827.9879999999,-0.037296669705292156,-92160.0,-0.008872863205691806
2020-11-11,10369446.118,-323947.9879999999,-0.030294215736258574,74880.0,0.007273740256917849
2020-11-12,10461606.118,-231787.9879999999,-0.021675810851294167,92160.0,0.008887649248692453
2020-11-13,10559526.118,-133867.9879999999,-0.012518755661019485,97920.0,0.009359939467757261
2020-11-16,10594086.118,-99307.9879999999,-0.009286853829157832,34560.0,0.003272874143574356
2020-11-17,10720806.118,0.0,0.0,126720.0,0.011961390401074246
2020-11-18,10720806.118,0.0,0.0,0.0,0.0
2020-11-19,10651686.118,-69120.0,-0.00644727637448354,-69120.0,-0.0064472763744835015
2020-11-20,10645926.118,-74880.0,-0.006984549405690502,-5760.0,-0.0005407594568775931
2020-11-23,10634406.118,-86400.0,-0.008059095468104426,-11520.0,-0.001082104071765233
2020-11-24,10703526.118,-17280.0,-0.001611819093620885,69120.0,0.006499657736693587
2020-11-25,10755366.118,0.0,0.0,51840.0,0.00484326374584354
2020-11-26,10605606.118,-149760.0,-0.01392421218924051,-149760.0,-0.013924212189240559
2020-11-27,10622886.118,-132480.0,-0.01231757232125122,17280.0,0.0016293269623386397
2020-11-30,10605606.118,-149760.0,-0.01392421218924051,-17280.0,-0.001626676574337016
2020-12-01,10484646.118,-270720.0,-0.025170691265165537,-120960.0,-0.011405288736369812
2020-12-02,10409766.118,-345600.0,-0.032132797359785796,-74880.0,-0.00714187194849103
2020-12-03,10352166.118,-403200.0,-0.037488263586416756,-57600.0,-0.005533265526532882
2020-12-04,10450086.118,-305280.0,-0.028383971001144117,97920.0,0.009458889944756521
2020-12-07,10444326.118,-311040.0,-0.028919517623807213,-5760.0,-0.0005511916299023589
2020-12-08,10588326.118,-167040.0,-0.0155308520572298,144000.0,0.013787390241657427
2020-12-09,10715046.118,-40320.0,-0.003748826358641676,126720.0,0.01196789734163728
2020-12-10,10605606.118,-149760.0,-0.01392421218924051,-109440.0,-0.010213675125126498
2020-12-11,10346406.118,-408960.0,-0.038023810209079856,-259200.0,-0.024439904435078152
2020-12-14,10231206.118,-524160.0,-0.04873474266234178,-115200.0,-0.011134301001347935
2020-12-15,10189773.646,-565592.472000001,-0.05258700315681815,-41432.47200000001,-0.004049617564356178
2020-12-16,10256013.646,-499352.472000001,-0.04642821699619254,66240.0,0.006500635077993477
2020-12-17,10256013.646,-499352.472000001,-0.04642821699619254,0.0,0.0
2020-12-18,10410573.646,-344792.472000001,-0.03205771595473278,154560.0,0.015070182756658168
2020-12-21,10349853.646,-405512.472000001,-0.03770326993530626,-60720.0,-0.005832531622628756
2020-12-22,10200813.646,-554552.472000001,-0.05156053879671388,-149040.0,-0.014400203625835939
2020-12-23,10189773.646,-565592.472000001,-0.05258700315681815,-11040.0,-0.0010822666096178546
2020-12-24,10211853.646,-543512.472000001,-0.050534074436609615,22080.0,0.002166878359331159
2020-12-25,10184253.646,-571112.472000001,-0.053100235336870284,-27600.0,-0.002702741437232703
2020-12-28,10178733.646,-576632.472000001,-0.05361346751692242,-5520.0,-0.0005420132090060426
2020-12-29,10024173.646,-731192.472000001,-0.06798396855838218,-154560.0,-0.015184600106000312
2020-12-30,10073853.646,-681512.472000001,-0.06336487893791297,49680.0,0.00495601949391844
2020-12-31,10073853.646,-681512.472000001,-0.06336487893791297,0.0,0.0
2021-01-04,10123533.646,-631832.472000001,-0.05874578931744376,49680.0,0.004931578494762556
2021-01-05,10178733.646,-576632.472000001,-0.05361346751692242,55200.0,0.005452641531132896
2021-01-06,10101453.646,-653912.472000001,-0.0607987180376523,-77280.0,-0.007592300053000156
2021-01-07,10200813.646,-554552.472000001,-0.05156053879671388,99360.0,0.009836208082719455
2021-01-08,10200813.646,-554552.472000001,-0.05156053879671388,0.0,0.0
2021-01-11,10349853.646,-405512.472000001,-0.03770326993530626,149040.0,0.014610599229841092
2021-01-12,10476813.646,-278552.472000001,-0.02589892979410717,126960.0,0.012266840125711997
2021-01-13,10416093.646,-339272.472000001,-0.031544483774680644,-60720.0,-0.005795655248977627
2021-01-14,10438173.646,-317192.472000001,-0.02949155505447211,22080.0,0.00211979660997752
2021-01-15,10305693.646,-449672.472000001,-0.04180912737572333,-132480.0,-0.012691875465280056
2021-01-18,10233933.646,-521432.472000001,-0.048481145716401074,-71760.0,-0.006963141197958378
2021-01-19,10250493.646,-504872.472000001,-0.046941449176244675,16560.0,0.0016181461178881307
2021-01-20,10244973.646,-510392.472000001,-0.04745468135629681,-5520.0,-0.0005385106503776882
2021-01-21,10228413.646,-526952.472000001,-0.04899437789645321,-16560.0,-0.001616402401041328
2021-01-22,10371933.646,-383432.472000001,-0.03565034121509772,143520.0,0.014031501361516208
2021-01-25,10388493.646,-366872.472000001,-0.03411064467494132,16560.0,0.0015966164618095302
2021-01-26,10256013.646,-499352.472000001,-0.04642821699619254,-132480.0,-0.012752570730118373
2021-01-27,10333293.646,-422072.472000001,-0.03924296647546266,77280.0,0.007535091378328973
2021-01-28,10416093.646,-339272.472000001,-0.031544483774680644,82800.0,0.008012934001159655
2021-01-29,10598253.646,-157112.472000001,-0.014607821832960218,182160.0,0.017488322032315207
2021-02-01,10636893.646,-118472.472000001,-0.011015196572595278,38640.0,0.0036458836795798533
2021-02-02,10592733.646,-162632.472000001,-0.015121054013012352,-44160.0,-0.004151587998306838
2021-02-03,10554093.646,-201272.472000001,-0.018713679273377293,-38640.0,-0.003647783593104026
2021-02-04,10570653.646,-184712.472000001,-0.017173982733220888,16560.0,0.0015690594148058956
2021-02-05,10410573.646,-344792.472000001,-0.03205771595473278,-160080.0,-0.015143812801072687
2021-02-08,10482333.646,-273032.472000001,-0.025385697614055038,71760.0,0.006892991917652136
2021-02-09,10504413.646,-250952.472000001,-0.0233327688938465,22080.0,0.002106401183712192
2021-02-10,10454733.646,-300632.472000001,-0.027951858514315708,-49680.0,-0.004729440564149701
2021-02-18,10570653.646,-184712.472000001,-0.017173982733220888,115920.0,0.011087800409372628
2021-02-19,10543053.646,-212312.472000001,-0.01974014363348156,-27600.0,-0.0026110022070814365
2021-02-22,10515453.646,-239912.472000001,-0.02230630453374223,-27600.0,-0.002617837386274857
2021-02-23,10460253.646,-295112.472000001,-0.027438626334263572,-55200.0,-0.005249416892346592
2021-02-24,10487853.646,-267512.472000001,-0.024872465434002903,27600.0,0.002638559344166014
2021-02-25,10460253.646,-295112.472000001,-0.027438626334263572,-27600.0,-0.0026316156700495474
2021-02-26,10416093.646,-339272.472000001,-0.031544483774680644,-44160.0,-0.0042216949506656
2021-03-01,10366413.646,-388952.472000001,-0.036163573395149855,-49680.0,-0.004769542372449642
2021-03-02,10377453.646,-377912.472000001,-0.035137109035045584,11040.0,0.0010649777615481248
2021-03-03,10228413.646,-526952.472000001,-0.04899437789645321,-149040.0,-0.014361904671811976
2021-03-04,10003830.99,-751535.1280000005,-0.06987536451615942,-224582.656,-0.021956743613690932
2021-03-05,9867590.99,-887775.1280000005,-0.08254252977164904,-136240.0,-0.013618782657982553
2021-03-08,10009070.99,-746295.1280000005,-0.06938816585248674,141480.0,0.014337845999431664
2021-03-09,10071950.99,-683415.1280000005,-0.0635417818884146,62880.0,0.006282301330745144
2021-03-10,9961910.99,-793455.1280000005,-0.07377295382554085,-110040.0,-0.010925390732069107
2021-03-11,9972390.99,-782975.1280000005,-0.07279855649819549,10480.0,0.0010520069904780271
2021-03-12,9904270.99,-851095.1280000005,-0.0791321391259403,-68120.0,-0.0068308593263449735
2021-03-15,10014310.99,-741055.1280000005,-0.06890096718881406,110040.0,0.011110358360661099
2021-03-16,10061470.99,-693895.1280000005,-0.06451617921575996,47160.0,0.004709260581890584
2021-03-17,10155790.99,-599575.1280000005,-0.05574660326965175,94320.0,0.009374374790102058
2021-03-18,9946190.99,-809175.1280000005,-0.07523454981655887,-209600.0,-0.020638471213752285
2021-03-19,9956670.99,-798695.1280000005,-0.07426015248921351,10480.0,0.0010536696923009181
2021-03-22,9919990.99,-835375.1280000005,-0.07767054313492226,-36680.0,-0.003683962243689609
2021-03-23,10014310.99,-741055.1280000005,-0.06890096718881406,94320.0,0.009508073151989871
2021-03-24,10113870.99,-641495.1280000005,-0.059644192579033174,99560.0,0.00994177233954674
2021-03-25,10040510.99,-714855.1280000005,-0.06646497387045067,-73360.0,-0.007253404761889293
2021-03-26,10113870.99,-641495.1280000005,-0.059644192579033174,73360.0,0.007306401046028865
2021-03-29,10119110.99,-636255.1280000005,-0.059156993915360494,5240.0,0.000518100340134886
2021-03-30,10176750.99,-578615.1280000005,-0.053797808614961036,57640.0,0.005696152562904233
2021-03-31,10108630.99,-646735.1280000005,-0.060131391242705855,-68120.0,-0.006693688394944219
2021-04-01,10061470.99,-693895.1280000005,-0.06451617921575996,-47160.0,-0.004665320165178954
2021-04-02,10019550.99,-735815.1280000005,-0.06841376852514137,-41920.0,-0.004166388795600939
2021-04-06,10019550.99,-735815.1280000005,-0.06841376852514137,0.0,0.0
2021-04-07,10134830.99,-620535.1280000005,-0.057695397924342466,115280.0,0.011505505597511734
2021-04-08,10124350.99,-631015.1280000005,-0.05866979525168782,-10480.0,-0.0010340576976903826
2021-04-09,10192470.99,-562895.1280000005,-0.052336212623943,68120.0,0.006728332519021052
2021-04-12,10213430.99,-541935.1280000005,-0.05038741796925229,20960.0,0.002056419882927818
2021-04-13,10124350.99,-631015.1280000005,-0.05866979525168782,-89080.0,-0.008721848719320469
2021-04-14,10019550.99,-735815.1280000005,-0.06841376852514137,-104800.0,-0.0103512807984939
2021-04-15,10024790.99,-730575.1280000005,-0.06792656986146871,5240.0,0.0005229775271595738
2021-04-16,10087670.99,-667695.1280000005,-0.06208018589739656,62880.0,0.006272449975537997
2021-04-19,9940950.99,-814415.1280000005,-0.07572174848023155,-146720.0,-0.014544487042196796
2021-04-20,9881170.974,-874195.1440000013,-0.081279905714875,-59780.016,-0.0060135107858529935
2021-04-21,9881170.974,-874195.1440000013,-0.081279905714875,0.0,0.0
2021-04-22,9881170.974,-874195.1440000013,-0.081279905714875,0.0,0.0
2021-04-23,9881170.974,-874195.1440000013,-0.081279905714875,0.0,0.0
2021-04-26,9881170.974,-874195.1440000013,-0.081279905714875,0.0,0.0
2021-04-27,9881170.974,-874195.1440000013,-0.081279905714875,0.0,0.0
2021-04-28,9881170.974,-874195.1440000013,-0.081279905714875,0.0,0.0
2021-04-29,9881170.974,-874195.1440000013,-0.081279905714875,0.0,0.0
2021-04-30,9881170.974,-874195.1440000013,-0.081279905714875,0.0,0.0
2021-05-06,9881170.974,-874195.1440000013,-0.081279905714875,0.0,0.0
2021-05-07,9881170.974,-874195.1440000013,-0.081279905714875,0.0,0.0
2021-05-10,9881170.974,-874195.1440000013,-0.081279905714875,0.0,0.0
2021-05-11,9881170.974,-874195.1440000013,-0.081279905714875,0.0,0.0
2021-05-12,9881170.974,-874195.1440000013,-0.081279905714875,0.0,0.0
2021-05-13,9881170.974,-874195.1440000013,-0.081279905714875,0.0,0.0
2021-05-14,9881170.974,-874195.1440000013,-0.081279905714875,0.0,0.0
2021-05-17,9881170.974,-874195.1440000013,-0.081279905714875,0.0,0.0
2021-05-18,9881170.974,-874195.1440000013,-0.081279905714875,0.0,0.0
2021-05-19,9881170.974,-874195.1440000013,-0.081279905714875,0.0,0.0
2021-05-20,9881170.974,-874195.1440000013,-0.081279905714875,0.0,0.0
2021-05-21,9881170.974,-874195.1440000013,-0.081279905714875,0.0,0.0
2021-05-24,9881170.974,-874195.1440000013,-0.081279905714875,0.0,0.0
2021-05-25,9881170.974,-874195.1440000013,-0.081279905714875,0.0,0.0
2021-05-26,9881170.974,-874195.1440000013,-0.081279905714875,0.0,0.0
2021-05-27,9881170.974,-874195.1440000013,-0.081279905714875,0.0,0.0
2021-05-28,9881170.974,-874195.1440000013,-0.081279905714875,0.0,0.0
2021-05-31,9896684.726,-858681.3920000009,-0.07983748601202205,15513.751999999979,0.001570031734176247
2021-06-01,9905404.726,-849961.3920000009,-0.07902672793049041,8720.0,0.0008811031412461201
2021-06-02,9774604.726,-980761.3920000009,-0.0911880991534649,-130800.0,-0.013204912229045296
2021-06-03,10005684.726,-749681.3920000009,-0.06970300999287664,231080.0,0.023640853669032458
2021-06-04,9761524.726,-993841.3920000009,-0.09240423627576234,-244160.0,-0.02440212805881692
2021-06-07,9626364.726,-1129001.392000001,-0.10497098653950265,-135160.0,-0.01384619757608141
2021-06-08,9561393.888,-1193972.2300000004,-0.111011770022574,-64970.837999999996,-0.006749259959423548
2021-06-09,9515413.888,-1239952.2300000004,-0.11528684531945753,-45980.0,-0.004808922269974314
2021-06-10,9527953.888,-1227412.2300000004,-0.11412091569303474,12540.0,0.0013178617501665713
2021-06-11,9540493.888,-1214872.2300000004,-0.11295498606661196,12540.0,0.001316127276370871
2021-06-15,9502873.888,-1252492.2300000004,-0.11645277494588031,-37620.0,-0.003943192086451441
2021-06-16,9377473.888,-1377892.2300000004,-0.12811207121010815,-125400.0,-0.01319600801588583
2021-06-17,9415093.888,-1340272.2300000004,-0.12461428233083979,37620.0,0.004011741376122702
2021-06-18,9440173.888,-1315192.2300000004,-0.12228242307799422,25080.0,0.0026638077430078955
2021-06-21,9544673.888,-1210692.2300000004,-0.11256634285780437,104500.0,0.011069711346401778
2021-06-22,9536313.888,-1219052.2300000004,-0.11334362927541955,-8360.0,-0.0008758811561399016
2021-06-23,9540493.888,-1214872.2300000004,-0.11295498606661196,4180.0,0.0004383244982382184
2021-06-24,9573933.888,-1181432.2300000004,-0.10984584039615121,33440.0,0.0035050596324013306
2021-06-25,9519593.888,-1235772.2300000004,-0.11489820211064994,-54340.0,-0.005675827787792631
2021-06-28,9548853.888,-1206512.2300000004,-0.11217769964899676,29260.0,0.0030736605305068387
2021-06-29,9557213.888,-1198152.2300000004,-0.11140041323138158,8360.0,0.0008754977401534969
2021-06-30,9607373.888,-1147992.2300000004,-0.10673669472569045,50160.0,0.0052483914860355085
2021-07-01,9603193.888,-1152172.2300000004,-0.10712533793449805,-4180.0,-0.0004350824740172454
2021-07-02,9594833.888,-1160532.2300000004,-0.10790262435211323,-8360.0,-0.0008705437063440957
2021-07-05,9553033.888,-1202332.2300000004,-0.11178905644018917,-41800.0,-0.00435651106500945
2021-07-06,9544673.888,-1210692.2300000004,-0.11256634285780437,-8360.0,-0.000875114659700027
2021-07-07,9553033.888,-1202332.2300000004,-0.11178905644018917,8360.0,0.0008758811561400126
2021-07-08,9565573.888,-1189792.2300000004,-0.11062312681376639,12540.0,0.001312671989549985
2021-07-09,9603193.888,-1152172.2300000004,-0.10712533793449805,37620.0,0.003932853422123905
2021-07-12,9578113.888,-1177252.2300000004,-0.1094571971873436,-25080.0,-0.002611631119032176
2021-07-13,9490333.888,-1265032.2300000004,-0.1176187045723031,-87780.0,-0.009164643584993915
2021-07-14,9532133.888,-1223232.2300000004,-0.11373227248422715,41800.0,0.004404481495941193
2021-07-15,9561393.888,-1193972.2300000004,-0.111011770022574,29260.0,0.0030696169759885095
2021-07-16,9611553.888,-1143812.2300000004,-0.10634805151688285,50160.0,0.005246097021790241
2021-07-19,9741133.888,-1014232.2300000004,-0.09430011204384743,129580.0,0.013481691047040778
2021-07-20,9674253.888,-1081112.2300000004,-0.10051840338476895,-66880.0,-0.006865730495952738
2021-07-21,9578113.888,-1177252.2300000004,-0.1094571971873436,-96140.0,-0.009937717276497393
2021-07-22,9507053.888,-1248312.2300000004,-0.11606413173707271,-71060.0,-0.0074189971878522165
2021-07-23,9565573.888,-1189792.2300000004,-0.11062312681376639,58520.0,0.006155429504177468
2021-07-26,9548853.888,-1206512.2300000004,-0.11217769964899676,-16720.0,-0.0017479348542772666
2021-07-27,9590653.888,-1164712.2300000004,-0.10829126756092083,41800.0,0.0043774887007674845
2021-07-28,9636633.888,-1118732.2300000004,-0.10401619226403729,45980.0,0.004794250792172994
2021-07-29,9578113.888,-1177252.2300000004,-0.1094571971873436,-58520.0,-0.0060726598810474375
2021-07-30,9615733.888,-1139632.2300000004,-0.10595940830807526,37620.0,0.0039277043935688205
2021-08-02,9557213.888,-1198152.2300000004,-0.11140041323138158,-58520.0,-0.006085858935117816
2021-08-03,9548853.888,-1206512.2300000004,-0.11217769964899676,-8360.0,-0.0008747319143392884
2021-08-04,9628273.888,-1127092.2300000004,-0.10479347868165248,79420.0,0.008317228531458332
2021-08-05,9661713.888,-1093652.2300000004,-0.10168433301119173,33440.0,0.0034731043579552257
2021-08-06,9753673.888,-1001692.2300000004,-0.09313418241742465,91960.0,0.009517980046398922
2021-08-09,9741133.888,-1014232.2300000004,-0.09430011204384743,-12540.0,-0.0012856693943220643
2021-08-10,9628273.888,-1127092.2300000004,-0.10479347868165248,-112860.0,-0.011585920211920175
2021-08-11,9603193.888,-1152172.2300000004,-0.10712533793449805,-25080.0,-0.0026048282684664192
2021-08-12,9611553.888,-1143812.2300000004,-0.10634805151688285,8360.0,0.0008705437063440957
2021-08-13,9661713.888,-1093652.2300000004,-0.10168433301119173,50160.0,0.0052187191149835055
2021-08-16,9666833.314,-1088532.8040000014,-0.1012083449375332,5119.4259999999995,0.000529867273999729
2021-08-17,9649793.314,-1105572.8040000014,-0.10279267036291152,-17040.0,-0.00176272823234902
2021-08-18,9645533.314,-1109832.8040000014,-0.10318875171925611,-4260.0,-0.0004414602325025774
2021-08-19,9615713.314,-1139652.8040000014,-0.10596132121366818,-29820.0,-0.0030915864399864157
2021-08-20,9585893.314,-1169472.8040000014,-0.10873389070808025,-29820.0,-0.003101173987434036
2021-08-23,9628493.314,-1126872.8040000014,-0.10477307714463444,42600.0,0.004444030264532994
2021-08-24,9649793.314,-1105572.8040000014,-0.10279267036291152,21300.0,0.002212184119090521
2021-08-25,9645533.314,-1109832.8040000014,-0.10318875171925611,-4260.0,-0.0004414602325025774
2021-08-26,9679613.314,-1075752.8040000014,-0.10002010086849945,34080.0,0.0035332416456987925
2021-08-27,9747773.314,-1007592.8040000014,-0.09368279916698614,68160.0,0.007041603604290403
2021-08-30,9743513.314,-1011852.8040000014,-0.09407888052333072,-4260.0,-0.0004370228833575629
2021-08-31,9871313.314,-884052.8040000014,-0.08219643983299327,127800.0,0.013116418675835462
2021-09-01,9858533.314,-896832.8040000014,-0.08338468390202701,-12780.0,-0.0012946605576661385
2021-09-02,9862793.314,-892572.8040000014,-0.08298860254568242,4260.0,0.00043211295882628065
2021-09-03,9875573.314,-879792.8040000014,-0.08180035847664868,12780.0,0.0012957789536012232
2021-09-06,9854273.314,-901092.8040000014,-0.0837807652583716,-21300.0,-0.002156836805596307
2021-09-07,9798893.314,-956472.8040000014,-0.08892982289085116,-55380.0,-0.005619896895017296
2021-09-08,9798893.314,-956472.8040000014,-0.08892982289085116,0.0,0.0
2021-09-09,9845753.314,-909612.8040000014,-0.08457292797106075,46860.0,0.004782172690159792
2021-09-10,9794633.314,-960732.8040000014,-0.08932590424719573,-51120.0,-0.005192086209118263
2021-09-13,9743513.314,-1011852.8040000014,-0.09407888052333072,-51120.0,-0.0052191846658447005
2021-09-14,9739253.314,-1016112.8040000014,-0.0944749618796753,-4260.0,-0.00043721395586115985
2021-09-15,9773333.314,-982032.8040000014,-0.09130631102891865,34080.0,0.0034992415641361685
2021-09-16,9773333.314,-982032.8040000014,-0.09130631102891865,0.0,0.0
2021-09-17,9832973.314,-922392.8040000014,-0.08576117204009451,59640.0,0.006102319248087795
2021-09-22,9926693.314,-828672.8040000014,-0.0770473822005137,93720.0,0.009531196415082599
2021-09-23,9999113.314,-756252.8040000014,-0.0703139991426558,72420.0,0.007295480751668082
2021-09-24,9956513.314,-798852.8040000014,-0.07427481270610163,-42600.0,-0.004260377761731604
2021-09-27,9892613.314,-862752.8040000014,-0.08021603305127036,-63900.0,-0.006417909360915464
2021-09-28,10293053.314,-462312.8040000014,-0.04298438555487966,400440.0,0.04047868720728198
2021-09-29,10331393.314,-423972.8040000014,-0.03941965334777843,38340.0,0.003724842263068018
2021-09-30,10450673.314,-304692.8040000014,-0.028329375370130135,119280.0,0.011545393382552227
2021-10-08,10655153.314,-100212.8040000014,-0.009317470265590209,204480.0,0.01956620342596227
2021-10-11,10629593.314,-125772.8040000014,-0.0116939584036577,-25560.0,-0.0023988392514650014
2021-10-12,10386773.314,-368592.8040000014,-0.03427059571529886,-242820.0,-0.02284377142446148
2021-10-13,10160993.314,-594372.8040000014,-0.0552629076015617,-225780.0,-0.021737260761788058
2021-10-14,10352693.314,-402672.8040000014,-0.03743924656605552,191700.0,0.01886626573564154
2021-10-15,10621073.314,-134292.8040000014,-0.012486121116346864,268380.0,0.025923688827627966
2021-10-18,10667933.314,-87432.8040000014,-0.008129226196556464,46860.0,0.0044119834798834745
2021-10-19,10506053.314,-249312.8040000014,-0.02318031773765057,-161880.0,-0.015174448061796353
2021-10-20,10160993.314,-594372.8040000014,-0.0552629076015617,-345060.0,-0.03284392242138967
2021-10-21,10467713.314,-287652.8040000014,-0.026745049944751808,306720.0,0.030186025177026288
2021-10-22,10267493.314,-487872.8040000014,-0.045360873692947154,-200220.0,-0.019127386659722245
2021-10-25,10080053.314,-675312.8040000014,-0.06278845337210875,-187440.0,-0.018255672954217594
2021-10-26,10250453.314,-504912.8040000014,-0.04694519911832548,170400.0,0.01690467249447325
2021-10-27,10284533.314,-470832.8040000014,-0.04377654826756883,34080.0,0.003324731010037718
2021-10-28,10212113.314,-543252.8040000014,-0.05050993132542672,-72420.0,-0.007041641831371903
2021-10-29,10335653.314,-419712.8040000014,-0.039023571991433845,123540.0,0.01209739808024235
2021-11-01,9965033.314,-790332.8040000014,-0.07348264999341246,-370620.0,-0.03585840089063186
2021-11-02,9854273.314,-901092.8040000014,-0.0837807652583716,-110760.0,-0.011114864999436813
2021-11-03,10195073.314,-560292.8040000014,-0.05209425675080505,340800.0,0.03458398089241399
2021-11-04,9892613.314,-862752.8040000014,-0.08021603305127036,-302460.0,-0.029667270718363392
2021-11-05,9756293.314,-999072.8040000014,-0.09289063645429697,-136320.0,-0.013779978623755573
2021-11-08,9777593.314,-977772.8040000014,-0.09091022967257406,21300.0,0.002183206194655396
2021-11-09,9803153.314,-952212.8040000014,-0.08853374153450658,25560.0,0.0026141402264503455
2021-11-10,9722213.314,-1033152.8040000014,-0.09605928730505363,-80940.0,-0.008256526997737379
2021-11-11,9696653.314,-1058712.8040000014,-0.09843577544312113,-25560.0,-0.002629030980342062
2021-11-12,9534773.314,-1220592.8040000014,-0.11348686698421523,-161880.0,-0.01669441968872687
2021-11-15,9543293.314,-1212072.8040000014,-0.11269470427152607,8520.0,0.0008935713225075581
2021-11-16,9547553.314,-1207812.8040000014,-0.11229862291518149,4260.0,0.000446386782825936
2021-11-17,9615713.314,-1139652.8040000014,-0.10596132121366818,68160.0,0.0071390017691814744
2021-11-18,9487913.314,-1267452.8040000014,-0.11784376190400563,-127800.0,-0.013290745660431647
2021-11-19,9445313.314,-1310052.8040000014,-0.12180457546745145,-42600.0,-0.004489922977810257
2021-11-22,9441053.314,-1314312.8040000014,-0.12220065682379604,-4260.0,-0.0004510173308582832
2021-11-23,9551813.314,-1203552.8040000014,-0.1119025415588369,110760.0,0.011731741821196628
2021-11-24,9526253.314,-1229112.8040000014,-0.1142790296969044,-25560.0,-0.0026759316958735457
2021-11-25,9611453.314,-1143912.8040000014,-0.10635740257001276,85200.0,0.008943705063436447
2021-11-26,9726473.314,-1028892.8040000014,-0.09566320594870904,115020.0,0.01196697276076475
2021-11-29,9977813.314,-777552.8040000014,-0.07229440592437872,251340.0,0.02584081525605253
2021-11-30,9909653.314,-845712.8040000014,-0.07863170762589203,-68160.0,-0.00683115607147744
2021-12-01,9828713.314,-926652.8040000014,-0.08615725339643908,-80940.0,-0.00816779330571038
2021-12-02,9692393.314,-1062972.8040000014,-0.0988318567994657,-136320.0,-0.013869567220546108
2021-12-03,9888353.314,-867012.8040000014,-0.08061211440761494,195960.0,0.020217916633340716
2021-12-06,9824453.314,-930912.8040000014,-0.08655333475278366,-63900.0,-0.006462147737938295
2021-12-07,10092833.314,-662532.8040000014,-0.06160020930307501,268380.0,0.027317550546813063
2021-12-08,9956513.314,-798852.8040000014,-0.07427481270610163,-136320.0,-0.01350661362958483
2021-12-09,10131173.314,-624192.8040000014,-0.05803547709597377,174660.0,0.01754228558650217
2021-12-10,10101353.314,-654012.8040000014,-0.06080804659038585,-29820.0,-0.0029433905704477903
2021-12-13,9947993.314,-807372.8040000014,-0.07506697541879079,-153360.0,-0.015182124140480258
2021-12-14,9803153.314,-952212.8040000014,-0.08853374153450658,-144840.0,-0.014559720280085453
2021-12-15,9965033.314,-790332.8040000014,-0.07348264999341246,161880.0,0.016513053995474758
2021-12-16,9688133.314,-1067232.8040000014,-0.09922793815581028,-276900.0,-0.027787162498591922
2021-12-17,9487913.314,-1267452.8040000014,-0.11784376190400563,-200220.0,-0.020666519907469594
2021-12-20,9428273.314,-1327092.8040000014,-0.12338890089282978,-59640.0,-0.006285892168934271
2021-12-21,9443331.561999999,-1312034.5560000017,-0.12198883251442298,15058.248,0.0015971374077201617
2021-12-22,9443331.561999999,-1312034.5560000017,-0.12198883251442298,0.0,0.0
2021-12-23,9443331.561999999,-1312034.5560000017,-0.12198883251442298,0.0,0.0
2021-12-24,9443331.561999999,-1312034.5560000017,-0.12198883251442298,0.0,0.0
2021-12-27,9443331.561999999,-1312034.5560000017,-0.12198883251442298,0.0,0.0
2021-12-28,9443331.561999999,-1312034.5560000017,-0.12198883251442298,0.0,0.0
2021-12-29,9443331.561999999,-1312034.5560000017,-0.12198883251442298,0.0,0.0
2021-12-30,9443331.561999999,-1312034.5560000017,-0.12198883251442298,0.0,0.0
2021-12-31,9443331.561999999,-1312034.5560000017,-0.12198883251442298,0.0,0.0
2022-01-04,9443331.561999999,-1312034.5560000017,-0.12198883251442298,0.0,0.0
2022-01-05,9443331.561999999,-1312034.5560000017,-0.12198883251442298,0.0,0.0
2022-01-06,9443331.561999999,-1312034.5560000017,-0.12198883251442298,0.0,0.0
2022-01-07,9443331.561999999,-1312034.5560000017,-0.12198883251442298,0.0,0.0
2022-01-10,9443331.561999999,-1312034.5560000017,-0.12198883251442298,0.0,0.0
2022-01-11,9443331.561999999,-1312034.5560000017,-0.12198883251442298,0.0,0.0
2022-01-12,9443331.561999999,-1312034.5560000017,-0.12198883251442298,0.0,0.0
2022-01-13,9443331.561999999,-1312034.5560000017,-0.12198883251442298,0.0,0.0
2022-01-14,9443331.561999999,-1312034.5560000017,-0.12198883251442298,0.0,0.0
2022-01-17,9443331.561999999,-1312034.5560000017,-0.12198883251442298,0.0,0.0
2022-01-18,9443331.561999999,-1312034.5560000017,-0.12198883251442298,0.0,0.0
2022-01-19,9524947.432,-1230418.6860000007,-0.11440044648417803,81615.87,0.008642698761994527
2022-01-20,9556787.432,-1198578.6860000007,-0.11144006376445702,31840.0,0.0033428006009808
2022-01-21,9592607.432,-1162758.6860000007,-0.10810963320477089,35820.0,0.0037481214534562657
2022-01-24,9520967.432,-1234398.6860000007,-0.11477049432414316,-71640.0,-0.007468250995137815
2022-01-25,9528927.432,-1226438.6860000007,-0.11403039864421291,7960.0,0.0008360494935888418
2022-01-26,9576687.432,-1178678.6860000007,-0.1095898245646314,47760.0,0.005012106592354959
2022-01-27,9552807.432,-1202558.6860000007,-0.11181011160442215,-23880.0,-0.0024935553310643233
2022-01-28,9516987.432,-1238378.6860000007,-0.11514054216410828,-35820.0,-0.0037496830387274693
2022-02-07,9676187.432,-1079178.6860000007,-0.10033862856550325,159200.0,0.01672798258246133
2022-02-08,9624447.432,-1130918.6860000007,-0.10514925048504989,-51740.0,-0.005347147351537629
2022-02-09,9544847.432,-1210518.6860000007,-0.1125502072843524,-79600.0,-0.00827060468275198
2022-02-10,9568727.432,-1186638.6860000007,-0.11032992024456165,23880.0,0.0025018734107724594
2022-02-11,9493107.432,-1262258.6860000007,-0.11736082920389904,-75620.0,-0.007902827260719114
2022-02-14,9429427.432,-1325938.6860000007,-0.12328159464334104,-63680.0,-0.006708024791265199
2022-02-15,9421467.432,-1333898.6860000007,-0.1240216903232713,-7960.0,-0.0008441657839145522
2022-02-16,9449327.432,-1306038.6860000007,-0.12143135544351542,27860.0,0.002957076506508338
2022-02-17,9425447.432,-1329918.6860000007,-0.12365164248330618,-23880.0,-0.0025271639883205355
2022-02-18,9437387.432,-1317978.6860000007,-0.1225414989634108,11940.0,0.0012667833634574244
2022-02-21,9437387.432,-1317978.6860000007,-0.1225414989634108,0.0,0.0
2022-02-22,9397587.432,-1357778.6860000007,-0.12624197736306206,-39800.0,-0.00421726884551199
2022-02-23,9405547.432,-1349818.6860000007,-0.1255018816831318,7960.0,0.0008470259050632478
2022-02-24,9429427.432,-1325938.6860000007,-0.12328159464334104,23880.0,0.002538927178098671
2022-02-25,9433407.432,-1321958.6860000007,-0.12291154680337592,3980.0,0.0004220828919572206
2022-02-28,9524947.432,-1230418.6860000007,-0.11440044648417803,91540.0,0.009703810702533344
2022-03-01,9493107.432,-1262258.6860000007,-0.11736082920389904,-31840.0,-0.0033428006009808
2022-03-02,9572707.432,-1182658.6860000007,-0.10995987240459652,79600.0,0.00838503098908161
2022-03-03,9628427.432,-1126938.6860000007,-0.10477920264508477,55720.0,0.005820714818227657
2022-03-04,9692107.432,-1063258.6860000007,-0.09885843720564275,63680.0,0.006613748761127969
2022-03-07,9668227.432,-1087138.6860000007,-0.1010787242454335,-23880.0,-0.0024638604315462276
2022-03-08,9696087.432,-1059278.6860000007,-0.09848838936567762,27860.0,0.002881603706154978
2022-03-09,9644347.432,-1111018.6860000007,-0.10329901128522426,-51740.0,-0.005336173004096723
2022-03-10,9723947.432,-1031418.6860000007,-0.09589805448592174,79600.0,0.008253539242674579
2022-03-11,9668227.432,-1087138.6860000007,-0.1010787242454335,-55720.0,-0.005730183178143666
2022-03-14,9755787.432,-999578.6860000007,-0.09293767176620074,87560.0,0.009056468790772598
2022-03-15,9719967.432,-1035398.6860000007,-0.09626810232588687,-35820.0,-0.0036716667157493665
2022-03-16,9660267.432,-1095098.6860000007,-0.10181881992536375,-59700.0,-0.006141995888119589
2022-03-17,9628427.432,-1126938.6860000007,-0.10477920264508477,-31840.0,-0.003295975005260132
2022-03-18,9644347.432,-1111018.6860000007,-0.10329901128522426,15920.0,0.0016534371902818812
2022-03-21,9767727.432,-987638.6860000007,-0.09182752824630536,123380.0,0.01279298582614552
2022-03-22,9688127.432,-1067238.6860000007,-0.09922848504560787,-79600.0,-0.008149285548163743
2022-03-23,9560767.432,-1194598.6860000007,-0.1110700159244919,-127360.0,-0.013145987281229177
2022-03-24,9544847.432,-1210518.6860000007,-0.1125502072843524,-15920.0,-0.0016651382970278572
2022-03-25,9381667.432,-1373698.6860000007,-0.12772216872292255,-163180.0,-0.0170961349736114
2022-03-28,9329927.432,-1425438.6860000007,-0.1325327906424692,-51740.0,-0.005515011097443012
2022-03-29,9353807.432,-1401558.6860000007,-0.13031250360267843,23880.0,0.0025595054381768456
2022-03-30,9325947.432,-1429418.6860000007,-0.1329028384824343,-27860.0,-0.002978466277239078
2022-03-31,9377687.432,-1377678.6860000007,-0.1280922165628877,51740.0,0.005547961789111655
2022-04-01,9222467.432,-1532898.6860000007,-0.14252408232152758,-155220.0,-0.01655205519756764
2022-04-06,9174707.432,-1580658.6860000007,-0.1469646564011091,-47760.0,-0.005178657485336635
2022-04-07,9158787.432,-1596578.6860000007,-0.1484448477609696,-15920.0,-0.001735205195151357
2022-04-08,9132743.108,-1622623.0100000016,-0.15086636681613347,-26044.324,-0.0028436432435372527
2022-04-11,9132743.108,-1622623.0100000016,-0.15086636681613347,0.0,0.0
2022-04-12,9132743.108,-1622623.0100000016,-0.15086636681613347,0.0,0.0
2022-04-13,9132743.108,-1622623.0100000016,-0.15086636681613347,0.0,0.0
2022-04-14,9132743.108,-1622623.0100000016,-0.15086636681613347,0.0,0.0
2022-04-15,9132743.108,-1622623.0100000016,-0.15086636681613347,0.0,0.0
2022-04-18,9132743.108,-1622623.0100000016,-0.15086636681613347,0.0,0.0
2022-04-19,9132743.108,-1622623.0100000016,-0.15086636681613347,0.0,0.0
2022-04-20,9132743.108,-1622623.0100000016,-0.15086636681613347,0.0,0.0
2022-04-21,9132743.108,-1622623.0100000016,-0.15086636681613347,0.0,0.0
2022-04-22,9132743.108,-1622623.0100000016,-0.15086636681613347,0.0,0.0
2022-04-25,9132743.108,-1622623.0100000016,-0.15086636681613347,0.0,0.0
2022-04-26,9132743.108,-1622623.0100000016,-0.15086636681613347,0.0,0.0
2022-04-27,9132743.108,-1622623.0100000016,-0.15086636681613347,0.0,0.0
2022-04-28,9132743.108,-1622623.0100000016,-0.15086636681613347,0.0,0.0
2022-04-29,9132743.108,-1622623.0100000016,-0.15086636681613347,0.0,0.0
2022-05-05,9132743.108,-1622623.0100000016,-0.15086636681613347,0.0,0.0
2022-05-06,9132743.108,-1622623.0100000016,-0.15086636681613347,0.0,0.0
2022-05-09,9132743.108,-1622623.0100000016,-0.15086636681613347,0.0,0.0
2022-05-10,9132743.108,-1622623.0100000016,-0.15086636681613347,0.0,0.0
2022-05-11,9132743.108,-1622623.0100000016,-0.15086636681613347,0.0,0.0
2022-05-12,9132743.108,-1622623.0100000016,-0.15086636681613347,0.0,0.0
2022-05-13,9132743.108,-1622623.0100000016,-0.15086636681613347,0.0,0.0
2022-05-16,9132743.108,-1622623.0100000016,-0.15086636681613347,0.0,0.0
2022-05-17,9132743.108,-1622623.0100000016,-0.15086636681613347,0.0,0.0
2022-05-18,9114002.708,-1641363.4100000001,-0.15260879006741032,-18740.40000000001,-0.0020520012200477833
2022-05-19,9090482.708,-1664883.4100000001,-0.15479560544328463,-23520.0,-0.002580644394515552
2022-05-20,9090482.708,-1664883.4100000001,-0.15479560544328463,0.0,0.0
2022-05-23,9103922.708,-1651443.4100000001,-0.15354599665707075,13440.0,0.0014784693433465002
2022-05-24,9103922.708,-1651443.4100000001,-0.15354599665707075,0.0,0.0
2022-05-25,9127442.708,-1627923.4100000001,-0.15135918128119644,23520.0,0.0025835017227608947
2022-05-26,9100562.708,-1654803.4100000001,-0.15385839885362423,-26880.0,-0.0029449650750960066
2022-05-27,9087122.708,-1668243.4100000001,-0.15510800763983812,-13440.0,-0.001476831755489738
2022-05-30,9030002.708,-1725363.4100000001,-0.16041884498124717,-57120.0,-0.006285818056546488
2022-05-31,9043442.708,-1711923.4100000001,-0.15916923619503326,13440.0,0.0014883716466764785
2022-06-01,9140882.708,-1614483.4100000001,-0.15010957249498255,97440.0,0.010774657743317428
2022-06-02,9198002.708,-1557363.4100000001,-0.1447987351535735,57120.0,0.006248849462865191
2022-06-06,9181202.708,-1574163.4100000001,-0.14636074613634087,-16800.0,-0.0018264834805264973
2022-06-07,9154322.708,-1601043.4100000001,-0.14885996370876867,-26880.0,-0.0029277210028897382
2022-06-08,9201362.708,-1554003.4100000001,-0.14448633295702004,47040.0,0.005138556013422058
2022-06-09,9157682.708,-1597683.4100000001,-0.14854756151221518,-43680.0,-0.004747122941042514
2022-06-10,9157682.708,-1597683.4100000001,-0.14854756151221518,0.0,0.0
2022-06-13,9060242.708,-1695123.4100000001,-0.1576072252122659,-97440.0,-0.010640246349098548
2022-06-14,9077042.708,-1678323.4100000001,-0.15604521422949855,16800.0,0.0018542549621949345
2022-06-15,9056882.708,-1698483.4100000001,-0.15791962740881937,-20160.0,-0.0022209876772125714
2022-06-16,9019922.708,-1735443.4100000001,-0.16135605157090757,-36960.0,-0.004080874313117988
2022-06-17,9019922.708,-1735443.4100000001,-0.16135605157090757,0.0,0.0
2022-06-20,8999762.708,-1755603.4100000001,-0.16323046475022843,-20160.0,-0.0022350524114934656
2022-06-21,9030002.708,-1725363.4100000001,-0.16041884498124717,30240.0,0.003360088591349175
2022-06-22,8966162.708,-1789203.4100000001,-0.16635448671576314,-63840.0,-0.007069765321713772
2022-06-23,9033362.708,-1722003.4100000001,-0.1601064427846937,67200.0,0.007494845028859665
2022-06-24,8982962.708,-1772403.4100000001,-0.16479247573299577,-50400.0,-0.00557931765048747
2022-06-27,9060242.708,-1695123.4100000001,-0.1576072252122659,77280.0,0.008602952334553882
2022-06-28,8993042.708,-1762323.4100000001,-0.16385526914333537,-67200.0,-0.00741701984877996
2022-06-29,8912402.708,-1842963.4100000001,-0.1713529218606187,-80640.0,-0.008966931729153749
2022-06-30,8949362.708,-1806003.4100000001,-0.1679164976985305,36960.0,0.004147029842673566
2022-07-01,8976242.708,-1779123.4100000001,-0.16541728012610274,26880.0,0.0030035658266449605
2022-07-04,8905682.708,-1849683.4100000001,-0.17197772625372565,-70560.0,-0.007860750014826778
2022-07-05,8895602.708,-1859763.4100000001,-0.17291493284338608,-10080.0,-0.0011318615686751743
2022-07-06,8875442.708,-1879923.4100000001,-0.1747893460227069,-20160.0,-0.0022662882619375324
2022-07-07,8821682.708,-1933683.4100000001,-0.17978778116756247,-53760.0,-0.00605716264176237
2022-07-08,8757842.708,-1997523.4100000001,-0.18572342290207847,-63840.0,-0.00723671459438302
2022-07-11,8781362.708,-1974003.4100000001,-0.18353660752620415,23520.0,0.0026855928776290394
2022-07-12,8744402.708,-2010963.4100000001,-0.18697303168829235,-36960.0,-0.00420891394980516
2022-07-13,8808242.708,-1947123.4100000001,-0.18103738995377638,63840.0,0.007300670169455348
2022-07-14,8868722.708,-1886643.4100000001,-0.17541415041581387,60480.0,0.006866295810067813
2022-07-15,8872082.708,-1883283.4100000001,-0.1751017482192604,3360.0,0.0003788595168241482
2022-07-18,8946002.708,-1809363.4100000001,-0.168228899895084,73920.0,0.008331752806288284
2022-07-19,8939282.708,-1816083.4100000001,-0.16885370428819094,-6720.0,-0.0007511734815360827
2022-07-20,8976242.708,-1779123.4100000001,-0.16541728012610274,36960.0,0.004134559920218495
2022-07-21,8929202.708,-1826163.4100000001,-0.16979091087785134,-47040.0,-0.005240500009884519
2022-07-22,8979602.708,-1775763.4100000001,-0.16510487792954925,50400.0,0.005644400922250936
2022-07-25,8942642.708,-1812723.4100000001,-0.16854130209163745,-36960.0,-0.004115995016914509
2022-07-26,9097202.708,-1658163.4100000001,-0.1541708010501777,154560.0,0.017283481521824795
2022-07-27,9023282.708,-1732083.4100000001,-0.16104364937435411,-73920.0,-0.008125574681873915
2022-07-28,8929202.708,-1826163.4100000001,-0.16979091087785134,-94080.0,-0.01042636067654057
2022-07-29,8962802.708,-1792563.4100000001,-0.16666688891231662,33600.0,0.0037629339481672908
2022-08-01,8949362.708,-1806003.4100000001,-0.1679164976985305,-13440.0,-0.0014995309433737392
2022-08-02,9003122.708,-1752243.4100000001,-0.16291806255367494,53760.0,0.006007131653289921
2022-08-03,8996402.708,-1758963.4100000001,-0.16354286694678188,-6720.0,-0.000746407687415962
2022-08-04,9019922.708,-1735443.4100000001,-0.16135605157090757,23520.0,0.002614378298015252
2022-08-05,8966162.708,-1789203.4100000001,-0.16635448671576314,-53760.0,-0.005960139763982575
2022-08-08,8935132.7,-1820233.4180000015,-0.16923955893548703,-31030.007999999973,-0.0034607901964922583
2022-08-09,8958532.7,-1796833.4180000015,-0.1670639007809182,23400.0,0.002618875486874339
2022-08-10,8995972.7,-1759393.4180000015,-0.16358284773360807,37440.0,0.004179255828356876
2022-08-11,8981932.7,-1773433.4180000015,-0.16488824262634938,-14040.0,-0.001560698377841896
2022-08-12,9038092.7,-1717273.4180000015,-0.15966666305538418,56160.0,0.0062525518589111595
2022-08-15,9005332.7,-1750033.4180000015,-0.16271258447178055,-32760.0,-0.0036246585521301222
2022-08-16,8991292.7,-1764073.4180000015,-0.16401797936452184,-14040.0,-0.0015590762126977964
2022-08-17,8967892.7,-1787473.4180000015,-0.16619363751909066,-23400.0,-0.0026025178782134173
2022-08-18,9000652.7,-1754713.4180000015,-0.1631477161026943,32760.0,0.0036530321108769748
2022-08-19,9005332.7,-1750033.4180000015,-0.16271258447178055,4680.0,0.0005199622911791213
2022-08-22,8991292.7,-1764073.4180000015,-0.16401797936452184,-14040.0,-0.0015590762126977964
2022-08-23,9056812.7,-1698553.4180000015,-0.15792613653172913,65520.0,0.007287050058997657
2022-08-24,9075532.7,-1679833.4180000015,-0.15618561000807404,18720.0,0.0020669523175631532
2022-08-25,9066172.7,-1689193.4180000015,-0.15705587326990159,-9360.0,-0.0010313444190443999
2022-08-26,9103612.7,-1651753.4180000015,-0.15357482022259145,37440.0,0.0041296367539964685
2022-08-29,9075532.7,-1679833.4180000015,-0.15618561000807404,-28080.0,-0.003084489743286234
2022-08-30,9019372.7,-1735993.4180000015,-0.16140718957903924,-56160.0,-0.006188066514266399
2022-08-31,9042772.7,-1712593.4180000015,-0.1592315314244704,23400.0,0.0025944154630621608
2022-09-01,9127012.7,-1628353.4180000015,-0.15139916206802262,84240.0,0.009315726801360391
2022-09-02,9164452.7,-1590913.4180000015,-0.1479181090207125,37440.0,0.0041021088970325525
2022-09-05,9201892.7,-1553473.4180000015,-0.14443705597340237,37440.0,0.004085350345034877
2022-09-06,9164452.7,-1590913.4180000015,-0.1479181090207125,-37440.0,-0.0040687281650220175
2022-09-07,9178492.7,-1576873.4180000015,-0.1466127141279712,14040.0,0.0015320063793879957
2022-09-08,9152891.696,-1602474.4220000003,-0.14899301468855866,-25601.004,-0.002789238368081759
2022-09-09,9152891.696,-1602474.4220000003,-0.14899301468855866,0.0,0.0
2022-09-13,9152891.696,-1602474.4220000003,-0.14899301468855866,0.0,0.0
2022-09-14,9152891.696,-1602474.4220000003,-0.14899301468855866,0.0,0.0
2022-09-15,9152891.696,-1602474.4220000003,-0.14899301468855866,0.0,0.0
2022-09-16,9152891.696,-1602474.4220000003,-0.14899301468855866,0.0,0.0
2022-09-19,9152891.696,-1602474.4220000003,-0.14899301468855866,0.0,0.0
2022-09-20,9152891.696,-1602474.4220000003,-0.14899301468855866,0.0,0.0
2022-09-21,9152891.696,-1602474.4220000003,-0.14899301468855866,0.0,0.0
2022-09-22,9152891.696,-1602474.4220000003,-0.14899301468855866,0.0,0.0
2022-09-23,9152891.696,-1602474.4220000003,-0.14899301468855866,0.0,0.0
2022-09-26,9152891.696,-1602474.4220000003,-0.14899301468855866,0.0,0.0
2022-09-27,9152891.696,-1602474.4220000003,-0.14899301468855866,0.0,0.0
2022-09-28,9152891.696,-1602474.4220000003,-0.14899301468855866,0.0,0.0
2022-09-29,9152891.696,-1602474.4220000003,-0.14899301468855866,0.0,0.0
2022-09-30,9152891.696,-1602474.4220000003,-0.14899301468855866,0.0,0.0
2022-10-10,9152891.696,-1602474.4220000003,-0.14899301468855866,0.0,0.0
2022-10-11,9152891.696,-1602474.4220000003,-0.14899301468855866,0.0,0.0
2022-10-12,9152891.696,-1602474.4220000003,-0.14899301468855866,0.0,0.0
2022-10-13,9152891.696,-1602474.4220000003,-0.14899301468855866,0.0,0.0
2022-10-14,9152891.696,-1602474.4220000003,-0.14899301468855866,0.0,0.0
2022-10-17,9152891.696,-1602474.4220000003,-0.14899301468855866,0.0,0.0
2022-10-18,9152891.696,-1602474.4220000003,-0.14899301468855866,0.0,0.0
2022-10-19,9152891.696,-1602474.4220000003,-0.14899301468855866,0.0,0.0
2022-10-20,9152891.696,-1602474.4220000003,-0.14899301468855866,0.0,0.0
2022-10-21,9152891.696,-1602474.4220000003,-0.14899301468855866,0.0,0.0
2022-10-24,9152891.696,-1602474.4220000003,-0.14899301468855866,0.0,0.0
2022-10-25,9152891.696,-1602474.4220000003,-0.14899301468855866,0.0,0.0
2022-10-26,9152891.696,-1602474.4220000003,-0.14899301468855866,0.0,0.0
2022-10-27,9152891.696,-1602474.4220000003,-0.14899301468855866,0.0,0.0
2022-10-28,9152891.696,-1602474.4220000003,-0.14899301468855866,0.0,0.0
2022-10-31,9152891.696,-1602474.4220000003,-0.14899301468855866,0.0,0.0
2022-11-01,9152891.696,-1602474.4220000003,-0.14899301468855866,0.0,0.0
2022-11-02,9152891.696,-1602474.4220000003,-0.14899301468855866,0.0,0.0
2022-11-03,9152891.696,-1602474.4220000003,-0.14899301468855866,0.0,0.0
2022-11-04,9152891.696,-1602474.4220000003,-0.14899301468855866,0.0,0.0
2022-11-07,9152891.696,-1602474.4220000003,-0.14899301468855866,0.0,0.0
2022-11-08,9152891.696,-1602474.4220000003,-0.14899301468855866,0.0,0.0
2022-11-09,9152891.696,-1602474.4220000003,-0.14899301468855866,0.0,0.0
2022-11-10,9152891.696,-1602474.4220000003,-0.14899301468855866,0.0,0.0
2022-11-11,9152891.696,-1602474.4220000003,-0.14899301468855866,0.0,0.0
2022-11-14,9152891.696,-1602474.4220000003,-0.14899301468855866,0.0,0.0
2022-11-15,9152891.696,-1602474.4220000003,-0.14899301468855866,0.0,0.0
2022-11-16,9152891.696,-1602474.4220000003,-0.14899301468855866,0.0,0.0
2022-11-17,9152891.696,-1602474.4220000003,-0.14899301468855866,0.0,0.0
2022-11-18,9152891.696,-1602474.4220000003,-0.14899301468855866,0.0,0.0
2022-11-21,9152891.696,-1602474.4220000003,-0.14899301468855866,0.0,0.0
2022-11-22,9152891.696,-1602474.4220000003,-0.14899301468855866,0.0,0.0
2022-11-23,9152891.696,-1602474.4220000003,-0.14899301468855866,0.0,0.0
2022-11-24,9152891.696,-1602474.4220000003,-0.14899301468855866,0.0,0.0
2022-11-25,9152891.696,-1602474.4220000003,-0.14899301468855866,0.0,0.0
2022-11-28,9152891.696,-1602474.4220000003,-0.14899301468855866,0.0,0.0
2022-11-29,9152891.696,-1602474.4220000003,-0.14899301468855866,0.0,0.0
2022-11-30,9152891.696,-1602474.4220000003,-0.14899301468855866,0.0,0.0
2022-12-01,9152891.696,-1602474.4220000003,-0.14899301468855866,0.0,0.0
2022-12-02,9152891.696,-1602474.4220000003,-0.14899301468855866,0.0,0.0
2022-12-05,9152891.696,-1602474.4220000003,-0.14899301468855866,0.0,0.0
2022-12-06,9152891.696,-1602474.4220000003,-0.14899301468855866,0.0,0.0
2022-12-07,9152891.696,-1602474.4220000003,-0.14899301468855866,0.0,0.0
2022-12-08,9152891.696,-1602474.4220000003,-0.14899301468855866,0.0,0.0
2022-12-09,9152891.696,-1602474.4220000003,-0.14899301468855866,0.0,0.0
2022-12-12,9152891.696,-1602474.4220000003,-0.14899301468855866,0.0,0.0
2022-12-13,9152891.696,-1602474.4220000003,-0.14899301468855866,0.0,0.0
2022-12-14,9152891.696,-1602474.4220000003,-0.14899301468855866,0.0,0.0
2022-12-15,9152891.696,-1602474.4220000003,-0.14899301468855866,0.0,0.0
2022-12-16,9116935.202,-1638430.9160000011,-0.1523361360296188,-35956.49399999998,-0.003928429964457525
2022-12-19,9056455.202,-1698910.9160000011,-0.1579593755675813,-60480.0,-0.006633808254634999
2022-12-20,9052675.202,-1702690.9160000011,-0.15831082803870397,-3780.0,-0.00041738184705697456
2022-12-21,9135835.202,-1619530.9160000011,-0.15057887367400552,83160.0,0.009186234802904147
2022-12-22,9075355.202,-1680010.9160000011,-0.15620211321196803,-60480.0,-0.006620084388864633
2022-12-23,9079135.202,-1676230.9160000011,-0.15585066074084536,3780.0,0.00041651262301733993
2022-12-26,9113155.202,-1642210.9160000011,-0.15268758850074146,34020.0,0.0037470529123198038
2022-12-27,9105595.202,-1649770.9160000011,-0.15339049344298678,-7560.0,-0.0008295699823416269
2022-12-28,9105595.202,-1649770.9160000011,-0.15339049344298678,0.0,0.0
2022-12-29,9109375.202,-1645990.9160000011,-0.1530390409718641,3780.0,0.0004151293700349612
2022-12-30,9116935.202,-1638430.9160000011,-0.1523361360296188,7560.0,0.0008299142183034736
2023-01-03,9124495.202,-1630870.9160000011,-0.15163323108737348,7560.0,0.0008292260318294442
2023-01-04,9109375.202,-1645990.9160000011,-0.1530390409718641,-15120.0,-0.0016570779714680794
2023-01-05,9128275.202,-1627090.9160000011,-0.15128177861625083,18900.0,0.002074785545758351
2023-01-06,9107521.49,-1647844.6280000005,-0.1532113932637026,-20753.712,-0.0022735633556986157
2023-01-09,9107521.49,-1647844.6280000005,-0.1532113932637026,0.0,0.0
2023-01-10,9107521.49,-1647844.6280000005,-0.1532113932637026,0.0,0.0
2023-01-11,9107521.49,-1647844.6280000005,-0.1532113932637026,0.0,0.0
2023-01-12,9107521.49,-1647844.6280000005,-0.1532113932637026,0.0,0.0
2023-01-13,9107521.49,-1647844.6280000005,-0.1532113932637026,0.0,0.0
2023-01-16,9107521.49,-1647844.6280000005,-0.1532113932637026,0.0,0.0
2023-01-17,9107521.49,-1647844.6280000005,-0.1532113932637026,0.0,0.0
2023-01-18,9107521.49,-1647844.6280000005,-0.1532113932637026,0.0,0.0
2023-01-19,9107521.49,-1647844.6280000005,-0.1532113932637026,0.0,0.0
2023-01-20,9107521.49,-1647844.6280000005,-0.1532113932637026,0.0,0.0
2023-01-30,9107521.49,-1647844.6280000005,-0.1532113932637026,0.0,0.0
2023-01-31,9107521.49,-1647844.6280000005,-0.1532113932637026,0.0,0.0
2023-02-01,9107521.49,-1647844.6280000005,-0.1532113932637026,0.0,0.0
2023-02-02,9107521.49,-1647844.6280000005,-0.1532113932637026,0.0,0.0
2023-02-03,9107521.49,-1647844.6280000005,-0.1532113932637026,0.0,0.0
2023-02-06,9107521.49,-1647844.6280000005,-0.1532113932637026,0.0,0.0
2023-02-07,9107521.49,-1647844.6280000005,-0.1532113932637026,0.0,0.0
2023-02-08,9107521.49,-1647844.6280000005,-0.1532113932637026,0.0,0.0
2023-02-09,9107521.49,-1647844.6280000005,-0.1532113932637026,0.0,0.0
2023-02-10,9107521.49,-1647844.6280000005,-0.1532113932637026,0.0,0.0
2023-02-13,9107521.49,-1647844.6280000005,-0.1532113932637026,0.0,0.0
2023-02-14,9107521.49,-1647844.6280000005,-0.1532113932637026,0.0,0.0
2023-02-15,9107521.49,-1647844.6280000005,-0.1532113932637026,0.0,0.0
2023-02-16,9107521.49,-1647844.6280000005,-0.1532113932637026,0.0,0.0
2023-02-17,9107521.49,-1647844.6280000005,-0.1532113932637026,0.0,0.0
2023-02-20,9107521.49,-1647844.6280000005,-0.1532113932637026,0.0,0.0
2023-02-21,9107521.49,-1647844.6280000005,-0.1532113932637026,0.0,0.0
2023-02-22,9107521.49,-1647844.6280000005,-0.1532113932637026,0.0,0.0
2023-02-23,9107521.49,-1647844.6280000005,-0.1532113932637026,0.0,0.0
2023-02-24,9107521.49,-1647844.6280000005,-0.1532113932637026,0.0,0.0
2023-02-27,9107521.49,-1647844.6280000005,-0.1532113932637026,0.0,0.0
2023-02-28,9107521.49,-1647844.6280000005,-0.1532113932637026,0.0,0.0
2023-03-01,9107521.49,-1647844.6280000005,-0.1532113932637026,0.0,0.0
2023-03-02,9107521.49,-1647844.6280000005,-0.1532113932637026,0.0,0.0
2023-03-03,9107521.49,-1647844.6280000005,-0.1532113932637026,0.0,0.0
2023-03-06,9107521.49,-1647844.6280000005,-0.1532113932637026,0.0,0.0
2023-03-07,9107521.49,-1647844.6280000005,-0.1532113932637026,0.0,0.0
2023-03-08,9107521.49,-1647844.6280000005,-0.1532113932637026,0.0,0.0
2023-03-09,9107521.49,-1647844.6280000005,-0.1532113932637026,0.0,0.0
2023-03-10,9107521.49,-1647844.6280000005,-0.1532113932637026,0.0,0.0
2023-03-13,9107521.49,-1647844.6280000005,-0.1532113932637026,0.0,0.0
2023-03-14,9107521.49,-1647844.6280000005,-0.1532113932637026,0.0,0.0
2023-03-15,9107521.49,-1647844.6280000005,-0.1532113932637026,0.0,0.0
2023-03-16,9107521.49,-1647844.6280000005,-0.1532113932637026,0.0,0.0
2023-03-17,9107521.49,-1647844.6280000005,-0.1532113932637026,0.0,0.0
2023-03-20,9107521.49,-1647844.6280000005,-0.1532113932637026,0.0,0.0
2023-03-21,9107521.49,-1647844.6280000005,-0.1532113932637026,0.0,0.0
2023-03-22,9107521.49,-1647844.6280000005,-0.1532113932637026,0.0,0.0
2023-03-23,9107521.49,-1647844.6280000005,-0.1532113932637026,0.0,0.0
2023-03-24,9107521.49,-1647844.6280000005,-0.1532113932637026,0.0,0.0
2023-03-27,9107521.49,-1647844.6280000005,-0.1532113932637026,0.0,0.0
2023-03-28,9107521.49,-1647844.6280000005,-0.1532113932637026,0.0,0.0
2023-03-29,9107521.49,-1647844.6280000005,-0.1532113932637026,0.0,0.0
2023-03-30,9107521.49,-1647844.6280000005,-0.1532113932637026,0.0,0.0
2023-03-31,9107521.49,-1647844.6280000005,-0.1532113932637026,0.0,0.0
2023-04-03,9107521.49,-1647844.6280000005,-0.1532113932637026,0.0,0.0
2023-04-04,9107521.49,-1647844.6280000005,-0.1532113932637026,0.0,0.0
2023-04-06,9107521.49,-1647844.6280000005,-0.1532113932637026,0.0,0.0
2023-04-07,9107521.49,-1647844.6280000005,-0.1532113932637026,0.0,0.0
2023-04-10,9107521.49,-1647844.6280000005,-0.1532113932637026,0.0,0.0
2023-04-11,9107521.49,-1647844.6280000005,-0.1532113932637026,0.0,0.0
2023-04-12,9107521.49,-1647844.6280000005,-0.1532113932637026,0.0,0.0
2023-04-13,9107521.49,-1647844.6280000005,-0.1532113932637026,0.0,0.0
2023-04-14,9042891.074000001,-1712475.0439999998,-0.15922052538351347,-64630.416,-0.007096378094848643
2023-04-17,9038071.074000001,-1717295.0439999998,-0.15966867377261695,-4820.0,-0.0005330153775553459
2023-04-18,9081451.074000001,-1673915.0439999998,-0.1556353382706855,43380.0,0.004799696710152235
2023-04-19,9066991.074000001,-1688375.0439999998,-0.15697978343799598,-14460.0,-0.00159225655483608
2023-04-20,9076631.074000001,-1678735.0439999998,-0.156083486659789,9640.0,0.0010631972526853328
2023-04-21,9028431.074000001,-1726935.0439999998,-0.16056497055082394,-48200.0,-0.005310340324183538
2023-04-24,9033251.074000001,-1722115.0439999998,-0.16011682216172046,4820.0,0.0005338690588092554
2023-04-25,8985051.074000001,-1770315.0439999998,-0.16459830605275538,-48200.0,-0.005335841947173625
2023-04-26,9023611.074000001,-1731755.0439999998,-0.16101311893992745,38560.0,0.004291572711431879
2023-04-27,9038071.074000001,-1717295.0439999998,-0.15966867377261695,14460.0,0.0016024626816713017
2023-04-28,9033251.074000001,-1722115.0439999998,-0.16011682216172046,-4820.0,-0.0005332996344613594
2023-05-04,9047711.074000001,-1707655.0439999998,-0.15877237699440996,14460.0,0.0016007525841521542
2023-05-05,9009151.074000001,-1746215.0439999998,-0.16235756410723792,-38560.0,-0.004261851388116078
2023-05-08,9033251.074000001,-1722115.0439999998,-0.16011682216172046,24100.0,0.002675057816440729
2023-05-09,8999511.074000001,-1755855.0439999998,-0.1632538608854449,-33740.0,-0.003735089363021471
2023-05-10,9004331.074000001,-1751035.0439999998,-0.1628057124963414,4820.0,0.000535584651251142
2023-05-11,9004331.074000001,-1751035.0439999998,-0.1628057124963414,0.0,0.0
2023-05-12,8956131.074000001,-1799235.0439999998,-0.16728719638737635,-48200.0,-0.005352979538832958
2023-05-15,8922391.074000001,-1832975.0439999998,-0.1704242351111008,-33740.0,-0.0037672516984424975
2023-05-16,8941671.074000001,-1813695.0439999998,-0.16863164155468682,19280.0,0.0021608557437233777
2023-05-17,8936851.074000001,-1818515.0439999998,-0.16907978994379033,-4820.0,-0.0005390491285253152
2023-05-18,8893471.074000001,-1861895.0439999998,-0.17311312544572177,-43380.0,-0.004854058732857824
2023-05-19,8888651.074000001,-1866715.0439999998,-0.17356127383482528,-4820.0,-0.0005419706164099258
2023-05-22,8879011.074000001,-1876355.0439999998,-0.17445757061303227,-9640.0,-0.0010845290156791254
2023-05-23,8850091.074000001,-1905275.0439999998,-0.1771464609476532,-28920.0,-0.0032571194876290788
2023-05-24,8830811.074000001,-1924555.0439999998,-0.1789390545040672,-19280.0,-0.002178508654746114
2023-05-25,8830811.074000001,-1924555.0439999998,-0.1789390545040672,0.0,0.0
2023-05-26,8777791.074000001,-1977575.0439999998,-0.18386868678420562,-53020.0,-0.006003978519719788
2023-05-29,8787431.074000001,-1967935.0439999998,-0.18297239000599863,9640.0,0.0010982261845526864
2023-05-30,8835631.074000001,-1919735.0439999998,-0.1784909061149637,48200.0,0.005485107034593151
2023-05-31,8936851.074000001,-1818515.0439999998,-0.16907978994379033,101220.0,0.01145588800078512
2023-06-01,9009151.074000001,-1746215.0439999998,-0.16235756410723792,72300.0,0.008090097888096448
2023-06-02,8970591.074000001,-1784775.0439999998,-0.16594275122006588,-38560.0,-0.004280092506305344
2023-06-05,8893471.074000001,-1861895.0439999998,-0.17311312544572177,-77120.0,-0.008596980886077965
2023-06-06,8854911.074000001,-1900455.0439999998,-0.17669831255854973,-38560.0,-0.00433576493127974
2023-06-07,8922391.074000001,-1832975.0439999998,-0.1704242351111008,67480.0,0.007620629889568908
2023-06-08,8883831.074000001,-1871535.0439999998,-0.17400942222392876,-38560.0,-0.0043217114874469775
2023-06-09,8932031.074000001,-1823335.0439999998,-0.1695279383328938,48200.0,0.00542558718175834
2023-06-12,8845271.074000001,-1910095.0439999998,-0.17759460933675672,-86760.0,-0.009713356265916628
2023-06-13,8907931.074000001,-1847435.0439999998,-0.1717686802784113,62660.0,0.007084011272891821
2023-06-14,8879011.074000001,-1876355.0439999998,-0.17445757061303227,-28920.0,-0.0032465451023089287
2023-06-15,8922391.074000001,-1832975.0439999998,-0.1704242351111008,43380.0,0.004885679231443563
2023-06-16,8874191.074000001,-1881175.0439999998,-0.17490571900213575,-48200.0,-0.005402139359308666
2023-06-19,8859731.074000001,-1895635.0439999998,-0.17625016416944622,-14460.0,-0.0016294442929413178
2023-06-20,8874191.074000001,-1881175.0439999998,-0.17490571900213575,14460.0,0.0016321037150253126
2023-06-21,8869371.074000001,-1885995.0439999998,-0.17535386739123926,-4820.0,-0.0005431480976471059
2023-06-26,8994691.074000001,-1760675.0439999998,-0.1637020092745484,125320.0,0.01412952496342923
2023-06-27,8970591.074000001,-1784775.0439999998,-0.16594275122006588,-24100.0,-0.002679358279425892
2023-06-28,9086271.074000001,-1669095.0439999998,-0.155187189881582,115680.0,0.012895471329116948
2023-06-29,9144111.074000001,-1611255.0439999998,-0.1498094092123401,57840.0,0.00636564763795211
2023-06-30,9168211.074000001,-1587155.0439999998,-0.1475686672668226,24100.0,0.0026355760341236767
2023-07-03,9081451.074000001,-1673915.0439999998,-0.1556353382706855,-86760.0,-0.00946313291652301
2023-07-04,9094141.17,-1661224.9480000008,-0.15445545319185391,12690.096,0.001397364352524022
2023-07-05,9094141.17,-1661224.9480000008,-0.15445545319185391,0.0,0.0
2023-07-06,9094141.17,-1661224.9480000008,-0.15445545319185391,0.0,0.0
2023-07-07,9094141.17,-1661224.9480000008,-0.15445545319185391,0.0,0.0
2023-07-10,9094141.17,-1661224.9480000008,-0.15445545319185391,0.0,0.0
2023-07-11,9094141.17,-1661224.9480000008,-0.15445545319185391,0.0,0.0
2023-07-12,9094141.17,-1661224.9480000008,-0.15445545319185391,0.0,0.0
2023-07-13,9094141.17,-1661224.9480000008,-0.15445545319185391,0.0,0.0
2023-07-14,9094141.17,-1661224.9480000008,-0.15445545319185391,0.0,0.0
2023-07-17,9094141.17,-1661224.9480000008,-0.15445545319185391,0.0,0.0
2023-07-18,9094141.17,-1661224.9480000008,-0.15445545319185391,0.0,0.0
2023-07-19,9094141.17,-1661224.9480000008,-0.15445545319185391,0.0,0.0
2023-07-20,9094141.17,-1661224.9480000008,-0.15445545319185391,0.0,0.0
2023-07-21,9094141.17,-1661224.9480000008,-0.15445545319185391,0.0,0.0
2023-07-24,9094141.17,-1661224.9480000008,-0.15445545319185391,0.0,0.0
2023-07-25,9094141.17,-1661224.9480000008,-0.15445545319185391,0.0,0.0
2023-07-26,9094141.17,-1661224.9480000008,-0.15445545319185391,0.0,0.0
2023-07-27,9094141.17,-1661224.9480000008,-0.15445545319185391,0.0,0.0
2023-07-28,9094141.17,-1661224.9480000008,-0.15445545319185391,0.0,0.0
2023-07-31,9094141.17,-1661224.9480000008,-0.15445545319185391,0.0,0.0
2023-08-01,9094141.17,-1661224.9480000008,-0.15445545319185391,0.0,0.0
2023-08-02,9094141.17,-1661224.9480000008,-0.15445545319185391,0.0,0.0
2023-08-03,9094141.17,-1661224.9480000008,-0.15445545319185391,0.0,0.0
2023-08-04,9094141.17,-1661224.9480000008,-0.15445545319185391,0.0,0.0
2023-08-07,9094141.17,-1661224.9480000008,-0.15445545319185391,0.0,0.0
2023-08-08,9094141.17,-1661224.9480000008,-0.15445545319185391,0.0,0.0
2023-08-09,9013126.158,-1742239.960000001,-0.16198797334143905,-81015.012,-0.008908484098229641
2023-08-10,8973606.158,-1781759.960000001,-0.16566241822471084,-39520.0,-0.004384716169197556
2023-08-11,9092166.158,-1663199.960000001,-0.15463908357489545,118560.0,0.013212079727201287
2023-08-14,9097106.158,-1658259.960000001,-0.15417977796448648,4940.0,0.0005433248704604932
2023-08-15,9171206.158,-1584159.960000001,-0.14729019380835184,74100.0,0.008145447432735153
2023-08-16,9097106.158,-1658259.960000001,-0.15417977796448648,-74100.0,-0.008079635189027212
2023-08-17,9171206.158,-1584159.960000001,-0.14729019380835184,74100.0,0.008145447432735153
2023-08-18,9077346.158,-1678019.960000001,-0.15601700040612237,-93860.0,-0.010234204572767802
2023-08-21,9181086.158,-1574279.960000001,-0.14637158258753388,103740.0,0.011428450363609066
2023-08-22,9141566.158,-1613799.960000001,-0.1500460274708057,-39520.0,-0.004304501593808019
2023-08-23,9274946.158,-1480419.960000001,-0.13764477598976335,133380.0,0.014590497699704885
2023-08-24,9265066.158,-1490299.960000001,-0.1385633872105813,-9880.0,-0.0010652352942748244
2023-08-25,9314466.158,-1440899.960000001,-0.13397033110649156,49400.0,0.005331856152731795
2023-08-28,9235426.158,-1519939.960000001,-0.14131922087303517,-79040.0,-0.00848572517836832
2023-08-29,9186026.158,-1569339.960000001,-0.14591227697712492,-49400.0,-0.005348968109848196
2023-08-30,9314466.158,-1440899.960000001,-0.13397033110649156,128440.0,0.013982106929680604
2023-08-31,9260126.158,-1495239.960000001,-0.13902269282099028,-54340.0,-0.005833936060128164
2023-09-01,9329286.158,-1426079.960000001,-0.13259241427526464,69160.0,0.007468580753648979
2023-09-04,9166266.158,-1589099.960000001,-0.1477494994187608,-163020.0,-0.017474005753399302
2023-09-05,9106986.158,-1648379.960000001,-0.15326116674366852,-59280.0,-0.006467191654506155
2023-09-06,9092166.158,-1663199.960000001,-0.15463908357489545,-14820.0,-0.001627322117644936
2023-09-07,9037826.158,-1717539.960000001,-0.15969144528939416,-54340.0,-0.005976573575064648
2023-09-08,9121806.158,-1633559.960000001,-0.1518832499124416,83980.0,0.009292057462918057
2023-09-11,9151446.158,-1603919.960000001,-0.14912741624998774,29640.0,0.0032493564856128643
2023-09-12,9176146.158,-1579219.960000001,-0.14683088819794288,24700.0,0.002699026970552465
2023-09-13,9304586.158,-1450779.960000001,-0.13488894232730952,128440.0,0.013997161530390656
2023-09-14,9270006.158,-1485359.960000001,-0.13810408160017235,-34580.0,-0.003716446858871625
2023-09-15,9319406.158,-1435959.960000001,-0.1335110254960826,49400.0,0.005329014798697518
2023-09-18,9344106.158,-1411259.960000001,-0.1312144974440377,24700.0,0.002650383466632933
2023-09-19,9368806.158,-1386559.960000001,-0.12891796939199285,24700.0,0.0026433775026040163
2023-09-20,9398446.158,-1356919.960000001,-0.126162135729539,29640.0,0.003163690175689071
2023-09-21,9418206.158,-1337159.960000001,-0.12432491328790309,19760.0,0.002102475203646259
2023-09-22,9363866.158,-1391499.960000001,-0.12937727500240181,-54340.0,-0.005769676208865149
2023-09-25,9250246.158,-1505119.960000001,-0.13994130404180824,-113620.0,-0.012133876978039582
2023-09-26,9270006.158,-1485359.960000001,-0.13810408160017235,19760.0,0.002136159369435786
2023-09-27,9265066.158,-1490299.960000001,-0.1385633872105813,-4940.0,-0.0005329014798697296
2023-09-28,9314466.158,-1440899.960000001,-0.13397033110649156,49400.0,0.005331856152731795
2023-10-09,9299646.158,-1455719.960000001,-0.1353482479377185,-14820.0,-0.0015910734709440044
2023-10-10,9235426.158,-1519939.960000001,-0.14131922087303517,-64220.0,-0.006905639086574822
2023-10-11,9186026.158,-1569339.960000001,-0.14591227697712492,-49400.0,-0.005348968109848196
2023-10-12,9289766.158,-1465599.960000001,-0.13626685915853645,103740.0,0.011293240212434386
2023-10-13,9309526.158,-1445839.960000001,-0.13442963671690053,19760.0,0.002127071840552608
2023-10-16,9383626.158,-1371739.960000001,-0.12754005256076592,74100.0,0.007959588784905325
2023-10-17,9383626.158,-1371739.960000001,-0.12754005256076592,0.0,0.0
2023-10-18,9521946.158,-1233419.960000001,-0.11467949546931461,138320.0,0.014740570188005231
2023-10-19,9519898.528,-1235467.5899999999,-0.11486987764482903,-2047.6300000000047,-0.00021504322393994801
2023-10-20,9519898.528,-1235467.5899999999,-0.11486987764482903,0.0,0.0
2023-10-23,9519898.528,-1235467.5899999999,-0.11486987764482903,0.0,0.0
2023-10-24,9519898.528,-1235467.5899999999,-0.11486987764482903,0.0,0.0
2023-10-25,9519898.528,-1235467.5899999999,-0.11486987764482903,0.0,0.0
2023-10-26,9519898.528,-1235467.5899999999,-0.11486987764482903,0.0,0.0
2023-10-27,9519898.528,-1235467.5899999999,-0.11486987764482903,0.0,0.0
2023-10-30,9519898.528,-1235467.5899999999,-0.11486987764482903,0.0,0.0
2023-10-31,9519898.528,-1235467.5899999999,-0.11486987764482903,0.0,0.0
2023-11-01,9519898.528,-1235467.5899999999,-0.11486987764482903,0.0,0.0
2023-11-02,9519898.528,-1235467.5899999999,-0.11486987764482903,0.0,0.0
2023-11-03,9519898.528,-1235467.5899999999,-0.11486987764482903,0.0,0.0
2023-11-06,9519898.528,-1235467.5899999999,-0.11486987764482903,0.0,0.0
2023-11-07,9519898.528,-1235467.5899999999,-0.11486987764482903,0.0,0.0
2023-11-08,9519898.528,-1235467.5899999999,-0.11486987764482903,0.0,0.0
2023-11-09,9519898.528,-1235467.5899999999,-0.11486987764482903,0.0,0.0
2023-11-10,9519898.528,-1235467.5899999999,-0.11486987764482903,0.0,0.0
2023-11-13,9519898.528,-1235467.5899999999,-0.11486987764482903,0.0,0.0
2023-11-14,9519898.528,-1235467.5899999999,-0.11486987764482903,0.0,0.0
2023-11-15,9519898.528,-1235467.5899999999,-0.11486987764482903,0.0,0.0
2023-11-16,9602064.388,-1153301.7300000004,-0.10723035528003588,82165.86000000002,0.008630959642934588
2023-11-17,9324864.388,-1430501.7300000004,-0.1330035364956974,-277200.0,-0.02886879204293047
2023-11-20,9354264.388,-1401101.7300000004,-0.13027001727585452,29400.0,0.003152860864961582
2023-11-21,9400464.388,-1354901.7300000004,-0.12597448707324427,46200.0,0.004938923905044579
2023-11-22,9522264.388,-1233101.7300000004,-0.11464990744818086,121800.0,0.012956806703664725
2023-11-23,9509664.388,-1245701.7300000004,-0.11582141568525639,-12600.0,-0.001323214677370066
2023-11-24,9308064.388,-1447301.7300000004,-0.13456554747846478,-201600.0,-0.02119948630935853
2023-11-27,9337464.388,-1417901.7300000004,-0.1318320282586219,29400.0,0.003158551421056144
2023-11-28,9421464.388,-1333901.7300000004,-0.12402197334478506,84000.0,0.008996018245376325
2023-11-29,9329064.388,-1426301.7300000004,-0.13261303375000558,-92400.0,-0.00980739258725949
2023-11-30,9366864.388,-1388501.7300000004,-0.129098509038779,37800.0,0.004051853265009342
2023-12-01,9488664.388,-1266701.7300000004,-0.1177739294137156,121800.0,0.013003284232025347
2023-12-04,9371064.388,-1384301.7300000004,-0.12870800629308715,-117600.0,-0.012393735850613985
2023-12-05,9606264.388,-1149101.7300000004,-0.10683985253434404,235200.0,0.025098536330748322
2023-12-06,9518064.388,-1237301.7300000004,-0.1150404101938727,-88200.0,-0.009181508694490859
2023-12-07,9282864.388,-1472501.7300000004,-0.13690856395261583,-235200.0,-0.024710906589004655
2023-12-08,9081264.388,-1674101.7300000004,-0.1556526957458242,-201600.0,-0.021717434573385486
2023-12-11,9161064.388,-1594301.7300000004,-0.14823314357767922,79800.0,0.008787322622766824
2023-12-12,9293644.008,-1461722.1100000013,-0.13590630890320765,132579.62,0.014472075993010591
2023-12-13,9182144.008,-1573222.1100000013,-0.1462732270328839,-111500.0,-0.011997446846900961
2023-12-14,9124164.008,-1631202.1100000013,-0.15166402446031554,-57980.0,-0.006314429391380161
2023-12-15,9075104.008,-1680262.1100000013,-0.15622546843737312,-49060.0,-0.005376930966714766
2023-12-18,9128624.008,-1626742.1100000013,-0.1512493477351285,53520.0,0.005897453070821124
2023-12-19,9075104.008,-1680262.1100000013,-0.15622546843737312,-53520.0,-0.005862877028684377
2023-12-20,9079564.008,-1675802.1100000013,-0.15581079171218606,4460.0,0.0004914544225684825
2023-12-21,9079564.008,-1675802.1100000013,-0.15581079171218606,0.0,0.0
2023-12-22,9026044.008,-1729322.1100000013,-0.16078691241443066,-53520.0,-0.005894556165124576
2023-12-25,8959144.008,-1796222.1100000013,-0.1670070632922364,-66900.0,-0.007411884978702155
2023-12-26,8990364.008,-1765002.1100000013,-0.16410432621592708,31220.0,0.003484707910947904
2023-12-27,9021584.008,-1733782.1100000013,-0.1612015891396177,31220.0,0.0034726068902459772
2023-12-28,9066184.008,-1689182.1100000013,-0.15705482188774722,44600.0,0.004943699461253281
2023-12-29,9097404.008,-1657962.1100000013,-0.15415208481143786,31220.0,0.003443565669133841
2024-01-02,9110784.008,-1644582.1100000013,-0.1529080546358767,13380.0,0.0014707492366210495
2024-01-03,9226744.008,-1528622.1100000013,-0.1421264597810134,115960.0,0.012727774020125704
2024-01-04,9182144.008,-1573222.1100000013,-0.1462732270328839,-44600.0,-0.004833774510415556
2024-01-05,9208904.008,-1546462.1100000013,-0.14378516668176158,26760.0,0.0029143520267909118
2024-01-08,9070644.008,-1684722.1100000013,-0.15664014516256017,-138260.0,-0.015013730176782203
2024-01-09,9128624.008,-1626742.1100000013,-0.1512493477351285,57980.0,0.006392048894087843
2024-01-10,9128624.008,-1626742.1100000013,-0.1512493477351285,0.0,0.0
2024-01-11,9137544.008,-1617822.1100000013,-0.15041999428475442,8920.0,0.0009771461714473961
2024-01-12,9079564.008,-1675802.1100000013,-0.15581079171218606,-57980.0,-0.006345249877783177
2024-01-15,9146464.008,-1608902.1100000013,-0.1495906408343803,66900.0,0.007368195206405748
2024-01-16,9128624.008,-1626742.1100000013,-0.1512493477351285,-17840.0,-0.0019504805337228204
2024-01-17,9097404.008,-1657962.1100000013,-0.15415208481143786,-31220.0,-0.0034200116000658864
2024-01-18,9124164.008,-1631202.1100000013,-0.15166402446031554,26760.0,0.002941498473242321
2024-01-19,9168764.008,-1586602.1100000013,-0.14751725720844505,44600.0,0.004888119060649787
2024-01-22,9106324.008,-1649042.1100000013,-0.15332273136106375,-62440.0,-0.006810078211798132
2024-01-23,9066184.008,-1689182.1100000013,-0.15705482188774722,-40140.0,-0.004407925740917751
2024-01-24,9177684.008,-1577682.1100000013,-0.14668790375807095,111500.0,0.012298448818335528
2024-01-25,9146464.008,-1608902.1100000013,-0.1495906408343803,-31220.0,-0.0034017296708828137
2024-01-26,9146464.008,-1608902.1100000013,-0.1495906408343803,0.0,0.0
2024-01-29,9164304.008,-1591062.1100000013,-0.1479319339336321,17840.0,0.0019504805337227094
2024-01-30,9159844.008,-1595522.1100000013,-0.14834661065881916,-4460.0,-0.0004866708913308093
2024-01-31,9119704.008,-1635662.1100000013,-0.1520787011855026,-40140.0,-0.0043821706968963925
2024-02-01,9142004.008,-1613362.1100000013,-0.15000531755956736,22300.0,0.0024452547999844754
2024-02-02,9150924.008,-1604442.1100000013,-0.14917596410919326,8920.0,0.0009757160456498326
2024-02-05,9191064.008,-1564302.1100000013,-0.1454438735825098,40140.0,0.00438644228330487
2024-02-06,9173224.008,-1582142.1100000013,-0.147102580483258,-17840.0,-0.001941015750132058
2024-02-07,9164304.008,-1591062.1100000013,-0.1479319339336321,-8920.0,-0.0009723953096775206
2024-02-08,9168764.008,-1586602.1100000013,-0.14751725720844505,4460.0,0.00048667089133092034
2024-02-19,9173224.008,-1582142.1100000013,-0.147102580483258,4460.0,0.0004864341579855491
2024-02-20,9164304.008,-1591062.1100000013,-0.1479319339336321,-8920.0,-0.0009723953096775206
2024-02-21,9168764.008,-1586602.1100000013,-0.14751725720844505,4460.0,0.00048667089133092034
2024-02-22,9186604.008,-1568762.1100000013,-0.14585855030769684,17840.0,0.0019457366319424185
2024-02-23,9164304.008,-1591062.1100000013,-0.1479319339336321,-22300.0,-0.002427447616178968
2024-02-26,9146464.008,-1608902.1100000013,-0.1495906408343803,-17840.0,-0.0019466835653233483
2024-02-27,9164304.008,-1591062.1100000013,-0.1479319339336321,17840.0,0.0019504805337227094
2024-02-28,9110784.008,-1644582.1100000013,-0.1529080546358767,-53520.0,-0.005840050695969934
2024-02-29,9048344.008,-1707022.1100000013,-0.1587135287884954,-62440.0,-0.006853416780067789
2024-03-01,9159844.008,-1595522.1100000013,-0.14834661065881916,111500.0,0.012322696827333113
2024-03-04,9155384.008,-1599982.1100000013,-0.1487612873840062,-4460.0,-0.00048690785521066093
2024-03-05,9106324.008,-1649042.1100000013,-0.15332273136106375,-49060.0,-0.005358595549583844
2024-03-06,9106324.008,-1649042.1100000013,-0.15332273136106375,0.0,0.0
2024-03-07,9075104.008,-1680262.1100000013,-0.15622546843737312,-31220.0,-0.003428386687380436
2024-03-08,9043884.008,-1711482.1100000013,-0.15912820551368245,-31220.0,-0.0034401809579789333
2024-03-11,8994824.008,-1760542.1100000013,-0.16368964949074002,-49060.0,-0.005424660461877062
2024-03-12,8981444.008,-1773922.1100000013,-0.16493367966630118,-13380.0,-0.0014875221558643403
2024-03-13,8927924.008,-1827442.1100000013,-0.16990980036854578,-53520.0,-0.00595895269762059
2024-03-14,8941304.008,-1814062.1100000013,-0.16866577019298462,13380.0,0.0014986686701197183
2024-03-15,8950224.008,-1805142.1100000013,-0.16783641674261052,8920.0,0.0009976173488810414
2024-03-18,8856564.008,-1898802.1100000013,-0.17654462797153858,-93660.0,-0.010464542554050493
2024-03-19,8811964.008,-1943402.1100000013,-0.18069139522340907,-44600.0,-0.0050358129811644
2024-03-20,8771824.008,-1983542.1100000013,-0.18442348575009254,-40140.0,-0.004555170670642594
2024-03-21,8798584.008,-1956782.1100000013,-0.18193542539897023,26760.0,0.0030506768005826856
2024-03-22,8776284.008,-1979082.1100000013,-0.1840088090249055,-22300.0,-0.0025344987306734623
2024-03-25,8838724.008,-1916642.1100000013,-0.1782033348722868,62440.0,0.007114628462693728
2024-03-26,8852104.008,-1903262.1100000013,-0.17695930469672563,13380.0,0.001513793166059818
2024-03-27,8856564.008,-1898802.1100000013,-0.17654462797153858,4460.0,0.0005038350200099462
2024-03-28,8985904.008,-1769462.1100000013,-0.16451900294111413,129340.0,0.014603857645376861
2024-03-29,9026044.008,-1729322.1100000013,-0.16078691241443066,40140.0,0.004466996304908655
2024-04-01,9012664.008,-1742702.1100000013,-0.16203094258999182,-13380.0,-0.0014823769957403865
2024-04-02,9017900.104,-1737466.0140000004,-0.16154410690791887,5236.09599999999,0.0005809709532444973
2024-04-03,9055140.104,-1700226.0140000004,-0.1580816492294512,37240.0,0.004129564485138015
2024-04-08,9103020.104,-1652346.0140000004,-0.15362991792856423,47880.0,0.005287604548365854
2024-04-09,9049820.104,-1705546.0140000004,-0.15857628604066087,-53200.0,-0.0058442142708905465
2024-04-10,9103020.104,-1652346.0140000004,-0.15362991792856423,53200.0,0.005878569892951324
2024-04-11,9055140.104,-1700226.0140000004,-0.1580816492294512,-47880.0,-0.005259792843801403
2024-04-12,9145580.104,-1609786.0140000004,-0.14967282343888688,90440.0,0.009987697480246416
2024-04-15,9145580.104,-1609786.0140000004,-0.14967282343888688,0.0,0.0
2024-04-16,9182820.104,-1572546.0140000004,-0.14621036576041924,37240.0,0.004071912287303858
2024-04-17,9204100.104,-1551266.0140000004,-0.14423181851558056,21280.0,0.002317370890313919
2024-04-18,9209420.104,-1545946.0140000004,-0.14373718170437091,5320.0,0.0005780032746154351
2024-04-19,9220060.104,-1535306.0140000004,-0.14274790808195156,10640.0,0.0011553387596443532
2024-04-22,9182820.104,-1572546.0140000004,-0.14621036576041924,-37240.0,-0.00403901922329597
2024-04-23,9177500.104,-1577866.0140000004,-0.1467050025716289,-5320.0,-0.0005793427225785353
2024-04-24,9204100.104,-1551266.0140000004,-0.14423181851558056,26600.0,0.0028983927756542904
2024-04-25,9209420.104,-1545946.0140000004,-0.14373718170437091,5320.0,0.0005780032746154351
2024-04-26,9188140.104,-1567226.0140000004,-0.14571572894920956,-21280.0,-0.0023106775192889284
2024-04-29,9204100.104,-1551266.0140000004,-0.14423181851558056,15960.0,0.0017370218367753765
2024-04-30,9182820.104,-1572546.0140000004,-0.14621036576041924,-21280.0,-0.0023120130984616294
2024-05-06,9257300.104,-1498066.0140000004,-0.13928545040348392,74480.0,0.00811079811609905
2024-05-07,9236020.104,-1519346.0140000004,-0.14126399764832256,-21280.0,-0.002298726384683758
2024-05-08,9204100.104,-1551266.0140000004,-0.14423181851558056,-31920.0,-0.003456034053691104
2024-05-09,9198780.104,-1556586.0140000004,-0.14472645532679024,-5320.0,-0.0005780032746154351
2024-05-10,9204100.104,-1551266.0140000004,-0.14423181851558056,5320.0,0.0005783375556163151
2024-05-13,9236020.104,-1519346.0140000004,-0.14126399764832256,31920.0,0.0034680196476923886
2024-05-14,9230700.104,-1524666.0140000004,-0.14175863445953224,-5320.0,-0.000576005675615221
2024-05-15,9225380.104,-1529986.0140000004,-0.14225327127074192,-5320.0,-0.0005763376493722605
2024-05-16,9257300.104,-1498066.0140000004,-0.13928545040348392,31920.0,0.0034600200360481725
2024-05-17,9241340.104,-1514026.0140000004,-0.14076936083711292,-15960.0,-0.0017240447885127352
2024-05-20,9315820.104,-1439546.0140000004,-0.1338444454801776,74480.0,0.008059437177056372
2024-05-21,9278580.104,-1476786.0140000004,-0.13730690315864524,-37240.0,-0.003997500980510549
2024-05-22,9225380.104,-1529986.0140000004,-0.14225327127074192,-53200.0,-0.005733635901582157
2024-05-23,9251980.104,-1503386.0140000004,-0.1397800872146936,26600.0,0.0028833500300400328
2024-05-24,9241340.104,-1514026.0140000004,-0.14076936083711292,-10640.0,-0.0011500240900215175
2024-05-27,9225380.104,-1529986.0140000004,-0.14225327127074192,-15960.0,-0.001727022252226429
2024-05-28,9225380.104,-1529986.0140000004,-0.14225327127074192,0.0,0.0
2024-05-29,9241340.104,-1514026.0140000004,-0.14076936083711292,15960.0,0.0017300100180239752
2024-05-30,9209420.104,-1545946.0140000004,-0.14373718170437091,-31920.0,-0.003454044504452747
2024-05-31,9209420.104,-1545946.0140000004,-0.14373718170437091,0.0,0.0
2024-06-03,9182820.104,-1572546.0140000004,-0.14621036576041924,-26600.0,-0.002888346899111105
2024-06-04,9225380.104,-1529986.0140000004,-0.14225327127074192,42560.0,0.00463474178062806
2024-06-05,9246660.104,-1508706.0140000004,-0.14027472402590324,21280.0,0.002306680024032115
2024-06-06,9246660.104,-1508706.0140000004,-0.14027472402590324,0.0,0.0
2024-06-07,9209420.104,-1545946.0140000004,-0.14373718170437091,-37240.0,-0.004027400118653657
2024-06-11,9182820.104,-1572546.0140000004,-0.14621036576041924,-26600.0,-0.002888346899111105
2024-06-12,9150900.104,-1604466.0140000004,-0.14917818662767723,-31920.0,-0.0034760563354709895
2024-06-13,9145580.104,-1609786.0140000004,-0.14967282343888688,-5320.0,-0.0005813635751169555
2024-06-14,9193460.104,-1561906.0140000004,-0.1452210921379999,47880.0,0.0052353157979621034
2024-06-17,9177500.104,-1577866.0140000004,-0.1467050025716289,-15960.0,-0.0017360166704868396
2024-06-18,9129620.104,-1625746.0140000004,-0.15115673387251588,-47880.0,-0.005217106996177723
2024-06-19,9092380.104,-1662986.0140000004,-0.15461919155098355,-37240.0,-0.004079030625127933
2024-06-20,9134940.104,-1620426.0140000004,-0.15066209706130623,42560.0,0.00468084258612067
2024-06-21,9134940.104,-1620426.0140000004,-0.15066209706130623,0.0,0.0
2024-06-24,9129620.104,-1625746.0140000004,-0.15115673387251588,-5320.0,-0.00058237929744831
2024-06-25,9214740.104,-1540626.0140000004,-0.14324254489316124,85120.0,0.00932349857172099
2024-06-26,9193460.104,-1561906.0140000004,-0.1452210921379999,-21280.0,-0.002309343482271742
2024-06-27,9198780.104,-1556586.0140000004,-0.14472645532679024,5320.0,0.0005786722234957242
2024-06-28,9204100.104,-1551266.0140000004,-0.14423181851558056,5320.0,0.0005783375556163151
2024-07-01,9129620.104,-1625746.0140000004,-0.15115673387251588,-74480.0,-0.008092045844615647
2024-07-02,9124300.104,-1631066.0140000004,-0.15165137068372556,-5320.0,-0.0005827186607325618
2024-07-03,9177500.104,-1577866.0140000004,-0.1467050025716289,53200.0,0.005830584197540567
2024-07-04,9145580.104,-1609786.0140000004,-0.14967282343888688,-31920.0,-0.0034780713307851485
2024-07-05,9140260.104,-1615106.0140000004,-0.15016746025009656,-5320.0,-0.0005817017553291226
2024-07-08,9134940.104,-1620426.0140000004,-0.15066209706130623,-5320.0,-0.000582040329210276
2024-07-09,9129620.104,-1625746.0140000004,-0.15115673387251588,-5320.0,-0.00058237929744831
2024-07-10,9108340.104,-1647026.0140000004,-0.15313528111735455,-21280.0,-0.0023308746429302474
2024-07-11,9124300.104,-1631066.0140000004,-0.15165137068372556,15960.0,0.0017522402345286903
2024-07-12,9092380.104,-1662986.0140000004,-0.15461919155098355,-31920.0,-0.003498350518524318
2024-07-15,9113660.104,-1641706.0140000004,-0.15264064430614488,21280.0,0.0023404212930604462
2024-07-16,9129620.104,-1625746.0140000004,-0.15115673387251588,15960.0,0.001751217383342496
2024-07-17,9103020.104,-1652346.0140000004,-0.15362991792856423,-26600.0,-0.0029135933036628092
2024-07-18,9145580.104,-1609786.0140000004,-0.14967282343888688,42560.0,0.004675371416712482
2024-07-19,9156220.104,-1599146.0140000004,-0.14868354981646756,10640.0,0.0011634035106582452
2024-07-22,9129620.104,-1625746.0140000004,-0.15115673387251588,-26600.0,-0.002905128939438617
2024-07-23,9023220.104,-1732146.0140000004,-0.1610494700967092,-106400.0,-0.011654373214651348
2024-07-24,9044500.104,-1710866.0140000004,-0.15907092285187055,21280.0,0.00235835984878241
2024-07-25,9012580.104,-1742786.0140000004,-0.16203874371912852,-31920.0,-0.003529216610421937
2024-07-26,9001940.104,-1753426.0140000004,-0.16302801734154787,-10640.0,-0.0011805720312297874
2024-07-29,9017900.104,-1737466.0140000004,-0.16154410690791887,15960.0,0.001772951143377277
2024-07-30,9065780.104,-1689586.0140000004,-0.15709237560703188,47880.0,0.005309440052320147
2024-07-31,9087060.104,-1668306.0140000004,-0.1551138283621932,21280.0,0.0023472883475974538
2024-08-01,9079587.1,-1675779.018000001,-0.1558086446908995,-7473.004000000001,-0.0008223786257022248
2024-08-02,9079587.1,-1675779.018000001,-0.1558086446908995,0.0,0.0
2024-08-05,9079587.1,-1675779.018000001,-0.1558086446908995,0.0,0.0
2024-08-06,9079587.1,-1675779.018000001,-0.1558086446908995,0.0,0.0
2024-08-07,9079587.1,-1675779.018000001,-0.1558086446908995,0.0,0.0
2024-08-08,9079587.1,-1675779.018000001,-0.1558086446908995,0.0,0.0
2024-08-09,9079587.1,-1675779.018000001,-0.1558086446908995,0.0,0.0
2024-08-12,9079587.1,-1675779.018000001,-0.1558086446908995,0.0,0.0
2024-08-13,9079587.1,-1675779.018000001,-0.1558086446908995,0.0,0.0
2024-08-14,9079587.1,-1675779.018000001,-0.1558086446908995,0.0,0.0
2024-08-15,9028038.316,-1727327.802000001,-0.1606014879502032,-51548.784,-0.005677437027945875
2024-08-16,8977536.78,-1777829.3380000014,-0.1652969613953593,-50501.53600000002,-0.005593854858867653
2024-08-19,8961936.78,-1793429.3380000014,-0.16674740016507184,-15600.0,-0.0017376704080738214
2024-08-20,9013936.78,-1741429.3380000014,-0.16191260426603,52000.0,0.0058023172084906705
2024-08-21,9029536.78,-1725829.3380000014,-0.16046216549631745,15600.0,0.0017306533627585718
2024-08-22,9003536.78,-1751829.3380000014,-0.16287956344583837,-26000.0,-0.0028794389605443227
2024-08-23,8993136.78,-1762229.3380000014,-0.16384652262564672,-10400.0,-0.0011551016288512406
2024-08-26,9019136.78,-1736229.3380000014,-0.1614291246761258,26000.0,0.0028910935790302794
2024-08-27,9008736.78,-1746629.3380000014,-0.16239608385593418,-10400.0,-0.0011531037009064882
2024-08-28,8993136.78,-1762229.3380000014,-0.16384652262564672,-15600.0,-0.001731652326065647
2024-08-29,8982736.78,-1772629.3380000014,-0.1648134818054551,-10400.0,-0.0011564374316122006
2024-08-30,8972336.78,-1783029.3380000014,-0.16578044098526348,-10400.0,-0.0011577763274946973
2024-09-02,8946336.78,-1809029.3380000014,-0.1681978389347844,-26000.0,-0.0028977958181368724
2024-09-03,8930736.78,-1824629.3380000014,-0.16964827770449695,-15600.0,-0.0017437304657337283
2024-09-04,8894336.78,-1861029.3380000014,-0.17303263483382625,-36400.0,-0.0040758115367945935
2024-09-05,8920336.78,-1835029.3380000014,-0.17061523688430533,26000.0,0.002923208401380162
2024-09-06,8909936.78,-1845429.3380000014,-0.17158219606411368,-10400.0,-0.001165875264184768
2024-09-09,8878736.78,-1876629.3380000014,-0.1744830736035388,-31200.0,-0.0035017083476993616
2024-09-10,8831936.78,-1923429.3380000014,-0.17883438991267644,-46800.0,-0.005271020096622392
2024-09-11,8863136.78,-1892229.3380000014,-0.17593351237325133,31200.0,0.0035326339824637287
2024-09-12,8899536.78,-1855829.3380000014,-0.17254915524392206,36400.0,0.004106898144925264
2024-09-13,8889136.78,-1866229.3380000014,-0.1735161144237304,-10400.0,-0.0011686001481978625
2024-09-18,8847536.78,-1907829.3380000014,-0.1773839511429639,-41600.0,-0.004679869488969701
2024-09-19,8857936.78,-1897429.3380000014,-0.17641699196315552,10400.0,0.0011754684109943625
2024-09-20,8831936.78,-1923429.3380000014,-0.17883438991267644,-26000.0,-0.002935220768193414
2024-09-23,8800736.78,-1954629.3380000014,-0.18173526745210156,-31200.0,-0.0035326339824638398
2024-09-24,8800736.78,-1954629.3380000014,-0.18173526745210156,0.0,0.0
2024-09-25,8743536.78,-2011829.3380000014,-0.1870535429410476,-57200.0,-0.00649945583306033
2024-09-26,8681136.78,-2074229.3380000014,-0.1928552980198978,-62400.0,-0.007136700121481043
2024-09-27,8701936.78,-2053429.3380000014,-0.19092137966028105,20800.0,0.0023959995709226245
2024-09-30,8649936.78,-2105429.3380000014,-0.1957561755593229,-52000.0,-0.005975681197720628
2024-10-08,8634336.78,-2121029.3380000014,-0.19720661432903547,-15600.0,-0.0018034813891437684
2024-10-09,8561536.78,-2193829.3380000014,-0.20397532858769404,-72800.0,-0.008431452450248345
2024-10-10,8530336.78,-2225029.3380000014,-0.20687620612711916,-31200.0,-0.003644205567496228
2024-10-11,8566736.78,-2188629.3380000014,-0.20349184899778985,36400.0,0.004267123437065479
2024-10-14,8545936.78,-2209429.3380000014,-0.20542576735740659,-20800.0,-0.002427995692427465
2024-10-15,8551136.78,-2204229.3380000014,-0.2049422877675024,5200.0,0.000608476300944405
2024-10-16,8525136.78,-2230229.3380000014,-0.20735968571702332,-26000.0,-0.003040531413415204
2024-10-17,8519936.78,-2235429.3380000014,-0.2078431653069275,-5200.0,-0.000609960887923755
2024-10-18,8540736.78,-2214629.3380000014,-0.20590924694731078,20800.0,0.002441332669137486
2024-10-21,8514736.78,-2240629.3380000014,-0.2083266448968317,-26000.0,-0.0030442338488740894
2024-10-22,8530336.78,-2225029.3380000014,-0.20687620612711916,15600.0,0.0018321177040543368
2024-10-23,8530336.78,-2225029.3380000014,-0.20687620612711916,0.0,0.0
2024-10-24,8551136.78,-2204229.3380000014,-0.2049422877675024,20800.0,0.0024383562497516387
2024-10-25,8535536.78,-2219829.3380000014,-0.20639272653721497,-15600.0,-0.0018243188480491224
2024-10-28,8488736.78,-2266629.3380000014,-0.21074404284635262,-46800.0,-0.005482959209977212
2024-10-29,8467936.78,-2287429.3380000014,-0.21267796120596935,-20800.0,-0.0024503056861188144
2024-10-30,8421136.78,-2334229.3380000014,-0.217029277515107,-46800.0,-0.005526729971642497
2024-10-31,8358736.78,-2396629.3380000005,-0.22283103259395715,-62400.0,-0.0074099259553885855
2024-11-01,8363936.78,-2391429.3380000005,-0.22234755300405296,5200.0,0.0006221035710134437
2024-11-04,8348336.78,-2407029.3380000005,-0.2237979917737655,-15600.0,-0.0018651503963185156
2024-11-05,8395136.78,-2360229.3380000014,-0.21944667546462793,46800.0,0.005605907048709113
2024-11-06,8379536.78,-2375829.3380000005,-0.2208971142343404,-15600.0,-0.0018582186816972213
2024-11-07,8384736.78,-2370629.3380000005,-0.22041363464443622,5200.0,0.0006205593622323757
2024-11-08,8405536.78,-2349829.3380000014,-0.21847971628481958,20800.0,0.0024806980285432267
2024-11-11,8317136.78,-2438229.3380000005,-0.2266988693131906,-88400.0,-0.010516877424216031
2024-11-12,8343136.78,-2412229.3380000005,-0.2242814713636697,26000.0,0.0031260757984070686
2024-11-13,8369136.78,-2386229.3380000005,-0.22186407341414877,26000.0,0.0031163339024149472
2024-11-14,8332736.78,-2422629.3380000005,-0.22524843054347807,-36400.0,-0.004349313550112588
2024-11-15,8332736.78,-2422629.3380000005,-0.22524843054347807,0.0,0.0
2024-11-18,8336051.78,-2419314.3380000005,-0.22494021230491415,3315.0,0.0003978284791086306
2024-11-19,8336051.78,-2419314.3380000005,-0.22494021230491415,0.0,0.0
2024-11-20,8306516.78,-2448849.3380000005,-0.2276862833987257,-29535.0,-0.0035430442107929894
2024-11-21,8301016.78,-2454349.3380000005,-0.2281976560418936,-5500.0,-0.0006621307276767352
2024-11-22,8301016.78,-2454349.3380000005,-0.2281976560418936,0.0,0.0
2024-11-25,8306516.78,-2448849.3380000005,-0.2276862833987257,5500.0,0.0006625694352588862
2024-11-26,8323016.78,-2432349.3380000005,-0.22615216546922204,16500.0,0.0019863921830300946
2024-11-27,8328516.78,-2426849.3380000005,-0.22564079282605415,5500.0,0.000660818083800585
2024-11-28,8328516.78,-2426849.3380000005,-0.22564079282605415,0.0,0.0
2024-11-29,8301016.78,-2454349.3380000005,-0.2281976560418936,-27500.0,-0.0033019084581829006
2024-12-02,8268016.78,-2487349.3380000005,-0.2312658919009009,-33000.0,-0.0039754166115539835
2024-12-03,8257016.78,-2498349.3380000005,-0.2322886371872367,-11000.0,-0.0013304278755951193
2024-12-04,8251516.78,-2503849.3380000005,-0.23280000983040458,-5500.0,-0.0006661001359864471
2024-12-05,8317516.78,-2437849.3380000005,-0.22666353811238993,66000.0,0.007998529453393521
2024-12-06,8361516.78,-2393849.3380000005,-0.22257255696704684,44000.0,0.005290040424781761
2024-12-09,8301016.78,-2454349.3380000005,-0.2281976560418936,-60500.0,-0.0072355293413642885
2024-12-10,8339516.78,-2415849.3380000005,-0.22461804753971837,38500.0,0.00463798604681287
2024-12-11,8372516.78,-2382849.3380000005,-0.22154981168071106,33000.0,0.0039570638048407325
2024-12-12,8405516.78,-2349849.3380000014,-0.21848157582170383,33000.0,0.003941467167773105
2024-12-13,8418210.808,-2337155.3100000005,-0.2173013251579206,12694.027999999991,0.0015102019699972935
2024-12-16,8407090.808,-2348275.3100000005,-0.21833522766556188,-11120.0,-0.0013209457750134046
2024-12-17,8418210.808,-2337155.3100000005,-0.2173013251579206,11120.0,0.0013226929807179655
2024-12-18,8401530.808,-2353835.3100000005,-0.2188521789193825,-16680.0,-0.001981418662520107
2024-12-19,8479370.808,-2275995.3100000005,-0.21161486136589372,77840.0,0.009264978225858478
2024-12-20,8512730.808,-2242635.3100000005,-0.20851315384296995,33360.0,0.003934254174676077
2024-12-23,8512730.808,-2242635.3100000005,-0.20851315384296995,0.0,0.0
2024-12-24,8484930.808,-2270435.3100000005,-0.21109791011207307,-27800.0,-0.0032656970632589655
2024-12-25,8512730.808,-2242635.3100000005,-0.20851315384296995,27800.0,0.003276396782609936
2024-12-26,8468250.808,-2287115.3100000005,-0.21264876387353496,-44480.0,-0.005225115301214389
2024-12-27,8407090.808,-2348275.3100000005,-0.21833522766556188,-61160.0,-0.00722227073650461
2024-12-30,8401530.808,-2353835.3100000005,-0.2188521789193825,-5560.0,-0.0006613464903589827
2024-12-31,8345930.808,-2409435.3100000005,-0.22402169145758877,-55600.0,-0.006617841589898976
2025-01-02,8340370.808,-2414995.3100000005,-0.22453864271140941,-5560.0,-0.0006661929181908111
2025-01-03,8290330.808,-2465035.3100000005,-0.22919120399579507,-50040.0,-0.005999733243514993
2025-01-06,8290330.808,-2465035.3100000005,-0.22919120399579507,0.0,0.0
2025-01-07,8279210.808,-2476155.3100000005,-0.2302251065034363,-11120.0,-0.0013413216260645955
2025-01-08,8256970.808,-2498395.3100000005,-0.23229291151871884,-22240.0,-0.0026862463724814933
2025-01-09,8268090.808,-2487275.3100000005,-0.23125900901107757,11120.0,0.0013467408640013279
2025-01-10,8279210.808,-2476155.3100000005,-0.2302251065034363,11120.0,0.0013449295923602111
2025-01-13,8262530.808,-2492835.3100000005,-0.2317759602648982,-16680.0,-0.0020146847793611755
2025-01-14,8245850.808,-2509515.3100000005,-0.23332681402636007,-16680.0,-0.002018751928144047
2025-01-15,8201370.808,-2553995.3100000005,-0.2374624240569251,-44480.0,-0.0053942280833951806
2025-01-16,8245850.808,-2509515.3100000005,-0.23332681402636007,44480.0,0.005423483590890843
2025-01-17,8279210.808,-2476155.3100000005,-0.2302251065034363,33360.0,0.004045671062546274
2025-01-20,8206930.808,-2548435.3100000005,-0.23694547280310446,-72280.0,-0.00873030071056502
2025-01-21,8179130.808,-2576235.3100000005,-0.2395302290722076,-27800.0,-0.003387380818770991
2025-01-22,8168010.808,-2587355.3100000005,-0.24056413157984888,-11120.0,-0.0013595576670718534
2025-01-23,8173570.808,-2581795.3100000005,-0.24004718032602823,5560.0,0.0006807042902727822
2025-01-24,8173570.808,-2581795.3100000005,-0.24004718032602823,0.0,0.0
2025-01-27,8179130.808,-2576235.3100000005,-0.2395302290722076,5560.0,0.000680241247137392
2025-02-05,8162450.808,-2592915.3100000005,-0.2410810828336695,-16680.0,-0.0020393365006077246
2025-02-06,8151330.808,-2604035.3100000005,-0.24211498534131076,-11120.0,-0.0013623359284568037
2025-02-07,8140210.808,-2615155.3100000005,-0.243148887848952,-11120.0,-0.0013641944195279532
2025-02-10,8073490.808,-2681875.3100000005,-0.24935230289479954,-66720.0,-0.008196347929273484
2025-02-11,8084610.808,-2670755.3100000005,-0.2483184003871583,11120.0,0.0013773472051248348
2025-02-12,8051250.808,-2704115.3100000005,-0.25142010791008207,-33360.0,-0.004126358187457768
2025-02-13,8095730.808,-2659635.3100000005,-0.24728449787951703,44480.0,0.005524607425693828
2025-02-14,8168010.808,-2587355.3100000005,-0.24056413157984888,72280.0,0.008928162474050483
2025-02-17,8201370.808,-2553995.3100000005,-0.2374624240569251,33360.0,0.004084225741636693
2025-02-18,8156890.808,-2598475.3100000005,-0.24159803408749012,-44480.0,-0.005423483590890954
2025-02-19,8145770.808,-2609595.3100000005,-0.24263193659513138,-11120.0,-0.00136326454058866
2025-02-20,8179130.808,-2576235.3100000005,-0.2395302290722076,33360.0,0.004095376703606268
2025-02-21,8206930.808,-2548435.3100000005,-0.23694547280310446,27800.0,0.003398894167679689
2025-02-24,8245850.808,-2509515.3100000005,-0.23332681402636007,38920.0,0.004742333146279476
2025-02-25,8295890.808,-2459475.3100000005,-0.22867425274197442,50040.0,0.006068506593819523
2025-02-26,8251410.808,-2503955.3100000005,-0.23280986277253946,-44480.0,-0.005361690628462257
2025-02-27,8218050.808,-2537315.3100000005,-0.23591157029546322,-33360.0,-0.0040429449916197235
2025-02-28,8179130.808,-2576235.3100000005,-0.2395302290722076,-38920.0,-0.004735916205593771
2025-03-03,8201370.808,-2553995.3100000005,-0.2374624240569251,22240.0,0.002719115334143707
2025-03-04,8162450.808,-2592915.3100000005,-0.2410810828336695,-38920.0,-0.004745548142029543
2025-03-05,8184690.808,-2570675.3100000005,-0.239013277818387,22240.0,0.0027246718569136075
2025-03-06,8229170.808,-2526195.3100000005,-0.23487766778782196,44480.0,0.005434536385482414
2025-03-07,8229170.808,-2526195.3100000005,-0.23487766778782196,0.0,0.0
2025-03-10,8229170.808,-2526195.3100000005,-0.23487766778782196,0.0,0.0
2025-03-11,8245850.808,-2509515.3100000005,-0.23332681402636007,16680.0,0.002026935688804077
2025-03-12,8251410.808,-2503955.3100000005,-0.23280986277253946,5560.0,0.0006742785104243421
2025-03-13,8234730.808,-2520635.3100000005,-0.23436071653400134,-16680.0,-0.0020214724958098618
2025-03-14,8234730.808,-2520635.3100000005,-0.23436071653400134,0.0,0.0
2025-03-17,8240290.808,-2515075.3100000005,-0.23384376528018072,5560.0,0.0006751890413465578
2025-03-18,8245850.808,-2509515.3100000005,-0.23332681402636007,5560.0,0.0006747334687025042
2025-03-19,8260527.54,-2494838.5780000007,-0.23196221780164977,14676.732,0.0017798929839671906
2025-03-20,8260527.54,-2494838.5780000007,-0.23196221780164977,0.0,0.0
2025-03-21,8285509.5600000005,-2469856.558,-0.2296394684200001,24982.020000000004,0.0030242644769391536
2025-03-24,8442109.56,-2313256.558,-0.21507929461634717,156600.0,0.018900466997952448
2025-03-25,8404309.56,-2351056.558,-0.21859381932757374,-37800.0,-0.004477553830751324
2025-03-26,8544709.56,-2210656.558,-0.20553987040016075,140400.0,0.0167057149665486
2025-03-27,8609509.56,-2145856.558,-0.19951497089520093,64800.0,0.0075836398586730525
2025-03-28,8598709.56,-2156656.558,-0.2005191208126942,-10800.0,-0.001254426854948476
2025-03-31,8739109.56,-2016256.5580000002,-0.18746517188528125,140400.0,0.016328031435451917
2025-04-01,8868709.56,-1886656.5580000002,-0.17541537287536157,129600.0,0.014829886169775763
2025-04-02,8782309.56,-1973056.5580000002,-0.18344857221530803,-86400.0,-0.00974211630400934
2025-04-03,8717509.56,-2037856.5580000002,-0.18947347172026785,-64800.0,-0.007378469132440779
2025-04-07,8717509.56,-2037856.5580000002,-0.18947347172026785,0.0,0.0
2025-04-08,8663509.56,-2091856.5580000002,-0.1944942213077344,-54000.0,-0.006194429685259739
2025-04-09,8701309.56,-2054056.5580000002,-0.19097969659650782,37800.0,0.0043631278684708175
2025-04-10,8717509.56,-2037856.5580000002,-0.18947347172026785,16200.0,0.0018617887213749906
2025-04-11,8739109.56,-2016256.5580000002,-0.18746517188528125,21600.0,0.002477771874103807
2025-04-14,8636509.56,-2118856.558,-0.19700459610146764,-102600.0,-0.0117403265510726
2025-04-15,8679709.56,-2075656.5580000002,-0.19298799643149442,43200.0,0.005002020746909253
2025-04-16,8609509.56,-2145856.558,-0.19951497089520093,-70200.0,-0.008087828229128013
2025-04-17,8666215.368,-2089150.75,-0.19424264381884984,56705.808000000005,0.00658641559136619
2025-04-18,8660575.368,-2094790.75,-0.19476703322020747,-5640.0,-0.0006508031199899955
2025-04-21,8654935.368,-2100430.75,-0.1952914226215651,-5640.0,-0.0006512269405147819
2025-04-22,8711335.368,-2044030.75,-0.19004752860798893,56400.0,0.006516513134058544
2025-04-23,8643655.368,-2111710.75,-0.19634020142428033,-67680.0,-0.007769187746876738
2025-04-24,8638015.368,-2117350.75,-0.19686459082563793,-5640.0,-0.0006525017206123751
2025-04-25,8638015.368,-2117350.75,-0.19686459082563793,0.0,0.0
2025-04-28,8677495.368,-2077870.75,-0.1931938650161346,39480.0,0.004570494299680927
2025-04-29,8587255.368,-2168110.75,-0.20158409543785646,-90240.0,-0.010399314107706448
2025-04-30,8903095.368,-1852270.75,-0.17221828896183,315840.0,0.03678008705516822
2025-05-06,8942575.368,-1812790.75,-0.1685475631523267,39480.0,0.004434412793319131
2025-05-07,9049735.368,-1705630.75,-0.158584164526532,107160.0,0.01198312517258282
2025-05-08,8998975.368,-1756390.75,-0.16330366913875055,-50760.0,-0.005609003792474199
2025-05-09,9038455.368,-1716910.75,-0.15963294332924724,39480.0,0.004387166136756937
2025-05-12,8998975.368,-1756390.75,-0.16330366913875055,-39480.0,-0.004368002981989139
2025-05-13,9015895.368,-1739470.75,-0.1617305009346777,16920.0,0.0018802140586100524
2025-05-14,8863615.368,-1891750.75,-0.1758890147713333,-152280.0,-0.016890169393545262
2025-05-15,8982055.368,-1773310.75,-0.1648768373428234,118440.0,0.013362493190713032
2025-05-16,8959495.368,-1795870.75,-0.16697439494825386,-22560.0,-0.002511674563972721
2025-05-19,8886175.368,-1869190.75,-0.17379145716590286,-73320.0,-0.008183496613198948
2025-05-20,8891815.368,-1863550.75,-0.17326706776454523,5640.0,0.0006346937536603203
2025-05-21,8920015.368,-1835350.75,-0.17064512075775717,28200.0,0.0031714558650741687
2025-05-22,8925655.368,-1829710.75,-0.17012073135639955,5640.0,0.000632285906169372
2025-05-23,8874895.368,-1880470.75,-0.17484023596861809,-50760.0,-0.005686977359890322
2025-05-26,8903095.368,-1852270.75,-0.17221828896183,28200.0,0.003177502249962272
2025-05-27,8897455.368,-1857910.75,-0.17274267836318763,-5640.0,-0.000633487541902733
2025-05-28,8891815.368,-1863550.75,-0.17326706776454523,-5640.0,-0.0006338891027523053
2025-05-29,8903095.368,-1852270.75,-0.17221828896183,11280.0,0.0012685823460296675
2025-05-30,8852335.368,-1903030.75,-0.17693779357404854,-50760.0,-0.005701387877124708
2025-06-03,8824135.368,-1931230.75,-0.17955974058083662,-28200.0,-0.003185600051025972
2025-06-04,8850367.008,-1904999.1100000013,-0.17712080547512246,26231.64,0.002972715048674912
2025-06-05,8850367.008,-1904999.1100000013,-0.17712080547512246,0.0,0.0
2025-06-06,8850367.008,-1904999.1100000013,-0.17712080547512246,0.0,0.0
2025-06-09,8850367.008,-1904999.1100000013,-0.17712080547512246,0.0,0.0
2025-06-10,8850367.008,-1904999.1100000013,-0.17712080547512246,0.0,0.0
2025-06-11,8850367.008,-1904999.1100000013,-0.17712080547512246,0.0,0.0
2025-06-12,8850367.008,-1904999.1100000013,-0.17712080547512246,0.0,0.0
2025-06-13,8850367.008,-1904999.1100000013,-0.17712080547512246,0.0,0.0
2025-06-16,8850367.008,-1904999.1100000013,-0.17712080547512246,0.0,0.0
2025-06-17,8888983.988,-1866382.1300000008,-0.17353032054171125,38616.98000000001,0.004363319618846839
2025-06-18,8917983.988,-1837382.1300000008,-0.1708339920595533,29000.0,0.003262465096027789
2025-06-19,8929583.988,-1825782.1300000008,-0.16975546066669012,11600.0,0.001300742411693978
2025-06-20,8848383.988,-1906982.1300000008,-0.1773051804167324,-81200.0,-0.009093368751458164
2025-06-23,8755583.988,-1999782.1300000008,-0.18593343155963785,-92800.0,-0.01048779077918105
2025-06-24,8790383.988,-1964982.1300000008,-0.1826978373810483,34800.0,0.00397460638236069
2025-06-25,8859983.988,-1895382.1300000008,-0.17622664902386923,69600.0,0.007917742853442267
2025-06-26,8854183.988,-1901182.1300000008,-0.17676591472030082,-5800.0,-0.0006546287225638325
2025-06-27,8801983.988,-1953382.1300000008,-0.18161930598818513,-52200.0,-0.0058955178784115825
2025-06-30,8784583.988,-1970782.1300000008,-0.1832371030774799,-17400.0,-0.0019768270453254244
2025-07-01,8836783.988,-1918582.1300000008,-0.17838371180959559,52200.0,0.005942227892784313
2025-07-02,8848383.988,-1906982.1300000008,-0.1773051804167324,11600.0,0.0013126947558921298
2025-07-03,8830983.988,-1924382.1300000008,-0.17892297750602718,-17400.0,-0.001966460771096412
2025-07-04,8801983.988,-1953382.1300000008,-0.18161930598818513,-29000.0,-0.00328389226380732
2025-07-07,8819383.988,-1935982.1300000008,-0.18000150889889036,17400.0,0.0019768270453255354
2025-07-08,8842583.988,-1912782.1300000008,-0.177844446113164,23200.0,0.0026305692134016567
2025-07-09,8807783.988,-1947582.1300000008,-0.18108004029175354,-34800.0,-0.0039355012117754384
2025-07-10,8865783.988,-1889582.1300000008,-0.17568738332743764,58000.0,0.006585084293509125
2025-07-11,8836783.988,-1918582.1300000008,-0.17838371180959559,-29000.0,-0.003271002320748173
2025-07-14,8801983.988,-1953382.1300000008,-0.18161930598818513,-34800.0,-0.0039380842676767225
2025-07-15,8749783.988,-2005582.1300000008,-0.18647269725606944,-52200.0,-0.005930481135976384
2025-07-16,8743983.988,-2011382.1300000008,-0.18701196295250103,-5800.0,-0.0006628735072722325
2025-07-17,8755583.988,-1999782.1300000008,-0.18593343155963785,11600.0,0.0013266264000391104
2025-07-18,8755583.988,-1999782.1300000008,-0.18593343155963785,0.0,0.0
2025-07-21,8782524.988,-1972841.1300000008,-0.1834285423997131,26941.0,0.003077007774344276
2025-07-22,8670538.388,-2084827.7300000004,-0.19384070306178305,-111986.6,-0.01275107103629225
2025-07-23,8593538.388,-2161827.7300000004,-0.2009999200661335,-77000.0,-0.008880648069855446
2025-07-24,8566038.388,-2189327.7300000004,-0.2035567832819729,-27500.0,-0.003200078798554107
2025-07-25,8604538.388,-2150827.7300000004,-0.1999771747797977,38500.0,0.004494493049895132
2025-07-28,8516538.388,-2238827.7300000004,-0.2081591370704839,-88000.0,-0.010227161066853507
2025-07-29,8483538.388,-2271827.7300000004,-0.21122737292949123,-33000.0,-0.003874813744337513
2025-07-30,8472538.388,-2282827.7300000004,-0.212250118215827,-11000.0,-0.0012966287764500928
2025-07-31,8505538.388,-2249827.7300000004,-0.20918188235681967,33000.0,0.0038949366162495114
2025-08-01,8445038.388,-2310327.7300000004,-0.21480698143166643,-60500.0,-0.007113012397352292
2025-08-04,8511038.388,-2244327.7300000004,-0.20867050971365178,66000.0,0.007815239785503358
2025-08-05,8571538.388,-2183827.7300000004,-0.20304541063880502,60500.0,0.007108415829177872
2025-08-06,8533038.388,-2222327.7300000004,-0.20662501914098025,-38500.0,-0.004491609120470086
2025-08-07,8516538.388,-2238827.7300000004,-0.2081591370704839,-16500.0,-0.0019336605848632171
2025-08-08,8500038.388,-2255327.7300000004,-0.20969325499998756,-16500.0,-0.001937406872168701
2025-08-11,8467038.388,-2288327.7300000004,-0.21276149085899487,-33000.0,-0.0038823354076362726
2025-08-12,8467038.388,-2288327.7300000004,-0.21276149085899487,0.0,0.0
2025-08-13,8424064.066,-2331302.052000001,-0.21675710770072001,-42974.322,-0.00507548448828421
2025-08-14,8401344.066,-2354022.052000001,-0.21886954160122446,-22720.0,-0.002697035518960389
2025-08-15,8395664.066,-2359702.052000001,-0.21939765007635056,-5680.0,-0.0006760822977107672
2025-08-18,8452464.066,-2302902.052000001,-0.21411656532508946,56800.0,0.006765396942217228
2025-08-19,8531984.066,-2223382.052000001,-0.20672304667332395,79520.0,0.009407907490535106
2025-08-20,8463824.066,-2291542.052000001,-0.21306034837483726,-68160.0,-0.007988763161386858
2025-08-21,8469504.066,-2285862.052000001,-0.21253223989971115,5680.0,0.000671091454135686
2025-08-22,8412704.066,-2342662.052000001,-0.21781332465097222,-56800.0,-0.006706413924283727
2025-08-25,8407024.066,-2348342.052000001,-0.21834143312609833,-5680.0,-0.000675169357609473
2025-08-26,8429744.066,-2325622.052000001,-0.2162289992255939,22720.0,0.0027025020770292674
2025-08-27,8418384.066,-2336982.052000001,-0.21728521617584612,-11360.0,-0.0013476091220632203
2025-08-28,8452464.066,-2302902.052000001,-0.21411656532508946,34080.0,0.004048282869112851
2025-08-29,8401344.066,-2354022.052000001,-0.21886954160122446,-51120.0,-0.006047940529629647
2025-09-01,8424064.066,-2331302.052000001,-0.21675710770072001,22720.0,0.002704329190843069
2025-09-02,8424064.066,-2331302.052000001,-0.21675710770072001,0.0,0.0
2025-09-03,8412704.066,-2342662.052000001,-0.21781332465097222,-11360.0,-0.0013485177594801945
2025-09-04,8435424.066,-2319942.052000001,-0.2157008907504678,22720.0,0.002700677430437892
2025-09-05,8412704.066,-2342662.052000001,-0.21781332465097222,-22720.0,-0.002693403416619611
2025-09-08,8429744.066,-2325622.052000001,-0.2162289992255939,17040.0,0.002025508072828419
2025-09-09,8372944.066,-2382422.052000001,-0.22151008397685498,-56800.0,-0.006738045610316212
2025-09-10,8372944.066,-2382422.052000001,-0.22151008397685498,0.0,0.0
2025-09-11,8384304.066,-2371062.052000001,-0.22045386702660277,11360.0,0.0013567509719942805
2025-09-12,8344544.066,-2410822.052000001,-0.22415062635248553,-39760.0,-0.0047421944250847226
2025-09-15,8384304.066,-2371062.052000001,-0.22045386702660277,39760.0,0.004764789985591156
2025-09-16,8367264.066,-2388102.052000001,-0.22203819245198111,-17040.0,-0.002032369039322024
2025-09-17,8342598.666,-2412767.4520000005,-0.2243315035052162,-24665.4,-0.0029478452939266653
2025-09-18,8342598.666,-2412767.4520000005,-0.2243315035052162,0.0,0.0
2025-09-19,8342598.666,-2412767.4520000005,-0.2243315035052162,0.0,0.0
2025-09-22,8342598.666,-2412767.4520000005,-0.2243315035052162,0.0,0.0
2025-09-23,8342598.666,-2412767.4520000005,-0.2243315035052162,0.0,0.0
2025-09-24,8342598.666,-2412767.4520000005,-0.2243315035052162,0.0,0.0
2025-09-25,8342598.666,-2412767.4520000005,-0.2243315035052162,0.0,0.0
2025-09-26,8342598.666,-2412767.4520000005,-0.2243315035052162,0.0,0.0
2025-09-29,8342598.666,-2412767.4520000005,-0.2243315035052162,0.0,0.0
2025-09-30,8342598.666,-2412767.4520000005,-0.2243315035052162,0.0,0.0
2025-10-09,8342598.666,-2412767.4520000005,-0.2243315035052162,0.0,0.0
2025-10-10,8334357.626,-2421008.4920000006,-0.22509772939744388,-8241.040000000008,-0.0009878264950687887
2025-10-13,8340557.626,-2414808.4920000006,-0.22452127296332736,6200.0,0.0007439085623897057
2025-10-14,8303357.626,-2452008.4920000006,-0.2279800115680265,-37200.0,-0.004460133442881098
2025-10-15,8334357.626,-2421008.4920000006,-0.22509772939744388,31000.0,0.0037334294626707454
2025-10-16,8321957.626,-2433408.4920000006,-0.22625064226567693,-12400.0,-0.0014878171247795224
2025-10-17,8328157.626,-2427208.4920000006,-0.2256741858315604,6200.0,0.0007450170114577936
2025-10-20,8297157.626,-2458208.4920000006,-0.22855646800214305,-31000.0,-0.003722311871622086
2025-10-21,8309557.626,-2445808.4920000006,-0.22740355513390997,12400.0,0.0014944876979490207
2025-10-22,8319915.966,-2435450.1520000007,-0.22644046936943152,10358.34,0.0012465573338813485
2025-10-23,8293228.382,-2462137.7360000005,-0.22892179670940332,-26687.584000000003,-0.0032076747059779365
2025-10-24,8262428.382,-2492937.7360000005,-0.23178548351114348,-30800.0,-0.0037138733652686273
2025-10-27,8287068.382,-2468297.7360000005,-0.22949453406975134,24640.0,0.0029821741092097565
2025-10-28,8287068.382,-2468297.7360000005,-0.22949453406975134,0.0,0.0
2025-10-29,8287068.382,-2468297.7360000005,-0.22949453406975134,0.0,0.0
2025-10-30,8256268.382,-2499097.7360000005,-0.23235822087149152,-30800.0,-0.0037166339868631715
2025-10-31,8256268.382,-2499097.7360000005,-0.23235822087149152,0.0,0.0
2025-11-03,8206988.382,-2548377.7360000005,-0.23694011975427579,-49280.0,-0.005968798217296123
2025-11-04,8243948.382,-2511417.7360000005,-0.2335036955921876,36960.0,0.004503479020521395
2025-11-05,8231628.382,-2523737.7360000005,-0.23464917031288365,-12320.0,-0.0014944295414197617
2025-11-06,8225468.382,-2529897.7360000005,-0.2352219076732317,-6160.0,-0.0007483331018039996
2025-11-07,8217205.358,-2538160.7600000007,-0.23599017756840257,-8263.02399999999,-0.0010045657725804569
2025-11-10,8217205.358,-2538160.7600000007,-0.23599017756840257,0.0,0.0
2025-11-11,8217205.358,-2538160.7600000007,-0.23599017756840257,0.0,0.0
2025-11-12,8217205.358,-2538160.7600000007,-0.23599017756840257,0.0,0.0
2025-11-13,8217205.358,-2538160.7600000007,-0.23599017756840257,0.0,0.0
2025-11-14,8217205.358,-2538160.7600000007,-0.23599017756840257,0.0,0.0
2025-11-17,8217205.358,-2538160.7600000007,-0.23599017756840257,0.0,0.0
2025-11-18,8217205.358,-2538160.7600000007,-0.23599017756840257,0.0,0.0
2025-11-19,8217205.358,-2538160.7600000007,-0.23599017756840257,0.0,0.0
2025-11-20,8217205.358,-2538160.7600000007,-0.23599017756840257,0.0,0.0
2025-11-21,8217205.358,-2538160.7600000007,-0.23599017756840257,0.0,0.0
2025-11-24,8217205.358,-2538160.7600000007,-0.23599017756840257,0.0,0.0
2025-11-25,8217205.358,-2538160.7600000007,-0.23599017756840257,0.0,0.0
2025-11-26,8217205.358,-2538160.7600000007,-0.23599017756840257,0.0,0.0
2025-11-27,8217205.358,-2538160.7600000007,-0.23599017756840257,0.0,0.0
2025-11-28,8217205.358,-2538160.7600000007,-0.23599017756840257,0.0,0.0
2025-12-01,8217205.358,-2538160.7600000007,-0.23599017756840257,0.0,0.0
2025-12-02,8217205.358,-2538160.7600000007,-0.23599017756840257,0.0,0.0
2025-12-03,8217205.358,-2538160.7600000007,-0.23599017756840257,0.0,0.0
2025-12-04,8217205.358,-2538160.7600000007,-0.23599017756840257,0.0,0.0
2025-12-05,8217205.358,-2538160.7600000007,-0.23599017756840257,0.0,0.0
2025-12-08,8217205.358,-2538160.7600000007,-0.23599017756840257,0.0,0.0
2025-12-09,8217205.358,-2538160.7600000007,-0.23599017756840257,0.0,0.0
2025-12-10,8217205.358,-2538160.7600000007,-0.23599017756840257,0.0,0.0
2025-12-11,8217205.358,-2538160.7600000007,-0.23599017756840257,0.0,0.0
2025-12-12,8217205.358,-2538160.7600000007,-0.23599017756840257,0.0,0.0
2025-12-15,8217205.358,-2538160.7600000007,-0.23599017756840257,0.0,0.0
2025-12-16,8217205.358,-2538160.7600000007,-0.23599017756840257,0.0,0.0
2025-12-17,8217205.358,-2538160.7600000007,-0.23599017756840257,0.0,0.0
2025-12-18,8268649.916,-2486716.2020000005,-0.23120702491366368,51444.558000000005,0.006260590524236553
2025-12-19,8333989.916,-2421376.2020000005,-0.2251319179128292,65340.0,0.007902136462878406
2025-12-22,8316169.916,-2439196.2020000005,-0.22678876527669314,-17820.0,-0.002138231528908907
2025-12-23,8316169.916,-2439196.2020000005,-0.22678876527669314,0.0,0.0
2025-12-24,8357749.916,-2397616.2020000005,-0.2229227880943439,41580.0,0.004999897839990108
2025-12-25,8429029.916,-2326336.2020000014,-0.2162953986388882,71280.0,0.008528611254991159
2025-12-26,8423089.916,-2332276.2020000014,-0.2168476810935095,-5940.0,-0.0007047074288732968
2025-12-29,8423089.916,-2332276.2020000014,-0.2168476810935095,0.0,0.0
2025-12-30,8446849.916,-2308516.2020000014,-0.21463855127502424,23760.0,0.0028208175665875856
2025-12-31,8444805.368,-2310560.75,-0.21482864689590475,-2044.5480000000025,-0.0002420485767274938
2026-01-05,8444805.368,-2310560.75,-0.21482864689590475,0.0,0.0
2026-01-06,8420269.675999999,-2335096.4420000017,-0.21710989810863093,-24535.691999999995,-0.0029054182933540007
2026-01-07,8435190.86,-2320175.2580000013,-0.2157225735083992,14921.184000000001,0.00177205535857472
2026-01-08,8435190.86,-2320175.2580000013,-0.2157225735083992,0.0,0.0
2026-01-09,8435190.86,-2320175.2580000013,-0.2157225735083992,0.0,0.0
2026-01-12,8435190.86,-2320175.2580000013,-0.2157225735083992,0.0,0.0
2026-01-13,8435190.86,-2320175.2580000013,-0.2157225735083992,0.0,0.0
2026-01-14,8435190.86,-2320175.2580000013,-0.2157225735083992,0.0,0.0
2026-01-15,8435190.86,-2320175.2580000013,-0.2157225735083992,0.0,0.0
2026-01-16,8435190.86,-2320175.2580000013,-0.2157225735083992,0.0,0.0
2026-01-19,8435190.86,-2320175.2580000013,-0.2157225735083992,0.0,0.0
2026-01-20,8435190.86,-2320175.2580000013,-0.2157225735083992,0.0,0.0
2026-01-21,8435190.86,-2320175.2580000013,-0.2157225735083992,0.0,0.0
2026-01-22,8435190.86,-2320175.2580000013,-0.2157225735083992,0.0,0.0
2026-01-23,8435190.86,-2320175.2580000013,-0.2157225735083992,0.0,0.0
2026-01-26,8435190.86,-2320175.2580000013,-0.2157225735083992,0.0,0.0
2026-01-27,8435190.86,-2320175.2580000013,-0.2157225735083992,0.0,0.0
2026-01-28,8435190.86,-2320175.2580000013,-0.2157225735083992,0.0,0.0
2026-01-29,8435190.86,-2320175.2580000013,-0.2157225735083992,0.0,0.0
2026-01-30,8435190.86,-2320175.2580000013,-0.2157225735083992,0.0,0.0
2026-02-02,8435190.86,-2320175.2580000013,-0.2157225735083992,0.0,0.0
2026-02-03,8435190.86,-2320175.2580000013,-0.2157225735083992,0.0,0.0
2026-02-04,8435190.86,-2320175.2580000013,-0.2157225735083992,0.0,0.0
2026-02-05,8435190.86,-2320175.2580000013,-0.2157225735083992,0.0,0.0
2026-02-06,8435190.86,-2320175.2580000013,-0.2157225735083992,0.0,0.0
2026-02-09,8435190.86,-2320175.2580000013,-0.2157225735083992,0.0,0.0
2026-02-10,8435190.86,-2320175.2580000013,-0.2157225735083992,0.0,0.0
2026-02-11,8435190.86,-2320175.2580000013,-0.2157225735083992,0.0,0.0
2026-02-12,8435190.86,-2320175.2580000013,-0.2157225735083992,0.0,0.0
2026-02-13,8435190.86,-2320175.2580000013,-0.2157225735083992,0.0,0.0
2026-02-24,8435190.86,-2320175.2580000013,-0.2157225735083992,0.0,0.0
2026-02-25,8435190.86,-2320175.2580000013,-0.2157225735083992,0.0,0.0
2026-02-26,8435190.86,-2320175.2580000013,-0.2157225735083992,0.0,0.0
2026-02-27,8435190.86,-2320175.2580000013,-0.2157225735083992,0.0,0.0
2026-03-02,8435190.86,-2320175.2580000013,-0.2157225735083992,0.0,0.0
2026-03-03,8435190.86,-2320175.2580000013,-0.2157225735083992,0.0,0.0
2026-03-04,8435190.86,-2320175.2580000013,-0.2157225735083992,0.0,0.0
2026-03-05,8435190.86,-2320175.2580000013,-0.2157225735083992,0.0,0.0
2026-03-06,8435190.86,-2320175.2580000013,-0.2157225735083992,0.0,0.0
2026-03-09,8435190.86,-2320175.2580000013,-0.2157225735083992,0.0,0.0
2026-03-10,8435190.86,-2320175.2580000013,-0.2157225735083992,0.0,0.0
2026-03-11,8435190.86,-2320175.2580000013,-0.2157225735083992,0.0,0.0
2026-03-12,8435190.86,-2320175.2580000013,-0.2157225735083992,0.0,0.0
2026-03-13,8435190.86,-2320175.2580000013,-0.2157225735083992,0.0,0.0
2026-03-16,8435190.86,-2320175.2580000013,-0.2157225735083992,0.0,0.0
2026-03-17,8435190.86,-2320175.2580000013,-0.2157225735083992,0.0,0.0
2026-03-18,8435190.86,-2320175.2580000013,-0.2157225735083992,0.0,0.0
2026-03-19,8435190.86,-2320175.2580000013,-0.2157225735083992,0.0,0.0
2026-03-20,8435190.86,-2320175.2580000013,-0.2157225735083992,0.0,0.0
2026-03-23,8435190.86,-2320175.2580000013,-0.2157225735083992,0.0,0.0
2026-03-24,8435190.86,-2320175.2580000013,-0.2157225735083992,0.0,0.0
2026-03-25,8435190.86,-2320175.2580000013,-0.2157225735083992,0.0,0.0
2026-03-26,8435190.86,-2320175.2580000013,-0.2157225735083992,0.0,0.0
2026-03-27,8435190.86,-2320175.2580000013,-0.2157225735083992,0.0,0.0
2026-03-30,8435190.86,-2320175.2580000013,-0.2157225735083992,0.0,0.0
2026-03-31,8435190.86,-2320175.2580000013,-0.2157225735083992,0.0,0.0
2026-04-01,8435190.86,-2320175.2580000013,-0.2157225735083992,0.0,0.0
2026-04-02,8435190.86,-2320175.2580000013,-0.2157225735083992,0.0,0.0
2026-04-03,8435190.86,-2320175.2580000013,-0.2157225735083992,0.0,0.0
2026-04-07,8435190.86,-2320175.2580000013,-0.2157225735083992,0.0,0.0
2026-04-08,8435190.86,-2320175.2580000013,-0.2157225735083992,0.0,0.0
2026-04-09,8435190.86,-2320175.2580000013,-0.2157225735083992,0.0,0.0
2026-04-10,8435190.86,-2320175.2580000013,-0.2157225735083992,0.0,0.0
2026-04-13,8435190.86,-2320175.2580000013,-0.2157225735083992,0.0,0.0
2026-04-14,8435190.86,-2320175.2580000013,-0.2157225735083992,0.0,0.0
2026-04-15,8435190.86,-2320175.2580000013,-0.2157225735083992,0.0,0.0
2026-04-16,8435190.86,-2320175.2580000013,-0.2157225735083992,0.0,0.0
2026-04-17,8435190.86,-2320175.2580000013,-0.2157225735083992,0.0,0.0
2026-04-20,8435190.86,-2320175.2580000013,-0.2157225735083992,0.0,0.0
2026-04-21,8435190.86,-2320175.2580000013,-0.2157225735083992,0.0,0.0
2026-04-22,8435190.86,-2320175.2580000013,-0.2157225735083992,0.0,0.0
2026-04-23,8435190.86,-2320175.2580000013,-0.2157225735083992,0.0,0.0
2026-04-24,8435190.86,-2320175.2580000013,-0.2157225735083992,0.0,0.0
2026-04-27,8435190.86,-2320175.2580000013,-0.2157225735083992,0.0,0.0
2026-04-28,8435190.86,-2320175.2580000013,-0.2157225735083992,0.0,0.0
2026-04-29,8435190.86,-2320175.2580000013,-0.2157225735083992,0.0,0.0
2026-04-30,8435190.86,-2320175.2580000013,-0.2157225735083992,0.0,0.0
