datetime,balance,drawdown,ddpercent,net_pnl,return
2020-01-03,10000000.0,0.0,0.0,0.0,0.0
2020-01-06,10000000.0,0.0,0.0,0.0,0.0
2020-01-07,10000000.0,0.0,0.0,0.0,0.0
2020-01-08,10000000.0,0.0,0.0,0.0,0.0
2020-01-09,10000000.0,0.0,0.0,0.0,0.0
2020-01-10,10000000.0,0.0,0.0,0.0,0.0
2020-01-13,10000000.0,0.0,0.0,0.0,0.0
2020-01-14,10000000.0,0.0,0.0,0.0,0.0
2020-01-15,10000000.0,0.0,0.0,0.0,0.0
2020-01-16,10000000.0,0.0,0.0,0.0,0.0
2020-01-17,10006447.0,0.0,0.0,6447.0,0.0006447000000000536
2020-01-20,10017647.0,0.0,0.0,11200.0,0.0011192784012148405
2020-01-21,10018473.84,0.0,0.0,826.8399999999999,8.25383445832717e-05
2020-01-22,10018473.84,0.0,0.0,0.0,0.0
2020-01-23,10018473.84,0.0,0.0,0.0,0.0
2020-02-03,9879866.085,-138607.75499999896,-0.013835216542323073,-138607.755,-0.013835216542323114
2020-02-04,9728816.085,-289657.75499999896,-0.028912363262706187,-151050.0,-0.015288668763368207
2020-02-05,9680366.085,-338107.75499999896,-0.03374842919188567,-48450.0,-0.004980050971947203
2020-02-06,9623366.085,-395107.75499999896,-0.039437918520332134,-57000.0,-0.005888207067739182
2020-02-07,9557816.085,-460657.75499999896,-0.045980831248045556,-65550.0,-0.006811545920732742
2020-02-10,9492266.085,-526207.754999999,-0.052523743975758985,-65550.0,-0.006858261282394196
2020-02-11,9577766.085,-440707.75499999896,-0.043989509983089294,85500.0,0.009007332836477255
2020-02-12,9597716.085,-420757.75499999896,-0.04199818871813304,19950.0,0.0020829491786444887
2020-02-13,9546416.085,-472057.75499999896,-0.047118729113734846,-51300.0,-0.005345021622401913
2020-02-14,9509366.085,-509107.75499999896,-0.05081689717722505,-37050.0,-0.003881037623974515
2020-02-17,9449516.085,-568957.754999999,-0.05679086097209383,-59850.0,-0.006293794924396412
2020-02-18,9452366.085,-566107.754999999,-0.0565063865056715,2850.0,0.0003016027460416293
2020-02-19,9500816.085,-517657.75499999896,-0.05167032057649201,48450.0,0.005125700757282914
2020-02-20,9552116.085,-466357.75499999896,-0.046549780180890205,51300.0,0.005399536159950813
2020-02-21,9629066.085,-389407.75499999896,-0.038868969587487485,76950.0,0.00805580662077987
2020-02-24,9634766.085,-383707.75499999896,-0.03830002065464284,5700.0,0.0005919577194386516
2020-02-25,9589166.085,-429307.75499999896,-0.042851612117400004,-45600.0,-0.0047328601024360095
2020-02-26,9549266.085,-469207.75499999896,-0.04683425464731253,-39900.0,-0.00416094576382553
2020-02-27,9517916.085,-500557.75499999896,-0.049963473777958074,-31350.0,-0.0032829748088436528
2020-02-28,9500816.085,-517657.75499999896,-0.05167032057649201,-17100.0,-0.001796611763256628
2020-03-02,9520766.085,-497707.75499999896,-0.04967899931153576,19950.0,0.002099819617758625
2020-03-03,9475166.085,-543307.754999999,-0.054230590774292924,-45600.0,-0.004789530547530507
2020-03-04,9520766.085,-497707.75499999896,-0.04967899931153576,45600.0,0.0048125805490828455
2020-03-05,9552116.085,-466357.75499999896,-0.046549780180890205,31350.0,0.0032928022514271404
2020-03-06,9532166.085,-486307.75499999896,-0.04854110144584646,-19950.0,-0.0020885424572392175
2020-03-09,9537866.085,-480607.75499999896,-0.04797215251300182,5700.0,0.0005979753131839516
2020-03-10,9592016.085,-426457.75499999896,-0.04256713765097768,54150.0,0.005677370547816807
2020-03-11,9651866.085,-366607.75499999896,-0.036593173856108906,59850.0,0.006239564182298762
2020-03-12,9734516.085,-283957.75499999896,-0.028343414329861538,82650.0,0.00856311093338169
2020-03-13,9825716.085,-192757.75499999896,-0.01924023140434721,91200.0,0.009368724567678344
2020-03-16,9859916.085,-158557.75499999896,-0.015826537807279332,34200.0,0.0034806623460461594
2020-03-17,9800066.085,-218407.75499999896,-0.021800501602148113,-59850.0,-0.006070031375931317
2020-03-18,9845666.085,-172807.75499999896,-0.017248910139390946,45600.0,0.004653029847400347
2020-03-19,9925466.085,-93007.75499999896,-0.009283625079565908,79800.0,0.008105089011862354
2020-03-20,10019516.085,0.0,0.0,94050.0,0.009475625546908617
2020-03-23,10036616.085,0.0,0.0,17100.0,0.001706669249785353
2020-03-24,10017487.81,-19128.275000000373,-0.001905849027003046,-19128.274999999994,-0.0019058490270030815
2020-03-25,10008337.81,-28278.275000000373,-0.002817510878219506,-9150.0,-0.0009134026587849231
2020-03-26,10002237.809999999,-34378.275000002235,-0.0034252854456973316,-6100.000000001382,-0.0006094918173032982
2020-03-27,9993087.81,-43528.27500000037,-0.004336947296913606,-9149.999999998614,-0.0009147952861958686
2020-03-30,9986987.81,-49628.27500000037,-0.004944721864391246,-6100.0,-0.0006104219352396356
2020-03-31,9962587.81,-74028.27500000037,-0.007375820134301806,-24400.0,-0.0024431791110797185
2020-04-01,9974787.81,-61828.27500000037,-0.006160270999346526,12200.0,0.0012245814273028621
2020-04-02,9990037.81,-46578.27500000037,-0.004640834580652426,15250.0,0.001528854577208305
2020-04-03,10002237.81,-34378.27500000037,-0.003425285445697146,12200.0,0.0012212165991791757
2020-04-07,10032737.81,-3878.2750000003725,-0.000386412608308946,30500.0,0.0030493176206536354
2020-04-08,10057137.81,0.0,0.0,24400.0,0.0024320380400730812
2020-04-09,10124237.81,0.0,0.0,67100.0,0.00667187834825933
2020-04-10,10212687.81,0.0,0.0,88450.0,0.008736460132597434
2020-04-13,10163887.81,-48800.0,-0.004778369897121138,-48800.0,-0.004778369897121104
2020-04-14,10139487.81,-73200.0,-0.0071675548456817065,-24400.0,-0.002400656171745008
2020-04-15,10118137.81,-94550.0,-0.009258091675672205,-21350.0,-0.0021056290416310297
2020-04-16,10124237.81,-88450.0,-0.008660795438532062,6100.0,0.0006028777344750935
2020-04-17,10093737.81,-118950.0,-0.011647276624232773,-30500.0,-0.0030125724595163605
2020-04-20,10099837.81,-112850.0,-0.011049980387092631,6100.0,0.0006043350951672188
2020-04-21,10115087.81,-97600.0,-0.009556739794242276,15250.0,0.0015099252371062466
2020-04-22,10136437.81,-76250.0,-0.007466202964251777,21350.0,0.002110708320188115
2020-04-23,10112037.81,-100650.0,-0.009855387912812347,-24400.0,-0.002407157273330074
2020-04-24,10112037.81,-100650.0,-0.009855387912812347,0.0,0.0
2020-04-27,10087637.81,-125050.0,-0.012244572861372916,-24400.0,-0.002412965661171662
2020-04-28,10078487.81,-134200.0,-0.013140517217083128,-9150.0,-0.0009070508053857784
2020-04-29,10087637.81,-125050.0,-0.012244572861372916,9150.0,0.0009078742934949258
2020-04-30,10136437.81,-76250.0,-0.007466202964251777,48800.0,0.004837604295390596
2020-05-06,10124237.81,-88450.0,-0.008660795438532062,-12200.0,-0.0012035786366650925
2020-05-07,10136437.81,-76250.0,-0.007466202964251777,12200.0,0.0012050289838065886
2020-05-08,10160837.81,-51850.0,-0.005077018015691209,24400.0,0.002407157273330185
2020-05-11,10163887.81,-48800.0,-0.004778369897121138,3050.0,0.0003001720977180433
2020-05-12,10169987.81,-42700.0,-0.004181073659980996,6100.0,0.0006001640429362798
2020-05-13,10167919.91,-44767.90000000037,-0.00438355708437154,-2067.899999999998,-0.00020333357705371036
2020-05-14,10167919.91,-44767.90000000037,-0.00438355708437154,0.0,0.0
2020-05-15,10167919.91,-44767.90000000037,-0.00438355708437154,0.0,0.0
2020-05-18,10167919.91,-44767.90000000037,-0.00438355708437154,0.0,0.0
2020-05-19,10167919.91,-44767.90000000037,-0.00438355708437154,0.0,0.0
2020-05-20,10167919.91,-44767.90000000037,-0.00438355708437154,0.0,0.0
2020-05-21,10167919.91,-44767.90000000037,-0.00438355708437154,0.0,0.0
2020-05-22,10167919.91,-44767.90000000037,-0.00438355708437154,0.0,0.0
2020-05-25,10151713.955,-60973.85500000045,-0.005970402320562117,-16205.954999999998,-0.001593831889259989
2020-05-26,10177363.955,-35323.85500000045,-0.0034588206020957813,25650.0,0.0025266669366079686
2020-05-27,10141222.82,-71464.99000000022,-0.006997667149878365,-36141.134999999995,-0.003551129266851527
2020-05-28,10141222.82,-71464.99000000022,-0.006997667149878365,0.0,0.0
2020-05-29,10141222.82,-71464.99000000022,-0.006997667149878365,0.0,0.0
2020-06-01,10150432.889,-62254.92100000009,-0.006095840992910963,9210.069,0.000908181307468725
2020-06-02,10153222.889,-59464.92100000009,-0.005822651402481291,2790.0,0.0002748651245232381
2020-06-03,10150432.889,-62254.92100000009,-0.006095840992910963,-2790.0,-0.00027478959444715567
2020-06-04,10153222.889,-59464.92100000009,-0.005822651402481291,2790.0,0.0002748651245232381
2020-06-05,10130902.889,-81784.92100000009,-0.008008168125918664,-22320.0,-0.0021983167555773564
2020-06-08,10119742.889,-92944.92100000009,-0.009100926487637351,-11160.0,-0.0011015799995592879
2020-06-09,10116952.889,-95734.92100000009,-0.009374116078067022,-2790.0,-0.00027569870406818353
2020-06-10,10100212.889,-112474.92100000009,-0.011013253620645052,-16740.0,-0.0016546484088307833
2020-06-11,10100212.889,-112474.92100000009,-0.011013253620645052,0.0,0.0
2020-06-12,10114162.889,-98524.92100000009,-0.009647305668496694,13950.0,0.0013811590065782031
2020-06-15,10083472.889,-129214.92100000009,-0.012652391163223082,-30690.0,-0.0030343588823725787
2020-06-16,10091842.889,-120844.92100000009,-0.011832822391934067,8370.0,0.000830071156251222
2020-06-17,10077892.889,-134794.9210000001,-0.013198770344082424,-13950.0,-0.0013823045159775393
2020-06-18,10103834.588,-108853.222000001,-0.010658626213308384,25941.699,0.0025741193407913254
2020-06-19,10103834.588,-108853.222000001,-0.010658626213308384,0.0,0.0
2020-06-22,10103834.588,-108853.222000001,-0.010658626213308384,0.0,0.0
2020-06-23,10103834.588,-108853.222000001,-0.010658626213308384,0.0,0.0
2020-06-24,10103834.588,-108853.222000001,-0.010658626213308384,0.0,0.0
2020-06-29,10103834.588,-108853.222000001,-0.010658626213308384,0.0,0.0
2020-06-30,10065350.514,-147337.2960000001,-0.014426887293639898,-38484.074,-0.003808858277005611
2020-07-01,10046521.547,-166166.26300000027,-0.016270571086809738,-18828.967,-0.0018706717638705683
2020-07-02,10046521.547,-166166.26300000027,-0.016270571086809738,0.0,0.0
2020-07-03,10046521.547,-166166.26300000027,-0.016270571086809738,0.0,0.0
2020-07-06,10046521.547,-166166.26300000027,-0.016270571086809738,0.0,0.0
2020-07-07,10046521.547,-166166.26300000027,-0.016270571086809738,0.0,0.0
2020-07-08,10046521.547,-166166.26300000027,-0.016270571086809738,0.0,0.0
2020-07-09,10046521.547,-166166.26300000027,-0.016270571086809738,0.0,0.0
2020-07-10,10046521.547,-166166.26300000027,-0.016270571086809738,0.0,0.0
2020-07-13,10046521.547,-166166.26300000027,-0.016270571086809738,0.0,0.0
2020-07-14,10046521.547,-166166.26300000027,-0.016270571086809738,0.0,0.0
2020-07-15,10046521.547,-166166.26300000027,-0.016270571086809738,0.0,0.0
2020-07-16,10046521.547,-166166.26300000027,-0.016270571086809738,0.0,0.0
2020-07-17,10046521.547,-166166.26300000027,-0.016270571086809738,0.0,0.0
2020-07-20,10046521.547,-166166.26300000027,-0.016270571086809738,0.0,0.0
2020-07-21,10046521.547,-166166.26300000027,-0.016270571086809738,0.0,0.0
2020-07-22,9996865.317,-215822.49300000072,-0.02113278081296805,-49656.229999999996,-0.004942629124687237
2020-07-23,9923345.572,-289342.2379999999,-0.028331644262804493,-73519.745,-0.007354279833597044
2020-07-24,9923345.572,-289342.2379999999,-0.028331644262804493,0.0,0.0
2020-07-27,9897453.132,-315234.67800000124,-0.03086696507958772,-25892.440000000002,-0.002609245018440176
2020-07-28,9871570.8,-341117.0099999998,-0.03340129614713051,-25882.332,-0.0026150497158018426
2020-07-29,9871570.8,-341117.0099999998,-0.03340129614713051,0.0,0.0
2020-07-30,9871570.8,-341117.0099999998,-0.03340129614713051,0.0,0.0
2020-07-31,9871570.8,-341117.0099999998,-0.03340129614713051,0.0,0.0
2020-08-03,9871570.8,-341117.0099999998,-0.03340129614713051,0.0,0.0
2020-08-04,9916415.6,-296272.2100000009,-0.029010209213474514,44844.8,0.004542823113824923
2020-08-05,9900815.6,-311872.2100000009,-0.030537720901898487,-15600.0,-0.0015731490721304642
2020-08-06,9883259.88,-329427.9299999997,-0.032256731638994424,-17555.72,-0.0017731589708628315
2020-08-07,9883259.88,-329427.9299999997,-0.032256731638994424,0.0,0.0
2020-08-10,9883259.88,-329427.9299999997,-0.032256731638994424,0.0,0.0
2020-08-11,9883259.88,-329427.9299999997,-0.032256731638994424,0.0,0.0
2020-08-12,9883259.88,-329427.9299999997,-0.032256731638994424,0.0,0.0
2020-08-13,9883259.88,-329427.9299999997,-0.032256731638994424,0.0,0.0
2020-08-14,9883259.88,-329427.9299999997,-0.032256731638994424,0.0,0.0
2020-08-17,9883259.88,-329427.9299999997,-0.032256731638994424,0.0,0.0
2020-08-18,9883259.88,-329427.9299999997,-0.032256731638994424,0.0,0.0
2020-08-19,9883259.88,-329427.9299999997,-0.032256731638994424,0.0,0.0
2020-08-20,9883259.88,-329427.9299999997,-0.032256731638994424,0.0,0.0
2020-08-21,9883259.88,-329427.9299999997,-0.032256731638994424,0.0,0.0
2020-08-24,9883259.88,-329427.9299999997,-0.032256731638994424,0.0,0.0
2020-08-25,9883259.88,-329427.9299999997,-0.032256731638994424,0.0,0.0
2020-08-26,9883259.88,-329427.9299999997,-0.032256731638994424,0.0,0.0
2020-08-27,9883259.88,-329427.9299999997,-0.032256731638994424,0.0,0.0
2020-08-28,9883259.88,-329427.9299999997,-0.032256731638994424,0.0,0.0
2020-08-31,9883259.88,-329427.9299999997,-0.032256731638994424,0.0,0.0
2020-09-01,9883259.88,-329427.9299999997,-0.032256731638994424,0.0,0.0
2020-09-02,9883259.88,-329427.9299999997,-0.032256731638994424,0.0,0.0
2020-09-03,9883259.88,-329427.9299999997,-0.032256731638994424,0.0,0.0
2020-09-04,9883259.88,-329427.9299999997,-0.032256731638994424,0.0,0.0
2020-09-07,9883259.88,-329427.9299999997,-0.032256731638994424,0.0,0.0
2020-09-08,9883259.88,-329427.9299999997,-0.032256731638994424,0.0,0.0
2020-09-09,9883259.88,-329427.9299999997,-0.032256731638994424,0.0,0.0
2020-09-10,9883259.88,-329427.9299999997,-0.032256731638994424,0.0,0.0
2020-09-11,9883259.88,-329427.9299999997,-0.032256731638994424,0.0,0.0
2020-09-14,9883259.88,-329427.9299999997,-0.032256731638994424,0.0,0.0
2020-09-15,9883259.88,-329427.9299999997,-0.032256731638994424,0.0,0.0
2020-09-16,9883259.88,-329427.9299999997,-0.032256731638994424,0.0,0.0
2020-09-17,9883259.88,-329427.9299999997,-0.032256731638994424,0.0,0.0
2020-09-18,9883259.88,-329427.9299999997,-0.032256731638994424,0.0,0.0
2020-09-21,9883259.88,-329427.9299999997,-0.032256731638994424,0.0,0.0
2020-09-22,9883259.88,-329427.9299999997,-0.032256731638994424,0.0,0.0
2020-09-23,9883259.88,-329427.9299999997,-0.032256731638994424,0.0,0.0
2020-09-24,9883259.88,-329427.9299999997,-0.032256731638994424,0.0,0.0
2020-09-25,9883259.88,-329427.9299999997,-0.032256731638994424,0.0,0.0
2020-09-28,9883259.88,-329427.9299999997,-0.032256731638994424,0.0,0.0
2020-09-29,9883259.88,-329427.9299999997,-0.032256731638994424,0.0,0.0
2020-09-30,9883259.88,-329427.9299999997,-0.032256731638994424,0.0,0.0
2020-10-09,9883259.88,-329427.9299999997,-0.032256731638994424,0.0,0.0
2020-10-12,9870280.98,-342406.8300000001,-0.03352759198853843,-12978.9,-0.0013132205524883922
2020-10-13,9854549.055,-358138.7550000008,-0.035068021432058324,-15731.925,-0.0015938679994903504
2020-10-14,9854549.055,-358138.7550000008,-0.035068021432058324,0.0,0.0
2020-10-15,9854549.055,-358138.7550000008,-0.035068021432058324,0.0,0.0
2020-10-16,9854549.055,-358138.7550000008,-0.035068021432058324,0.0,0.0
2020-10-19,9854549.055,-358138.7550000008,-0.035068021432058324,0.0,0.0
2020-10-20,9854549.055,-358138.7550000008,-0.035068021432058324,0.0,0.0
2020-10-21,9854549.055,-358138.7550000008,-0.035068021432058324,0.0,0.0
2020-10-22,9854549.055,-358138.7550000008,-0.035068021432058324,0.0,0.0
2020-10-23,9854549.055,-358138.7550000008,-0.035068021432058324,0.0,0.0
2020-10-26,9854549.055,-358138.7550000008,-0.035068021432058324,0.0,0.0
2020-10-27,9854549.055,-358138.7550000008,-0.035068021432058324,0.0,0.0
2020-10-28,9854549.055,-358138.7550000008,-0.035068021432058324,0.0,0.0
2020-10-29,9854549.055,-358138.7550000008,-0.035068021432058324,0.0,0.0
2020-10-30,9854549.055,-358138.7550000008,-0.035068021432058324,0.0,0.0
2020-11-02,9854549.055,-358138.7550000008,-0.035068021432058324,0.0,0.0
2020-11-03,9854549.055,-358138.7550000008,-0.035068021432058324,0.0,0.0
2020-11-04,9854549.055,-358138.7550000008,-0.035068021432058324,0.0,0.0
2020-11-05,9854549.055,-358138.7550000008,-0.035068021432058324,0.0,0.0
2020-11-06,9854549.055,-358138.7550000008,-0.035068021432058324,0.0,0.0
2020-11-09,9854549.055,-358138.7550000008,-0.035068021432058324,0.0,0.0
2020-11-10,9854549.055,-358138.7550000008,-0.035068021432058324,0.0,0.0
2020-11-11,9854549.055,-358138.7550000008,-0.035068021432058324,0.0,0.0
2020-11-12,9854549.055,-358138.7550000008,-0.035068021432058324,0.0,0.0
2020-11-13,9854549.055,-358138.7550000008,-0.035068021432058324,0.0,0.0
2020-11-16,9854549.055,-358138.7550000008,-0.035068021432058324,0.0,0.0
2020-11-17,9854549.055,-358138.7550000008,-0.035068021432058324,0.0,0.0
2020-11-18,9854549.055,-358138.7550000008,-0.035068021432058324,0.0,0.0
2020-11-19,9854549.055,-358138.7550000008,-0.035068021432058324,0.0,0.0
2020-11-20,9854549.055,-358138.7550000008,-0.035068021432058324,0.0,0.0
2020-11-23,9854549.055,-358138.7550000008,-0.035068021432058324,0.0,0.0
2020-11-24,9854549.055,-358138.7550000008,-0.035068021432058324,0.0,0.0
2020-11-25,9854549.055,-358138.7550000008,-0.035068021432058324,0.0,0.0
2020-11-26,9854549.055,-358138.7550000008,-0.035068021432058324,0.0,0.0
2020-11-27,9854549.055,-358138.7550000008,-0.035068021432058324,0.0,0.0
2020-11-30,9854549.055,-358138.7550000008,-0.035068021432058324,0.0,0.0
2020-12-01,9854549.055,-358138.7550000008,-0.035068021432058324,0.0,0.0
2020-12-02,9854549.055,-358138.7550000008,-0.035068021432058324,0.0,0.0
2020-12-03,9854549.055,-358138.7550000008,-0.035068021432058324,0.0,0.0
2020-12-04,9839676.903,-373010.90699999966,-0.036524264125136284,-14872.152000000002,-0.0015091661644783816
2020-12-07,9790656.903,-422030.90699999966,-0.04132417585376084,-49020.0,-0.004981870897107887
2020-12-08,9724122.573,-488565.23699999973,-0.04783904551763633,-66534.33,-0.006795696209067725
2020-12-09,9724122.573,-488565.23699999973,-0.04783904551763633,0.0,0.0
2020-12-10,9724122.573,-488565.23699999973,-0.04783904551763633,0.0,0.0
2020-12-11,9724122.573,-488565.23699999973,-0.04783904551763633,0.0,0.0
2020-12-14,9690040.278,-522647.53199999966,-0.051176295772816696,-34082.294999999984,-0.0035049223972796195
2020-12-15,9727090.278,-485597.53199999966,-0.04754845551280977,37050.0,0.0038235135187330016
2020-12-16,9744380.278,-468307.53199999966,-0.0458554633914732,17290.0,0.0017775099753216672
2020-12-17,9732030.278,-480657.53199999966,-0.04706474347814218,-12350.0,-0.0012673971712580112
2020-12-18,9709800.278,-502887.53199999966,-0.04924144763414633,-22230.0,-0.0022842099094423363
2020-12-21,9732030.278,-480657.53199999966,-0.04706474347814218,22230.0,0.002289439469766119
2020-12-22,9811070.278,-401617.53199999966,-0.039325350923460727,79040.0,0.008121635233572677
2020-12-23,9813540.278,-399147.53199999966,-0.039083494906126934,2470.0,0.0002517564271797834
2020-12-24,9761670.278,-451017.53199999966,-0.04416247127013664,-51870.0,-0.00528555429851163
2020-12-25,9774020.278,-438667.53199999966,-0.04295319118346766,12350.0,0.0012651523405613485
2020-12-28,9754260.278,-458427.53199999966,-0.04488803932213802,-19760.0,-0.0020216860041182283
2020-12-29,9766610.278,-446077.53199999966,-0.043678759235469045,12350.0,0.001266113436387828
2020-12-30,9741910.278,-470777.53199999966,-0.046097319408807,-24700.0,-0.0025290248404442606
2020-12-31,9781430.278,-431257.53199999966,-0.042227623131466274,39520.0,0.004056699237853456
2021-01-04,9751790.278,-460897.53199999966,-0.045129895339471815,-29640.0,-0.003030231689803542
2021-01-05,9778960.278,-433727.53199999966,-0.04246947914880007,27170.0,0.00278615507772928
2021-01-06,9786370.278,-426317.53199999966,-0.04174391109679868,7410.0,0.0007577492687715903
2021-01-07,9783900.278,-428787.53199999966,-0.041985767114132475,-2470.0,-0.000252391839858368
2021-01-08,9818480.278,-394207.53199999966,-0.03859978287145934,34580.0,0.0035343778061349695
2021-01-11,9778960.278,-433727.53199999966,-0.04246947914880007,-39520.0,-0.004025062828567405
2021-01-12,9769080.278,-443607.53199999966,-0.04343690321813525,-9880.0,-0.0010103323583620094
2021-01-13,9771550.278,-441137.53199999966,-0.04319504720080145,2470.0,0.0002528385405493605
2021-01-14,9766610.278,-446077.53199999966,-0.043678759235469045,-4940.0,-0.0005055492587621169
2021-01-15,9759200.278,-453487.53199999966,-0.04440432728747043,-7410.0,-0.0007587074521332449
2021-01-18,9769080.278,-443607.53199999966,-0.04343690321813525,9880.0,0.0010123780349371447
2021-01-19,9734500.278,-478187.53199999966,-0.046822887460808385,-34580.0,-0.0035397395676923793
2021-01-20,9759200.278,-453487.53199999966,-0.04440432728747043,24700.0,0.0025373670239470236
2021-01-21,9781430.278,-431257.53199999966,-0.042227623131466274,22230.0,0.002277850578608742
2021-01-22,9736970.278,-475717.53199999966,-0.046581031443474585,-44460.0,-0.0045453475347053685
2021-01-25,9722150.278,-490537.53199999966,-0.04803216754747736,-14820.0,-0.0015220340184753933
2021-01-26,9685100.278,-527587.5319999997,-0.05166000780748429,-37050.0,-0.003810885343321524
2021-01-27,9665340.278,-547347.5319999997,-0.05359485594615465,-19760.0,-0.002040247331758227
2021-01-28,9588770.278,-623917.5319999997,-0.0610923924835023,-76570.0,-0.007922121497810797
2021-01-29,9620880.278,-591807.5319999997,-0.05794826425816297,32110.0,0.003348708861413918
2021-02-01,9620880.278,-591807.5319999997,-0.05794826425816297,0.0,0.0
2021-02-02,9618410.278,-594277.5319999997,-0.05819012027549676,-2470.0,-0.00025673326438202526
2021-02-03,9613470.278,-599217.5319999997,-0.058673832310164355,-4940.0,-0.0005135983865545146
2021-02-04,9650520.278,-562167.5319999997,-0.05504599205015742,37050.0,0.003853967290540883
2021-02-05,9687570.278,-525117.5319999997,-0.051418151790150496,37050.0,0.0038391712501202324
2021-02-08,9648050.278,-564637.5319999997,-0.05528784806749122,-39520.0,-0.00407945427655354
2021-02-09,9687570.278,-525117.5319999997,-0.051418151790150496,39520.0,0.004096164391899526
2021-02-10,9665340.278,-547347.5319999997,-0.05359485594615465,-22230.0,-0.002294693030561401
2021-02-18,9638170.278,-574517.5319999997,-0.0562552721368264,-27170.0,-0.002811075370190874
2021-02-19,9655460.278,-557227.5319999997,-0.054562280015489836,17290.0,0.0017939089579550593
2021-02-22,9660400.278,-552287.5319999997,-0.054078567980822244,4940.0,0.0005116276032179901
2021-02-23,9645580.278,-567107.5319999997,-0.055529704084825014,-14820.0,-0.0015340979228107843
2021-02-24,9672750.278,-539937.5319999997,-0.052869287894153266,27170.0,0.002816834157916892
2021-02-25,9677690.278,-534997.5319999997,-0.052385575859485674,4940.0,0.0005107130710524377
2021-02-26,9665340.278,-547347.5319999997,-0.05359485594615465,-12350.0,-0.0012761309408790833
2021-03-01,9628290.278,-584397.5319999997,-0.057222696206161584,-37050.0,-0.0038332845957148587
2021-03-02,9648050.278,-564637.5319999997,-0.05528784806749122,19760.0,0.0020522854452311723
2021-03-03,9611000.278,-601687.5319999997,-0.05891568832749815,-37050.0,-0.003840154117405792
2021-03-04,9573950.278,-638737.5319999997,-0.06254352858750507,-37050.0,-0.003854957749279131
2021-03-05,9566540.278,-646147.5319999997,-0.06326909663950646,-7410.0,-0.000773975191518117
2021-03-08,9569010.278,-643677.5319999997,-0.06302724062217267,2470.0,0.0002581915643715682
2021-03-09,9502320.278,-710367.5319999997,-0.06955735309018514,-66690.0,-0.006969372804763951
2021-03-10,9539370.278,-673317.5319999997,-0.06592951283017821,37050.0,0.0038990476974112287
2021-03-11,9591240.278,-621447.5319999997,-0.06085053646616851,51870.0,0.0054374658377214224
2021-03-12,9625820.278,-586867.5319999997,-0.05746455222349538,34580.0,0.003605373131910561
2021-03-15,9648050.278,-564637.5319999997,-0.05528784806749122,22230.0,0.0023094135728678467
2021-03-16,9623350.278,-589337.5319999997,-0.05770640824082917,-24700.0,-0.0025601027449372316
2021-03-17,9645580.278,-567107.5319999997,-0.055529704084825014,22230.0,0.0023100063239742674
2021-03-18,9630760.278,-581927.5319999997,-0.056980840188827785,-14820.0,-0.0015364549952273654
2021-03-19,9640640.278,-572047.5319999997,-0.05601341611949261,9880.0,0.001025879547907449
2021-03-22,9571480.278,-641207.5319999997,-0.06278538460483887,-69160.0,-0.007173797383336011
2021-03-23,9559130.278,-653557.5319999997,-0.06399466469150784,-12350.0,-0.0012902915370767154
2021-03-24,9660400.278,-552287.5319999997,-0.054078567980822244,101270.0,0.01059406003002894
2021-03-25,9648050.278,-564637.5319999997,-0.05528784806749122,-12350.0,-0.001278414935675598
2021-03-26,9729560.278,-483127.53199999966,-0.04730659949547598,81510.0,0.008448339058292786
2021-03-29,9690040.278,-522647.53199999966,-0.051176295772816696,-39520.0,-0.004061848518412514
2021-03-30,9618410.278,-594277.5319999997,-0.05819012027549676,-71630.0,-0.007392126136217092
2021-03-31,9672750.278,-539937.5319999997,-0.052869287894153266,54340.0,0.005649582252099439
2021-04-01,9633230.278,-579457.5319999997,-0.05673898417149399,-39520.0,-0.004085704568418946
2021-04-02,9556660.278,-656027.5319999997,-0.06423652070884164,-76570.0,-0.007948527938221095
2021-04-06,9533300.097,-679387.7130000014,-0.06652388926789307,-23360.180999999997,-0.0024443875078178356
2021-04-07,9502100.097,-710587.7130000014,-0.069578912644741,-31200.0,-0.0032727386825699423
2021-04-08,9517700.097,-694987.7130000014,-0.06805140095631704,15600.0,0.0016417423349313065
2021-04-09,9504050.097,-708637.7130000014,-0.06938797368368801,-13650.0,-0.0014341700054514295
2021-04-12,9472850.097,-739837.7130000014,-0.07244299706053595,-31200.0,-0.0032828109786424697
2021-04-13,9517700.097,-694987.7130000014,-0.06805140095631704,44850.0,0.0047345835245724555
2021-04-14,9527450.097,-685237.7130000014,-0.06709670615105205,9750.0,0.0010244071467511162
2021-04-15,9531350.097,-681337.7130000014,-0.06671482822894606,3900.0,0.0004093435242686905
2021-04-16,9496250.097,-716437.7130000014,-0.0701517295279,-35100.0,-0.003682584276392009
2021-04-19,9439700.097,-772987.7130000014,-0.0756889593984369,-56550.0,-0.005954982169000034
2021-04-20,9474800.097,-737887.7130000014,-0.07225205809948296,35100.0,0.0037183384683117104
2021-04-21,9474800.097,-737887.7130000014,-0.07225205809948296,0.0,0.0
2021-04-22,9433850.097,-778837.7130000014,-0.07626177628159587,-40950.0,-0.004321990921261287
2021-04-23,9414350.097,-798337.7130000014,-0.07817116589212585,-19500.0,-0.002067024576339338
2021-04-26,9359750.097,-852937.7130000014,-0.08351745680160974,-54600.0,-0.0057996568469871335
2021-04-27,9379250.097,-833437.7130000014,-0.08160806719107977,19500.0,0.0020833889578153464
2021-04-28,9381200.097,-831487.7130000014,-0.08141712823002678,1950.0,0.00020790574724349753
2021-04-29,9394850.097,-817837.7130000014,-0.0800805555026558,13650.0,0.0014550377199997744
2021-04-30,9381200.097,-831487.7130000014,-0.08141712823002678,-13650.0,-0.0014529236612682572
2021-05-06,9420200.097,-792487.7130000014,-0.07759834900896685,39000.0,0.00415725062857053
2021-05-07,9387050.097,-825637.7130000014,-0.08084431134686779,-33150.0,-0.0035190335299307707
2021-05-10,9410450.097,-802237.7130000014,-0.07855304381423184,23400.0,0.0024927959005436318
2021-05-11,9359750.097,-852937.7130000014,-0.08351745680160974,-50700.0,-0.00538762752869415
2021-05-12,9379250.097,-833437.7130000014,-0.08160806719107977,19500.0,0.0020833889578153464
2021-05-13,9420200.097,-792487.7130000014,-0.07759834900896685,40950.0,0.00436602069211256
2021-05-14,9373400.097,-839287.7130000014,-0.08218088407423876,-46800.0,-0.004968047336372794
2021-05-17,9507950.097,-704737.7130000014,-0.06900609576158202,134550.0,0.014354449677557612
2021-05-18,9509900.097,-702787.7130000014,-0.06881515680052902,1950.0,0.00020509152657566254
2021-05-19,9416300.097,-796387.7130000014,-0.07798022693107284,-93600.0,-0.00984237468798721
2021-05-20,9414350.097,-798337.7130000014,-0.07817116589212585,-1950.0,-0.00020708770747668304
2021-05-21,9418250.097,-794437.7130000014,-0.07778928797001985,3900.0,0.0004142612033561921
2021-05-24,9396800.097,-815887.7130000014,-0.0798896165416028,-21450.0,-0.002277493141409792
2021-05-25,9373400.097,-839287.7130000014,-0.08218088407423876,-23400.0,-0.0024902094072928316
2021-05-26,9361700.097,-850987.7130000014,-0.08332651784055674,-11700.0,-0.0012482130154397586
2021-05-27,9365600.097,-847087.7130000014,-0.08294463991845075,3900.0,0.00041659099945423606
2021-05-28,9365600.097,-847087.7130000014,-0.08294463991845075,0.0,0.0
2021-05-31,9408500.097,-804187.7130000014,-0.07874398277528483,42900.0,0.004580592760280444
2021-06-01,9361700.097,-850987.7130000014,-0.08332651784055674,-46800.0,-0.004974225383164166
2021-06-02,9369500.097,-843187.7130000014,-0.08256276199634476,7800.0,0.0008331819989084721
2021-06-03,9371450.097,-841237.7130000014,-0.08237182303529175,1950.0,0.00020812209614295973
2021-06-04,9390950.097,-821737.7130000014,-0.0804624334247618,19500.0,0.002080787903490311
2021-06-07,9361700.097,-850987.7130000014,-0.08332651784055674,-29250.0,-0.0031147008234388984
2021-06-08,9367550.097,-845137.7130000014,-0.08275370095739776,5850.0,0.0006248864991813541
2021-06-09,9350000.097,-862687.7130000014,-0.08447215160687471,-17550.0,-0.0018734887796992838
2021-06-10,9377300.097,-835387.7130000014,-0.08179900615213277,27300.0,0.002919786065965768
2021-06-11,9412400.097,-800287.7130000014,-0.07836210485317884,35100.0,0.00374308165857129
2021-06-15,9406550.097,-806137.7130000014,-0.07893492173633783,-5850.0,-0.0006215205409579871
2021-06-16,9371450.097,-841237.7130000014,-0.08237182303529175,-35100.0,-0.003731442413855257
2021-06-17,9389000.097,-823687.7130000014,-0.0806533723858148,17550.0,0.001872709113141191
2021-06-18,9373400.097,-839287.7130000014,-0.08218088407423876,-15600.0,-0.001661518781428506
2021-06-21,9295400.097,-917287.7130000014,-0.08981844251635861,-78000.0,-0.008321420102931909
2021-06-22,9277850.097,-934837.7130000014,-0.09153689316583558,-17550.0,-0.0018880306191084717
2021-06-23,9285650.097,-927037.7130000014,-0.09077313732162359,7800.0,0.0008407120096198817
2021-06-24,9297350.097,-915337.7130000014,-0.08962750355530562,11700.0,0.0012600087099750024
2021-06-25,9330500.097,-882187.7130000014,-0.08638154121740468,33150.0,0.003565532076790001
2021-06-28,9307100.097,-905587.7130000014,-0.08867280875004063,-23400.0,-0.002507904159126828
2021-06-29,9270050.097,-942637.7130000014,-0.09230064901004756,-37050.0,-0.003980831796570272
2021-06-30,9301250.097,-911437.7130000014,-0.08924562563319963,31200.0,0.003365677604061368
2021-07-01,9297350.097,-915337.7130000014,-0.08962750355530562,-3900.0,-0.0004192984770141628
2021-07-02,9293450.097,-919237.7130000014,-0.09000938147741161,-3900.0,-0.00041947436197531385
2021-07-05,9303200.097,-909487.7130000014,-0.08905468667214662,9750.0,0.0010491259863920632
2021-07-06,9219350.097,-993337.7130000014,-0.09726506199742548,-83850.0,-0.009013027681414654
2021-07-07,9266150.097,-946537.7130000014,-0.09268252693215356,46800.0,0.005076279727703303
2021-07-08,9221300.097,-991387.7130000014,-0.09707412303637247,-44850.0,-0.004840197874036223
2021-07-09,9234950.097,-977737.7130000014,-0.0957375503090015,13650.0,0.0014802684932073706
2021-07-12,9264200.097,-948487.7130000014,-0.09287346589320655,29250.0,0.003167315436766849
2021-07-13,9266150.097,-946537.7130000014,-0.09268252693215356,1950.0,0.0002104876815680612
2021-07-14,9256400.097,-956287.7130000014,-0.09363722173741854,-9750.0,-0.001052216929138261
2021-07-15,9250550.097,-962137.7130000014,-0.09421003862057753,-5850.0,-0.0006319951534826673
2021-07-16,9248600.097,-964087.7130000014,-0.09440097758163052,-1950.0,-0.00021079827464876022
2021-07-19,9272000.097,-940687.7130000014,-0.09210971004899457,23400.0,0.0025301126391648054
2021-07-20,9248600.097,-964087.7130000014,-0.09440097758163052,-23400.0,-0.0025237273247625813
2021-07-21,9186200.097,-1026487.7130000014,-0.10051102433532641,-62400.0,-0.0067469670377726665
2021-07-22,9088700.097,-1123987.7130000014,-0.11005797238797622,-97500.0,-0.010613746594943185
2021-07-23,9108200.097,-1104487.7130000014,-0.10814858277744625,19500.0,0.002145521338792644
2021-07-26,9063350.097,-1149337.7130000014,-0.11254017888166518,-44850.0,-0.004924134244127187
2021-07-27,9026300.097,-1186387.7130000014,-0.1161680191416721,-37050.0,-0.004087892402199422
2021-07-28,9092600.097,-1120087.7130000014,-0.10967609446587023,66300.0,0.007345202274189333
2021-07-29,9125750.097,-1086937.7130000014,-0.10643013212796928,33150.0,0.00364582183823714
2021-07-30,9090650.097,-1122037.7130000014,-0.10986703342692322,-35100.0,-0.003846259170688704
2021-08-02,9147200.097,-1065487.7130000014,-0.10432980355638632,56550.0,0.006220677222926296
2021-08-03,9192050.097,-1020637.7130000014,-0.09993820745216742,44850.0,0.004903139706620152
2021-08-04,9108200.097,-1104487.7130000014,-0.10814858277744625,-83850.0,-0.009122012947619385
2021-08-05,9102350.097,-1110337.7130000014,-0.10872139966060525,-5850.0,-0.0006422783796687925
2021-08-06,9123800.097,-1088887.7130000014,-0.10662107108902229,21450.0,0.002356534276468869
2021-08-09,9145250.097,-1067437.7130000014,-0.10452074251743933,21450.0,0.0023509940783394967
2021-08-10,9049700.097,-1162987.7130000014,-0.11387675160903614,-95550.0,-0.010448046689433221
2021-08-11,8991200.097,-1221487.7130000014,-0.11960492044062604,-58500.0,-0.006464302614778705
2021-08-12,9055550.097,-1157137.7130000014,-0.11330393472587716,64350.0,0.007156997876342608
2021-08-13,9085852.998,-1126834.8120000008,-0.11033675296493772,30302.901000000013,0.003346334642888138
2021-08-16,9078532.998,-1134154.8120000008,-0.11105350844950589,-7320.0,-0.0008056480774685237
2021-08-17,9084022.998,-1128664.8120000008,-0.11051594183607977,5490.0,0.0006047232522268242
2021-08-18,9095002.998,-1117684.8120000008,-0.1094408086092275,10980.0,0.0012087155660456261
2021-08-19,9056572.998,-1156114.8120000008,-0.1132037749032104,-38430.0,-0.004225397177818446
2021-08-20,9067552.998,-1145134.8120000008,-0.11212864167635815,10980.0,0.0012123791198308531
2021-08-23,9105982.998,-1106704.8120000008,-0.10836567538237525,38430.0,0.004238188628009842
2021-08-24,9142582.998,-1070104.8120000008,-0.1047818979595344,36600.0,0.004019335420243797
2021-08-25,9126112.998,-1086574.8120000008,-0.10639459779981278,-16470.0,-0.0018014602660542112
2021-08-26,9080362.998,-1132324.8120000008,-0.11087431957836384,-45750.0,-0.005013087171945596
2021-08-27,9144412.998,-1068274.8120000008,-0.10460270908839235,64050.0,0.007053682767319769
2021-08-30,9146242.998,-1066444.8120000008,-0.1044235202172503,1830.0,0.00020012219487464122
2021-08-31,9140752.998,-1071934.8120000008,-0.10496108683067644,-5490.0,-0.0006002464619845327
2021-09-01,9124282.998,-1088404.8120000008,-0.10657378667095482,-16470.0,-0.001801820922587405
2021-09-02,9170032.998,-1042654.8120000008,-0.10209406489240376,45750.0,0.005014092615280408
2021-09-03,9265192.998,-947494.8120000008,-0.09277624359301753,95160.0,0.010377279996784505
2021-09-06,9320092.998,-892594.8120000008,-0.08740057745875626,54900.0,0.005925402742484875
2021-09-07,9285322.998,-927364.8120000008,-0.09080516601045507,-34770.0,-0.0037306494696417447
2021-09-08,9283492.998,-929194.8120000008,-0.0909843548815971,-1830.0,-0.00019708522798767003
2021-09-09,9345712.998,-866974.8120000008,-0.08489193326276766,62220.0,0.006702218659873527
2021-09-10,9340222.998,-872464.8120000008,-0.08542949987619379,-5490.0,-0.0005874351160981561
2021-09-13,9444532.998,-768154.8120000008,-0.07521573422109736,104310.0,0.011167827579955603
2021-09-14,9349372.998,-863314.8120000008,-0.08453355552048357,-95160.0,-0.010075670233790412
2021-09-15,9422572.998,-790114.8120000008,-0.07736600067480187,73200.0,0.007829402037511812
2021-09-16,9461002.998,-751684.8120000008,-0.07360303438081897,38430.0,0.004078503823547575
2021-09-17,9579952.998,-632734.8120000008,-0.0619557577565862,118950.0,0.0125726627531082
2021-09-22,9711712.998,-500974.81200000085,-0.04905415903435913,131760.0,0.01375372092404925
2021-09-23,9534202.998,-678484.8120000008,-0.06643547953513726,-177510.0,-0.018277928933500776
2021-09-24,9464662.998,-748024.8120000008,-0.07324465663853488,-69540.0,-0.007293740233408896
2021-09-27,9510412.998,-702274.8120000008,-0.06876493485998382,45750.0,0.004833769571052526
2021-09-28,9453682.998,-759004.8120000008,-0.07431978986538715,-56730.0,-0.005965040636187968
2021-09-29,9461002.998,-751684.8120000008,-0.07360303438081897,7320.0,0.0007743014020618055
2021-09-30,9426232.998,-786454.8120000008,-0.07700762293251778,-34770.0,-0.0036750860355239112
2021-10-08,9420742.998,-791944.8120000008,-0.07754518954594392,-5490.0,-0.0005824171756803054
2021-10-11,9413422.998,-799264.8120000008,-0.07826194503051208,-7320.0,-0.0007770087774980894
2021-10-12,9323752.998,-888934.8120000008,-0.08704219971647217,-89670.0,-0.009525759122802735
2021-10-13,9181012.998,-1031674.8120000008,-0.1010189316655515,-142740.0,-0.015309285867034284
2021-10-14,9217612.998,-995074.8120000008,-0.09743515424271065,36600.0,0.00398648820211589
2021-10-15,9254212.998,-958474.8120000008,-0.0938513768198698,36600.0,0.003970659215996708
2021-10-18,9248722.998,-963964.8120000008,-0.09438894343329592,-5490.0,-0.0005932433153620353
2021-10-19,9256042.998,-956644.8120000008,-0.09367218794872775,7320.0,0.0007914606158692106
2021-10-20,9241402.998,-971284.8120000008,-0.09510569891786409,-14640.0,-0.00158166940269866
2021-10-21,9206632.998,-1006054.8120000008,-0.0985102874695629,-34770.0,-0.003762415729248514
2021-10-22,9148072.998,-1064614.8120000008,-0.10424433134610826,-58560.0,-0.006360631515638926
2021-10-25,9181012.998,-1031674.8120000008,-0.1010189316655515,32940.0,0.0036007583244255237
2021-10-26,9325582.998,-887104.8120000008,-0.08686301084533013,144570.0,0.01574662839835783
2021-10-27,9259702.998,-952984.8120000008,-0.09331381020644366,-65880.0,-0.007064437688681702
2021-10-28,9199312.998,-1013374.8120000008,-0.09922704295413107,-60390.0,-0.006521807450308503
2021-10-29,9241402.998,-971284.8120000008,-0.09510569891786409,42090.0,0.004575341659659893
2021-11-01,9305452.998,-907234.8120000008,-0.0888340884278926,64050.0,0.006930765817036777
2021-11-02,9201142.998,-1011544.8120000008,-0.09904785408298904,-104310.0,-0.01120955637757981
2021-11-03,9135262.998,-1077424.8120000008,-0.10549865344410257,-65880.0,-0.007159980017082623
2021-11-04,9142582.998,-1070104.8120000008,-0.1047818979595344,7320.0,0.0008012905596261888
2021-11-05,9162712.998,-1049974.8120000008,-0.10281082037697192,20130.0,0.0022017847696218507
2021-11-08,9151732.998,-1060954.8120000008,-0.10388595360382419,-10980.0,-0.0011983350348740984
2021-11-09,9272512.998,-940174.8120000008,-0.09205948810844937,120780.0,0.013197500410730312
2021-11-10,9365842.998,-846844.8120000008,-0.08292085568020519,93330.0,0.010065232587986639
2021-11-11,9283492.998,-929194.8120000008,-0.0909843548815971,-82350.0,-0.00879258813302608
2021-11-12,9239572.998,-973114.8120000008,-0.09528488778900614,-43920.0,-0.004730977877557718
2021-11-15,9230422.998,-982264.8120000008,-0.09618083214471634,-9150.0,-0.000990305504592115
2021-11-16,9263362.998,-949324.8120000008,-0.09295543246415958,32940.0,0.0035686338542813
2021-11-17,9428062.998,-784624.8120000008,-0.07682843406137574,164700.0,0.01777971996083494
2021-11-18,9532372.998,-680314.8120000008,-0.0666146684062793,104310.0,0.011063778426398718
2021-11-19,9593332.368,-619355.4419999998,-0.0606456844194868,60959.37000000005,0.006394983705819257
2021-11-22,9598612.368,-614075.4419999998,-0.06012868046340484,5280.0,0.0005503822652503931
2021-11-23,9625012.368,-587675.4419999998,-0.057543660682995046,26400.0,0.0027503975562148675
2021-11-24,9741172.368,-471515.4419999998,-0.04616957364919194,116160.0,0.012068555920633717
2021-11-25,9727972.368,-484715.4419999998,-0.04746208353939684,-13200.0,-0.0013550730344699113
2021-11-26,9701572.368,-511115.4419999998,-0.050047103319806635,-26400.0,-0.002713823497982215
2021-11-29,9696292.368,-516395.4419999998,-0.050564107275888594,-5280.0,-0.0005442416754438684
2021-11-30,9701572.368,-511115.4419999998,-0.050047103319806635,5280.0,0.0005445380357367302
2021-12-01,9743812.368,-468875.4419999998,-0.045911071671150966,42240.0,0.004353933403550725
2021-12-02,9698932.368,-513755.4419999998,-0.05030560529784762,-44880.0,-0.0046060000239117604
2021-12-03,9775492.368,-437195.4419999998,-0.04280904793465921,76560.0,0.007893652321218081
2021-12-06,9764932.368,-447755.4419999998,-0.043843055846823124,-10560.0,-0.0010802524929146573
2021-12-07,9778132.368,-434555.4419999998,-0.04255054595661823,13200.0,0.0013517758754024722
2021-12-08,9735892.368,-476795.4419999998,-0.0466865776052739,-42240.0,-0.004319843341273888
2021-12-09,9725332.368,-487355.4419999998,-0.047720585517437825,-10560.0,-0.001084646337577544
2021-12-10,9762292.368,-450395.4419999998,-0.04410155782486411,36960.0,0.003800384254384115
2021-12-13,9772852.368,-439835.4419999998,-0.04306754991270019,10560.0,0.0010817131470692853
2021-12-14,9743812.368,-468875.4419999998,-0.045911071671150966,-29040.0,-0.0029714968472345227
2021-12-15,9783412.368,-429275.4419999998,-0.04203354200053627,39600.0,0.0040641176681575075
2021-12-16,9844132.368,-368555.4419999998,-0.03608799650559374,60720.0,0.006206423455951349
2021-12-17,9812452.368,-400235.4419999998,-0.039190020242085497,-31680.0,-0.0032181607089093456
2021-12-20,9817732.368,-394955.4419999998,-0.03867301628600354,5280.0,0.0005380917839885591
2021-12-21,9836212.368,-376475.4419999998,-0.03686350243971668,18480.0,0.001882308389280718
2021-12-22,9878452.368,-334235.4419999998,-0.032727470791061,42240.0,0.004294335910987268
2021-12-23,9902212.368,-310475.4419999998,-0.03040095298869219,23760.0,0.002405235062626465
2021-12-24,9889012.368,-323675.4419999998,-0.031693462878897086,-13200.0,-0.0013330354378843223
2021-12-27,9852052.368,-360635.4419999998,-0.0353124905714708,-36960.0,-0.003737481421258959
2021-12-28,9849412.368,-363275.4419999998,-0.03557099254951178,-2640.0,-0.00026796447089283415
2021-12-29,9825652.368,-387035.4419999998,-0.037897510351880596,-23760.0,-0.002412326655871766
2021-12-30,9809812.368,-402875.4419999998,-0.03944852222012647,-15840.0,-0.0016121066985421706
2021-12-31,9828292.368,-384395.4419999998,-0.03763900837383962,18480.0,0.0018838280801662943
2022-01-04,9836212.368,-376475.4419999998,-0.03686350243971668,7920.0,0.0008058368334449284
2022-01-05,9812452.368,-400235.4419999998,-0.039190020242085497,-23760.0,-0.002415563949930366
2022-01-06,9796612.368,-416075.4419999998,-0.04074103211033137,-15840.0,-0.0016142753519656772
2022-01-07,9836212.368,-376475.4419999998,-0.03686350243971668,39600.0,0.004042213625737645
2022-01-10,9817732.368,-394955.4419999998,-0.03867301628600354,-18480.0,-0.001878771961056902
2022-01-11,9836212.368,-376475.4419999998,-0.03686350243971668,18480.0,0.001882308389280718
2022-01-12,9833572.368,-379115.4419999998,-0.03712200441775766,-2640.0,-0.000268395994436732
2022-01-13,9830932.368,-381755.4419999998,-0.03738050639579864,-2640.0,-0.0002684680501859882
2022-01-14,9852052.368,-360635.4419999998,-0.0353124905714708,21120.0,0.002148321157080302
2022-01-17,9804532.368,-408155.4419999998,-0.03996552617620843,-47520.0,-0.004823360476071681
2022-01-18,9793972.368,-418715.4419999998,-0.040999534088372355,-10560.0,-0.001077052897950126
2022-01-19,9807172.368,-405515.4419999998,-0.039707024198167455,13200.0,0.0013477677395872245
2022-01-20,9772852.368,-439835.4419999998,-0.04306754991270019,-34320.0,-0.0034994796371666803
2022-01-21,9767572.368,-445115.4419999998,-0.04358455386878215,-5280.0,-0.0005402721540426203
2022-01-24,9767572.368,-445115.4419999998,-0.04358455386878215,0.0,0.0
2022-01-25,9804532.368,-408155.4419999998,-0.03996552617620843,36960.0,0.0037839494408136165
2022-01-26,9783412.368,-429275.4419999998,-0.04203354200053627,-21120.0,-0.002154105795900252
2022-01-27,9780772.368,-431915.4419999998,-0.04229204397857725,-2640.0,-0.0002698444980848702
2022-01-28,9817732.368,-394955.4419999998,-0.03867301628600354,36960.0,0.003778842673092253
2022-02-07,9820372.368,-392315.4419999998,-0.038414514307962555,2640.0,0.000268901198468674
2022-02-08,9846772.368,-365915.4419999998,-0.03582949452755276,26400.0,0.002688289100525987
2022-02-09,9846772.368,-365915.4419999998,-0.03582949452755276,0.0,0.0
2022-02-10,9894292.368,-318395.4419999998,-0.031176458922815127,47520.0,0.004825946840655071
2022-02-11,9820372.368,-392315.4419999998,-0.038414514307962555,-73920.0,-0.007470973895927213
2022-02-14,9902212.368,-310475.4419999998,-0.03040095298869219,81840.0,0.00833369621163027
2022-02-15,9875812.368,-336875.4419999998,-0.032985972769101986,-26400.0,-0.0026660708757685336
2022-02-16,9904852.368,-307835.4419999998,-0.03014245101065121,29040.0,0.0029405175916561443
2022-02-17,9844132.368,-368555.4419999998,-0.03608799650559374,-60720.0,-0.0061303286252070155
2022-02-18,9854692.368,-357995.4419999998,-0.03505398859342982,10560.0,0.0010727202363030042
2022-02-21,9870532.368,-342155.4419999998,-0.033502976725183944,15840.0,0.0016073561110274692
2022-02-22,9825652.368,-387035.4419999998,-0.037897510351880596,-44880.0,-0.004546867213109929
2022-02-23,9857332.368,-355355.4419999998,-0.034795486615388845,31680.0,0.003224213397084341
2022-02-24,9838852.368,-373835.4419999998,-0.036605000461675696,-18480.0,-0.0018747465653072837
2022-02-25,9770212.368,-442475.4419999998,-0.043326051890741166,-68640.0,-0.0069764234112552614
2022-02-28,9788692.368,-423995.4419999998,-0.041516538044454314,18480.0,0.0018914634916766815
2022-03-01,9767572.368,-445115.4419999998,-0.04358455386878215,-21120.0,-0.00215759155625761
2022-03-02,9772852.368,-439835.4419999998,-0.04306754991270019,5280.0,0.0005405642058304849
2022-03-03,9796612.368,-416075.4419999998,-0.04074103211033137,23760.0,0.0024312246931919024
2022-03-04,9815092.368,-397595.4419999998,-0.038931518264044514,18480.0,0.0018863663586776713
2022-03-07,9862612.368,-350075.4419999998,-0.034278482659306886,47520.0,0.004841523463898101
2022-03-08,9870532.368,-342155.4419999998,-0.033502976725183944,7920.0,0.0008030326757744177
2022-03-09,9772852.368,-439835.4419999998,-0.04306754991270019,-97680.0,-0.00989612275794527
2022-03-10,9799252.368,-413435.4419999998,-0.04048253013229039,26400.0,0.0027013607702131015
2022-03-11,9712132.368,-500555.4419999998,-0.04901309540764272,-87120.0,-0.008890474163569362
2022-03-14,9569572.368,-643115.4419999998,-0.06297220222185562,-142560.0,-0.01467854788199896
2022-03-15,9559012.368,-653675.4419999998,-0.06400621013401954,-10560.0,-0.0011034975852538542
2022-03-16,9566932.368,-645755.4419999998,-0.0632307041998966,7920.0,0.0008285374780467869
2022-03-17,9564292.368,-648395.4419999998,-0.06348920617793757,-2640.0,-0.00027595052399764786
2022-03-18,9585412.368,-627275.4419999998,-0.06142119035360974,21120.0,0.0022082135496674926
2022-03-21,9564292.368,-648395.4419999998,-0.06348920617793757,-21120.0,-0.002203348086568191
2022-03-22,9543172.368,-669515.4419999998,-0.06555722200226541,-21120.0,-0.0022082135496676036
2022-03-23,9540532.368,-672155.4419999998,-0.0658157239803064,-2640.0,-0.000276637568535687
2022-03-24,9500932.368,-711755.4419999998,-0.06969325365092109,-39600.0,-0.004150711770846582
2022-03-25,9424372.368,-788315.4419999998,-0.07718981101410949,-76560.0,-0.00805815650870867
2022-03-28,9338437.575,-874250.2350000013,-0.0856043238826862,-85934.793,-0.009118357132384625
2022-03-29,9334417.575,-878270.2350000013,-0.08599795189470315,-4020.0,-0.00043047886412628245
2022-03-30,9330397.575,-882290.2350000013,-0.0863915799067201,-4020.0,-0.0004306642559860352
2022-03-31,9334417.575,-878270.2350000013,-0.08599795189470315,4020.0,0.00043084980759777736
2022-04-01,9344467.575,-868220.2350000013,-0.08501388186466079,10050.0,0.0010766606399650325
2022-04-06,9320347.575,-892340.2350000013,-0.08737564993676246,-24120.0,-0.002581206452524909
2022-04-07,9322357.575,-890330.2350000013,-0.08717883593075398,2010.0,0.00021565719344973644
2022-04-08,9290197.575,-922490.2350000013,-0.09032786002688956,-32160.0,-0.0034497711272354348
2022-04-11,9229897.575,-982790.2350000013,-0.09623228020714375,-60300.0,-0.006490712335576965
2022-04-12,9231907.575,-980780.2350000013,-0.09603546620113527,2010.0,0.00021777056393834648
2022-04-13,9197737.575,-1014950.2350000013,-0.09938130430327932,-34170.0,-0.0037012935541655967
2022-04-14,9211807.575,-1000880.2350000013,-0.09800360626122001,14070.0,0.001529724009330602
2022-04-15,9227887.575,-984800.2350000013,-0.09642909421315222,16080.0,0.001745585746237177
2022-04-18,9209797.575,-1002890.2350000013,-0.09820042026722847,-18090.0,-0.001960361984579162
2022-04-19,9197737.575,-1014950.2350000013,-0.09938130430327932,-12060.0,-0.0013094750347973916
2022-04-20,9223867.575,-988820.2350000013,-0.09682272222516916,26130.0,0.0028409160173283876
2022-04-21,9258037.575,-954650.2350000013,-0.09347688412302513,34170.0,0.003704519793043648
2022-04-22,9260047.575,-952640.2350000013,-0.09328007011701665,2010.0,0.00021710864572721533
2022-04-25,9270097.575,-942590.2350000013,-0.09229600008697428,10050.0,0.0010853075989731842
2022-04-26,9266077.575,-946610.2350000013,-0.09268962809899123,-4020.0,-0.0004336523933514691
2022-04-27,9266077.575,-946610.2350000013,-0.09268962809899123,0.0,0.0
2022-04-28,9290197.575,-922490.2350000013,-0.09032786002688956,24120.0,0.002603043176011788
2022-04-29,9316327.575,-896360.2350000013,-0.08776927794877941,26130.0,0.0028126420120833107
2022-05-05,9326377.575,-886310.2350000013,-0.08678520791873703,10050.0,0.0010787512481815753
2022-05-06,9322357.575,-890330.2350000013,-0.08717883593075398,-4020.0,-0.0004310355191683435
2022-05-09,9264067.575,-948620.2350000013,-0.0928864421049997,-58290.0,-0.00625271016811435
2022-05-10,9252007.575,-960680.2350000013,-0.09406732614105054,-12060.0,-0.0013018039756688138
2022-05-11,9276127.575,-936560.2350000013,-0.09170555806894887,24120.0,0.0026070017565891224
2022-05-12,9262057.575,-950630.2350000013,-0.09308325611100818,-14070.0,-0.0015167967329298149
2022-05-13,9266077.575,-946610.2350000013,-0.09268962809899123,4020.0,0.00043402882863197156
2022-05-16,9296227.575,-916460.2350000013,-0.08973741800886413,30150.0,0.0032538039700147348
2022-05-17,9262057.575,-950630.2350000013,-0.09308325611100818,-34170.0,-0.0036756845423935314
2022-05-18,9237937.575,-974750.2350000013,-0.09544502418310985,-24120.0,-0.0026041729717923845
2022-05-19,9270097.575,-942590.2350000013,-0.09229600008697428,32160.0,0.003481296527379829
2022-05-20,9276127.575,-936560.2350000013,-0.09170555806894887,6030.0,0.0006504785900272037
2022-05-23,9276127.575,-936560.2350000013,-0.09170555806894887,0.0,0.0
2022-05-24,9254017.575,-958670.2350000013,-0.09387051213504206,-22110.0,-0.002383537723175344
2022-05-25,9266077.575,-946610.2350000013,-0.09268962809899123,12060.0,0.001303217754046626
2022-05-26,9247987.575,-964700.2350000013,-0.09446095415306749,-18090.0,-0.0019522823820088409
2022-05-27,9237937.575,-974750.2350000013,-0.09544502418310985,-10050.0,-0.0010867229133361134
2022-05-30,9249997.575,-962690.2350000013,-0.09426414014705901,12060.0,0.0013054861977674914
2022-05-31,9256027.575,-956660.2350000013,-0.0936736981290336,6030.0,0.0006518920627933689
2022-06-01,9241957.575,-970730.2350000013,-0.09505139617109291,-14070.0,-0.001520090544890107
2022-06-02,9241957.575,-970730.2350000013,-0.09505139617109291,0.0,0.0
2022-06-06,9237937.575,-974750.2350000013,-0.09544502418310985,-4020.0,-0.00043497278226789504
2022-06-07,9241957.575,-970730.2350000013,-0.09505139617109291,4020.0,0.0004351620659224231
2022-06-08,9239947.575,-972740.2350000013,-0.09524821017710138,-2010.0,-0.00021748639113394752
2022-06-09,9254017.575,-958670.2350000013,-0.09387051213504206,14070.0,0.0015227359122760298
2022-06-10,9239947.575,-972740.2350000013,-0.09524821017710138,-14070.0,-0.0015204207130544711
2022-06-13,9211807.575,-1000880.2350000013,-0.09800360626122001,-28140.0,-0.0030454718245519485
2022-06-14,9177637.575,-1035050.2350000013,-0.10134944436336404,-34170.0,-0.0037093697107540846
2022-06-15,9151507.575,-1061180.2350000013,-0.10390802644147419,-26130.0,-0.0028471379248161677
2022-06-16,9187687.575,-1025000.2350000013,-0.10036537433332168,36180.0,0.00395344698165756
2022-06-17,9171607.575,-1041080.2350000013,-0.10193988638138947,-16080.0,-0.0017501683496241593
2022-06-20,9153517.575,-1059170.2350000013,-0.10371121243546573,-18090.0,-0.0019723914103466633
2022-06-21,9169597.575,-1043090.2350000013,-0.10213670038739794,16080.0,0.0017567017125654782
2022-06-22,9161557.575,-1051130.2350000013,-0.10292395641143183,-8040.0,-0.0008768105616674404
2022-06-23,9155527.575,-1057160.2350000013,-0.10351439842945726,-6030.0,-0.0006581850248318366
2022-06-24,9151507.575,-1061180.2350000013,-0.10390802644147419,-4020.0,-0.00043907901178485975
2022-06-27,9163567.575,-1049120.2350000013,-0.10272714240542336,12060.0,0.001317815660552446
2022-06-28,9201757.575,-1010930.2350000013,-0.09898767629126237,38190.0,0.00416759080864848
2022-06-29,9207787.575,-1004900.2350000013,-0.09839723427323695,6030.0,0.0006553095917656293
2022-06-30,9223867.575,-988820.2350000013,-0.09682272222516916,16080.0,0.0017463478462143023
2022-07-01,9191707.575,-1020980.2350000013,-0.09997174632130473,-32160.0,-0.0034866068640410086
2022-07-04,9177637.575,-1035050.2350000013,-0.10134944436336404,-14070.0,-0.0015307275481943883
2022-07-05,9209797.575,-1002890.2350000013,-0.09820042026722847,32160.0,0.003504169753619779
2022-07-06,9233917.575,-978770.2350000013,-0.0958386521951268,24120.0,0.002618950069594783
2022-07-07,9221857.575,-990830.2350000013,-0.09701953623117764,-12060.0,-0.001306054543160684
2022-07-08,9219847.575,-992840.2350000013,-0.09721635023718611,-2010.0,-0.00021796042539723448
2022-07-11,9203767.575,-1008920.2350000013,-0.0987908622852539,-16080.0,-0.001744063540009222
2022-07-12,9195727.575,-1016960.2350000013,-0.09957811830928778,-8040.0,-0.0008735553059638912
2022-07-13,9233917.575,-978770.2350000013,-0.0958386521951268,38190.0,0.00415301559213499
2022-07-14,9284167.575,-928520.2350000013,-0.09091830204491497,50250.0,0.0054418939298361835
2022-07-15,9241957.575,-970730.2350000013,-0.09505139617109291,-42210.0,-0.004546449604557079
2022-07-18,9290197.575,-922490.2350000013,-0.09032786002688956,48240.0,0.005219673387215185
2022-07-19,9280147.575,-932540.2350000013,-0.09131193005693192,-10050.0,-0.001081785389262846
2022-07-20,9280147.575,-932540.2350000013,-0.09131193005693192,0.0,0.0
2022-07-21,9322357.575,-890330.2350000013,-0.08717883593075398,42210.0,0.004548419048174379
2022-07-22,9374617.575,-838070.2350000013,-0.08206167177453369,52260.0,0.005605878081757609
2022-07-25,9362557.575,-850130.2350000013,-0.08324255581058453,-12060.0,-0.0012864524769694574
2022-07-26,9332407.575,-880280.2350000013,-0.08619476590071162,-30150.0,-0.0032202739217868093
2022-07-27,9354517.575,-858170.2350000013,-0.08402981183461841,22110.0,0.002369163564954979
2022-07-28,9360547.575,-852140.2350000013,-0.083439369816593,6030.0,0.0006446083351336895
2022-07-29,9322357.575,-890330.2350000013,-0.08717883593075398,-38190.0,-0.004079889525052671
2022-08-01,9386677.575,-826010.2350000013,-0.08088078773848284,64320.0,0.0068995422544708696
2022-08-02,9448987.575,-763700.2350000013,-0.07477955355222018,62310.0,0.0066381314903105615
2022-08-03,9404767.575,-807920.2350000013,-0.07910946168440659,-44220.0,-0.004679866456486437
2022-08-04,9485167.575,-727520.2350000013,-0.07123690144406766,80400.0,0.008548855605291283
2022-08-05,9444967.575,-767720.2350000013,-0.07517318156423712,-40200.0,-0.004238196076361889
2022-08-08,9396727.575,-815960.2350000013,-0.07989671770844048,-48240.0,-0.0051074818009632095
2022-08-09,9390697.575,-821990.2350000013,-0.0804871597264659,-6030.0,-0.0006417127613705942
2022-08-10,9422857.575,-789830.2350000013,-0.07733813563033033,32160.0,0.0034246657123340185
2022-08-11,9434917.575,-777770.2350000013,-0.0761572515942795,12060.0,0.0012798665271134269
2022-08-12,9469087.575,-743600.2350000013,-0.07281141349213545,34170.0,0.0036216532607069585
2022-08-15,9545467.575,-667220.2350000013,-0.06533248126381347,76380.0,0.008066247079777433
2022-08-16,9541447.575,-671240.2350000013,-0.06572610927583042,-4020.0,-0.0004211422822836264
2022-08-17,9491197.575,-721490.2350000013,-0.07064645942604224,-50250.0,-0.005266496472889792
2022-08-18,9615817.575,-596870.2350000013,-0.058443991053516914,124620.0,0.013130060670979216
2022-08-19,9529387.575,-683300.2350000013,-0.06690699331188125,-86430.0,-0.008988315275937464
2022-08-22,9513307.575,-699380.2350000013,-0.06848150535994904,-16080.0,-0.0016874116907770187
2022-08-23,9525367.575,-687320.2350000013,-0.0673006213238982,12060.0,0.0012676978963332974
2022-08-24,9577627.575,-635060.2350000013,-0.062183457167677904,52260.0,0.005486402449933703
2022-08-25,9573607.575,-639080.2350000013,-0.06257708517969485,-4020.0,-0.0004197281600814007
2022-08-26,9561547.575,-651140.2350000013,-0.06375796921574568,-12060.0,-0.001259713217355296
2022-08-29,9507277.575,-705410.2350000013,-0.06907194737797447,-54270.0,-0.005675859433246666
2022-08-30,9527377.575,-685310.2350000013,-0.06710380731788973,20100.0,0.0021141698915843055
2022-08-31,9626271.867,-586415.943,-0.057420333795555424,98894.292,0.010380011836573111
2022-09-01,9604431.867,-608255.943,-0.05955885015934898,-21840.0,-0.0022687911064376287
2022-09-02,9634461.867,-578225.943,-0.05661839015913284,30030.0,0.003126681558664579
2022-09-05,9623541.867,-589145.943,-0.05768764834102962,-10920.0,-0.00113343123370524
2022-09-06,9618081.867,-594605.943,-0.05822227743197801,-5460.0,-0.0005673586789000096
2022-09-07,9623541.867,-589145.943,-0.05768764834102962,5460.0,0.0005676807575045739
2022-09-08,9618081.867,-594605.943,-0.05822227743197801,-5460.0,-0.0005673586789000096
2022-09-09,9664491.867,-548195.943,-0.0536779301589167,46410.0,0.004825286438789211
2022-09-13,9650841.867,-561845.943,-0.055014502886287675,-13650.0,-0.0014123867232594955
2022-09-14,9650841.867,-561845.943,-0.055014502886287675,0.0,0.0
2022-09-15,9667221.867,-545465.943,-0.05341061561344251,16380.0,0.0016972612571768408
2022-09-16,9691791.867,-520895.94299999997,-0.05100478470417475,24570.0,0.0025415781636162205
2022-09-19,9689061.867,-523625.94299999997,-0.05127209924964895,-2730.0,-0.00028168165778463816
2022-09-20,9669951.867,-542735.943,-0.05314330106796831,-19110.0,-0.001972327172880095
2022-09-21,9661761.867,-550925.943,-0.053945244704390896,-8190.0,-0.0008469535435796649
2022-09-22,9689061.867,-523625.94299999997,-0.05127209924964895,27300.0,0.0028255716064835568
2022-09-23,9689061.867,-523625.94299999997,-0.05127209924964895,0.0,0.0
2022-09-26,9680871.867,-531815.943,-0.05207404288607153,-8190.0,-0.0008452830740914852
2022-09-27,9746391.867,-466295.94299999997,-0.045658493794690856,65520.0,0.006767985456283432
2022-09-28,9724551.867,-488135.94299999997,-0.047797010158484414,-21840.0,-0.0022408292523048434
2022-09-29,9710901.867,-501785.94299999997,-0.04913358288585539,-13650.0,-0.0014036636532651636
2022-09-30,9727281.867,-485405.94299999997,-0.04752969561301022,16380.0,0.0016867640332833833
2022-10-10,9781881.867,-430805.94299999997,-0.04218340470352632,54600.0,0.005613078838111241
2022-10-11,9732741.867,-479945.94299999997,-0.04699506652206183,-49140.0,-0.005023573241645596
2022-10-12,9738201.867,-474485.94299999997,-0.04646043743111344,5460.0,0.0005609929940209035
2022-10-13,9760041.867,-452645.94299999997,-0.04432192106731988,21840.0,0.002242713829337273
2022-10-14,9768231.867,-444455.94299999997,-0.0435199774308973,8190.0,0.0008391357446622116
2022-10-17,9730011.867,-482675.94299999997,-0.047262381067536025,-38220.0,-0.003912683535811534
2022-10-18,9724551.867,-488135.94299999997,-0.047797010158484414,-5460.0,-0.0005611503947408059
2022-10-19,9705441.867,-507245.94299999997,-0.04966821197680378,-19110.0,-0.0019651291145712513
2022-10-20,9678141.867,-534545.943,-0.05234135743154573,-27300.0,-0.002812854929647668
2022-10-21,9702711.867,-509975.94299999997,-0.04993552652227797,24570.0,0.0025387104609178035
2022-10-24,9664491.867,-548195.943,-0.0536779301589167,-38220.0,-0.003939104914574498
2022-10-25,9639921.867,-572765.943,-0.056083761068184454,-24570.0,-0.0025422961018670698
2022-10-26,9667221.867,-545465.943,-0.05341061561344251,27300.0,0.0028319731608463794
2022-10-27,9664491.867,-548195.943,-0.0536779301589167,-2730.0,-0.0002823975737351603
2022-10-28,9623541.867,-589145.943,-0.05768764834102962,-40950.0,-0.004237160169778487
2022-10-31,9615351.867,-597335.943,-0.0584895919774522,-8190.0,-0.0008510380183499588
2022-11-01,9607161.867,-605525.943,-0.05929153561387479,-8190.0,-0.0008517629009613392
2022-11-02,9582591.867,-630095.943,-0.06169736652314255,-24570.0,-0.00255746705844484
2022-11-03,9620811.867,-591875.943,-0.057954962886503814,38220.0,0.003988482503530122
2022-11-04,9629001.867,-583685.943,-0.05715301925008123,8190.0,0.0008512795087587399
2022-11-07,9530721.867,-681965.943,-0.06677634288715224,-98280.0,-0.010206665380014135
2022-11-08,9560751.867,-651935.943,-0.0638358828869361,30030.0,0.003150863116043512
2022-11-09,9525261.867,-687425.943,-0.06731097197810064,-35490.0,-0.0037120511538948353
2022-11-10,9517071.867,-695615.943,-0.06811291561452322,-8190.0,-0.0008598188810298169
2022-11-11,9547101.867,-665585.943,-0.06517245561430708,30030.0,0.0031553822877106175
2022-11-14,9511611.867,-701075.943,-0.0686475447054716,-35490.0,-0.0037173584711265306
2022-11-15,9533451.867,-679235.943,-0.06650902834167804,21840.0,0.0022961407914228182
2022-11-16,9552561.867,-660125.943,-0.06463782652335869,19110.0,0.002004520531136089
2022-11-17,9579861.867,-632825.943,-0.06196468106861674,27300.0,0.002857872095475278
2022-11-18,9568941.867,-643745.943,-0.06303393925051352,-10920.0,-0.0011398911750091223
2022-11-21,9577131.867,-635555.943,-0.062231995614090936,8190.0,0.0008558940072824761
2022-11-22,9656301.867,-556385.943,-0.054479873795339286,79170.0,0.00826656676544224
2022-11-23,9648111.867,-564575.943,-0.055281817431761866,-8190.0,-0.0008481507840997216
2022-11-24,9582591.867,-630095.943,-0.06169736652314255,-65520.0,-0.006790966035966295
2022-11-25,9590781.867,-621905.943,-0.06089542288671996,8190.0,0.000854674822184931
2022-11-28,9604431.867,-608255.943,-0.05955885015934898,13650.0,0.001423241628189631
2022-11-29,9547101.867,-665585.943,-0.06517245561430708,-57330.0,-0.0059691193392689135
2022-11-30,9527991.867,-684695.943,-0.06704365743262644,-19110.0,-0.0020016545613757986
2022-12-01,9475114.224,-737573.586000001,-0.07222129959537077,-52877.643,-0.005549715379495779
2022-12-02,9467074.224,-745613.586000001,-0.07300855561940467,-8040.0,-0.0008485385832748271
2022-12-05,9448314.224,-764373.586000001,-0.07484548634215041,-18760.0,-0.0019816048291289023
2022-12-06,9448314.224,-764373.586000001,-0.07484548634215041,0.0,0.0
2022-12-07,9432234.224,-780453.586000001,-0.0764199983902182,-16080.0,-0.0017018909001941251
2022-12-08,9442954.224,-769733.586000001,-0.07537032369150634,10720.0,0.0011365281804307514
2022-12-09,9448314.224,-764373.586000001,-0.07484548634215041,5360.0,0.0005676189752543692
2022-12-12,9434914.224,-777773.586000001,-0.07615757971554024,-13400.0,-0.0014182424168284191
2022-12-13,9432234.224,-780453.586000001,-0.0764199983902182,-2680.0,-0.00028405133702036345
2022-12-14,9410794.224,-801893.586000001,-0.07851934778764191,-21440.0,-0.002273056360861614
2022-12-15,9429554.224,-783133.586000001,-0.07668241706489616,18760.0,0.001993455552577794
2022-12-16,9397394.224,-815293.586000001,-0.07983144116103173,-32160.0,-0.003410553588858556
2022-12-19,9410794.224,-801893.586000001,-0.07851934778764191,13400.0,0.001425927196475163
2022-12-20,9410794.224,-801893.586000001,-0.07851934778764191,0.0,0.0
2022-12-21,9413474.224,-799213.586000001,-0.07825692911296395,2680.0,0.00028477936465387543
2022-12-22,9402754.224,-809933.586000001,-0.0793066038116758,-10720.0,-0.001138793153825035
2022-12-23,9408114.224,-804573.586000001,-0.07878176646231988,5360.0,0.0005700457410999782
2022-12-26,9413474.224,-799213.586000001,-0.07825692911296395,5360.0,0.0005697209740849196
2022-12-27,9418834.224,-793853.586000001,-0.07773209176360801,5360.0,0.000569396576912462
2022-12-28,9413474.224,-799213.586000001,-0.07825692911296395,-5360.0,-0.0005690725489511106
2022-12-29,9416154.224,-796533.586000001,-0.07799451043828598,2680.0,0.00028469828845634204
2022-12-30,9418834.224,-793853.586000001,-0.07773209176360801,2680.0,0.0002846172584098916
2023-01-03,9426874.224,-785813.586000001,-0.07694483573957413,8040.0,0.0008536088234267769
2023-01-04,9440274.224,-772413.586000001,-0.07563274236618431,13400.0,0.0014214679947552877
2023-01-05,9496554.224,-716133.586000001,-0.07012195019794706,56280.0,0.005961691224701804
2023-01-06,9499234.224,-713453.586000001,-0.0698595315232691,2680.0,0.00028220762360597895
2023-01-09,9509954.224,-702733.586000001,-0.06880985682455724,10720.0,0.0011285120197284115
2023-01-10,9517994.224,-694693.586000001,-0.06802260080052334,8040.0,0.0008454299369506924
2023-01-11,9501914.224,-710773.586000001,-0.06959711284859113,-16080.0,-0.0016894315778689384
2023-01-12,9491194.224,-721493.586000001,-0.07064678754730298,-10720.0,-0.001128193724683757
2023-01-13,9504594.224,-708093.586000001,-0.06933469417391316,13400.0,0.0014118349792184848
2023-01-16,9485834.224,-726853.586000001,-0.07117162489665892,-18760.0,-0.0019737823159908796
2023-01-17,9504594.224,-708093.586000001,-0.06933469417391316,18760.0,0.001977685837323051
2023-01-18,9515314.224,-697373.586000001,-0.06828501947520131,10720.0,0.0011278756091377407
2023-01-19,9509954.224,-702733.586000001,-0.06880985682455724,-5360.0,-0.0005633024694529087
2023-01-20,9496554.224,-716133.586000001,-0.07012195019794706,-13400.0,-0.0014090498949177466
2023-01-30,9483154.224,-729533.586000001,-0.07143404357133688,-13400.0,-0.0014110381180296727
2023-01-31,9485834.224,-726853.586000001,-0.07117162489665892,2680.0,0.00028260639199739757
2023-02-01,9480474.224,-732213.586000001,-0.07169646224601485,-5360.0,-0.0005650530963779987
2023-02-02,9477794.224,-734893.586000001,-0.0719588809206928,-2680.0,-0.00028268628094740844
2023-02-03,9464394.224,-748293.586000001,-0.07327097429408264,-13400.0,-0.0014138310753855077
2023-02-06,9461714.224,-750973.586000001,-0.07353339296876059,-2680.0,-0.0002831665647659021
2023-02-07,9450994.224,-761693.586000001,-0.07458306766747246,-10720.0,-0.0011329870831237043
2023-02-08,9467074.224,-745613.586000001,-0.07300855561940467,16080.0,0.0017014082983106693
2023-02-09,9467074.224,-745613.586000001,-0.07300855561940467,0.0,0.0
2023-02-10,9480474.224,-732213.586000001,-0.07169646224601485,13400.0,0.0014154320208064064
2023-02-13,9472941.548,-739746.2620000001,-0.0724340424149321,-7532.676,-0.0007945463298586475
2023-02-14,9505956.298,-706731.5120000001,-0.06920132340753497,33014.75,0.0034851634872559156
2023-02-15,9500956.298,-711731.5120000001,-0.06969091048715804,-5000.0,-0.0005259860074311451
2023-02-16,9533456.298,-679231.5120000001,-0.0665085944696081,32500.0,0.0034207082930000077
2023-02-17,9525956.298,-686731.5120000001,-0.0672429750890427,-7500.0,-0.000786703139508127
2023-02-20,9505956.298,-706731.5120000001,-0.06920132340753497,-20000.0,-0.0020995267429684272
2023-02-21,9510956.298,-701731.5120000001,-0.0687117363279119,5000.0,0.0005259860074311451
2023-02-22,9498456.298,-714231.5120000001,-0.06993570402696957,-12500.0,-0.0013142737289865147
2023-02-23,9505956.298,-706731.5120000001,-0.06920132340753497,7500.0,0.0007896019905444529
2023-02-24,9513456.298,-699231.5120000001,-0.06846694278810037,7500.0,0.0007889790111468287
2023-02-27,9490956.298,-721731.5120000001,-0.07067008464640417,-22500.0,-0.0023650710420280996
2023-02-28,9483456.298,-729231.5120000001,-0.07140446526583878,-7500.0,-0.0007902259545311541
2023-03-01,9503456.298,-709231.5120000001,-0.06944611694734651,20000.0,0.002108935747847429
2023-03-02,9490956.298,-721731.5120000001,-0.07067008464640417,-12500.0,-0.0013153109361517812
2023-03-03,9521357.798,-691330.0120000001,-0.06769324832617203,30401.5,0.0032032072475569606
2023-03-06,9521357.798,-691330.0120000001,-0.06769324832617203,0.0,0.0
2023-03-07,9526483.871,-686203.9390000012,-0.0671913165041712,5126.072999999989,0.0005383762598518693
2023-03-08,9569143.871,-643543.9390000012,-0.0630141595408272,42660.0,0.004478042536749882
2023-03-09,9607063.871,-605623.9390000012,-0.05930113112896586,37920.0,0.003962736950263501
2023-03-10,9630763.871,-581923.9390000012,-0.05698048837155252,23700.0,0.0024669347803070174
2023-03-13,9640243.871,-572443.9390000012,-0.05605223126858718,9480.0,0.0009843455957367908
2023-03-14,9616884.914,-595802.8959999997,-0.058339479976721204,-23358.95700000001,-0.002423067021184777
2023-03-15,9616884.914,-595802.8959999997,-0.058339479976721204,0.0,0.0
2023-03-16,9616884.914,-595802.8959999997,-0.058339479976721204,0.0,0.0
2023-03-17,9690745.253,-521942.55700000003,-0.05110726644252528,73860.33899999999,0.0076802768942858535
2023-03-20,9664675.253,-548012.557,-0.05365997347567995,-26070.0,-0.002690195575198895
2023-03-21,9688375.253,-524312.557,-0.051339330718266615,23700.0,0.0024522293175492926
2023-03-22,9659935.253,-552752.557,-0.05412410202716262,-28440.0,-0.0029354767189878617
2023-03-23,9576985.253,-635702.557,-0.06224635167810931,-82950.0,-0.008587014076956612
2023-03-24,9600685.253,-612002.557,-0.05992570892069597,23700.0,0.002474682728844657
2023-03-27,9595945.253,-616742.557,-0.06038983747217864,-4740.0,-0.0004937147583834456
2023-03-28,9565135.253,-647552.557,-0.06340667305681598,-30810.0,-0.0032107311148287243
2023-03-29,9567505.253,-645182.557,-0.06317460878107464,2370.0,0.0002477748549616354
2023-03-30,9584095.253,-628592.557,-0.06155015885088531,16590.0,0.0017339943445338069
2023-03-31,9548545.253,-664142.557,-0.06503112298700532,-35550.0,-0.0037092703131129667
2023-04-03,9548545.253,-664142.557,-0.06503112298700532,0.0,0.0
2023-04-04,9532587.503,-680100.307,-0.06659366463097632,-15957.75,-0.0016712231630243712
2023-04-06,9530107.503,-682580.307,-0.06683649982246936,-2480.0,-0.0002601602135012815
2023-04-07,9547467.503,-665220.307,-0.06513665348201807,17360.0,0.0018215954011573388
2023-04-10,9559867.503,-652820.307,-0.06392247752455286,12400.0,0.0012987737319978265
2023-04-11,9552427.503,-660260.307,-0.06465098309903199,-7440.0,-0.0007782534640428107
2023-04-12,9537547.503,-675140.307,-0.06610799424799023,-14880.0,-0.0015577192284711439
2023-04-13,9574747.503,-637940.307,-0.062465466375594615,37200.0,0.003900373758379594
2023-04-14,9547467.503,-665220.307,-0.06513665348201807,-27280.0,-0.0028491612955279244
2023-04-17,9564827.503,-647860.307,-0.06343680714156678,17360.0,0.001818283224797046
2023-04-18,9579707.503,-632980.307,-0.061979795992608534,14880.0,0.0015556997755927782
2023-04-19,9572267.503,-640420.307,-0.06270830156708765,-7440.0,-0.0007766416665300202
2023-04-20,9559867.503,-652820.307,-0.06392247752455286,-12400.0,-0.0012954088460350732
2023-04-21,9542507.503,-670180.307,-0.06562232386500415,-17360.0,-0.001815924749433262
2023-04-24,9522667.503,-690020.307,-0.06756500539694849,-19840.0,-0.002079118092782495
2023-04-25,9532587.503,-680100.307,-0.06659366463097632,9920.0,0.0010417249155108
2023-04-26,9547467.503,-665220.307,-0.06513665348201807,14880.0,0.001560961281007689
2023-04-27,9537547.503,-675140.307,-0.06610799424799023,-9920.0,-0.0010390189855983278
2023-04-28,9522667.503,-690020.307,-0.06756500539694849,-14880.0,-0.0015601495033518153
2023-05-04,9535067.503,-677620.307,-0.06635082943948328,12400.0,0.0013021561443884444
2023-05-05,9542507.503,-670180.307,-0.06562232386500415,7440.0,0.0007802776433054603
2023-05-08,9574747.503,-637940.307,-0.062465466375594615,32240.0,0.00337856690077154
2023-05-09,9587795.527,-624892.2829999998,-0.061187837582592254,13048.024000000001,0.0013627538476510548
2023-05-10,9587795.527,-624892.2829999998,-0.061187837582592254,0.0,0.0
2023-05-11,9587795.527,-624892.2829999998,-0.061187837582592254,0.0,0.0
2023-05-12,9587795.527,-624892.2829999998,-0.061187837582592254,0.0,0.0
2023-05-15,9587795.527,-624892.2829999998,-0.061187837582592254,0.0,0.0
2023-05-16,9587795.527,-624892.2829999998,-0.061187837582592254,0.0,0.0
2023-05-17,9587795.527,-624892.2829999998,-0.061187837582592254,0.0,0.0
2023-05-18,9587795.527,-624892.2829999998,-0.061187837582592254,0.0,0.0
2023-05-19,9587795.527,-624892.2829999998,-0.061187837582592254,0.0,0.0
2023-05-22,9587795.527,-624892.2829999998,-0.061187837582592254,0.0,0.0
2023-05-23,9587795.527,-624892.2829999998,-0.061187837582592254,0.0,0.0
2023-05-24,9587795.527,-624892.2829999998,-0.061187837582592254,0.0,0.0
2023-05-25,9587795.527,-624892.2829999998,-0.061187837582592254,0.0,0.0
2023-05-26,9587795.527,-624892.2829999998,-0.061187837582592254,0.0,0.0
2023-05-29,9587795.527,-624892.2829999998,-0.061187837582592254,0.0,0.0
2023-05-30,9587795.527,-624892.2829999998,-0.061187837582592254,0.0,0.0
2023-05-31,9587795.527,-624892.2829999998,-0.061187837582592254,0.0,0.0
2023-06-01,9587795.527,-624892.2829999998,-0.061187837582592254,0.0,0.0
2023-06-02,9587795.527,-624892.2829999998,-0.061187837582592254,0.0,0.0
2023-06-05,9587795.527,-624892.2829999998,-0.061187837582592254,0.0,0.0
2023-06-06,9587795.527,-624892.2829999998,-0.061187837582592254,0.0,0.0
2023-06-07,9587795.527,-624892.2829999998,-0.061187837582592254,0.0,0.0
2023-06-08,9587795.527,-624892.2829999998,-0.061187837582592254,0.0,0.0
2023-06-09,9587795.527,-624892.2829999998,-0.061187837582592254,0.0,0.0
2023-06-12,9587795.527,-624892.2829999998,-0.061187837582592254,0.0,0.0
2023-06-13,9587795.527,-624892.2829999998,-0.061187837582592254,0.0,0.0
2023-06-14,9587795.527,-624892.2829999998,-0.061187837582592254,0.0,0.0
2023-06-15,9587795.527,-624892.2829999998,-0.061187837582592254,0.0,0.0
2023-06-16,9587795.527,-624892.2829999998,-0.061187837582592254,0.0,0.0
2023-06-19,9587795.527,-624892.2829999998,-0.061187837582592254,0.0,0.0
2023-06-20,9587795.527,-624892.2829999998,-0.061187837582592254,0.0,0.0
2023-06-21,9587795.527,-624892.2829999998,-0.061187837582592254,0.0,0.0
2023-06-26,9587795.527,-624892.2829999998,-0.061187837582592254,0.0,0.0
2023-06-27,9587795.527,-624892.2829999998,-0.061187837582592254,0.0,0.0
2023-06-28,9587795.527,-624892.2829999998,-0.061187837582592254,0.0,0.0
2023-06-29,9587795.527,-624892.2829999998,-0.061187837582592254,0.0,0.0
2023-06-30,9587795.527,-624892.2829999998,-0.061187837582592254,0.0,0.0
2023-07-03,9587795.527,-624892.2829999998,-0.061187837582592254,0.0,0.0
2023-07-04,9587795.527,-624892.2829999998,-0.061187837582592254,0.0,0.0
2023-07-05,9587795.527,-624892.2829999998,-0.061187837582592254,0.0,0.0
2023-07-06,9587795.527,-624892.2829999998,-0.061187837582592254,0.0,0.0
2023-07-07,9587795.527,-624892.2829999998,-0.061187837582592254,0.0,0.0
2023-07-10,9587795.527,-624892.2829999998,-0.061187837582592254,0.0,0.0
2023-07-11,9587795.527,-624892.2829999998,-0.061187837582592254,0.0,0.0
2023-07-12,9587795.527,-624892.2829999998,-0.061187837582592254,0.0,0.0
2023-07-13,9587795.527,-624892.2829999998,-0.061187837582592254,0.0,0.0
2023-07-14,9587795.527,-624892.2829999998,-0.061187837582592254,0.0,0.0
2023-07-17,9587795.527,-624892.2829999998,-0.061187837582592254,0.0,0.0
2023-07-18,9587795.527,-624892.2829999998,-0.061187837582592254,0.0,0.0
2023-07-19,9587795.527,-624892.2829999998,-0.061187837582592254,0.0,0.0
2023-07-20,9587795.527,-624892.2829999998,-0.061187837582592254,0.0,0.0
2023-07-21,9587795.527,-624892.2829999998,-0.061187837582592254,0.0,0.0
2023-07-24,9587795.527,-624892.2829999998,-0.061187837582592254,0.0,0.0
2023-07-25,9587795.527,-624892.2829999998,-0.061187837582592254,0.0,0.0
2023-07-26,9587795.527,-624892.2829999998,-0.061187837582592254,0.0,0.0
2023-07-27,9587795.527,-624892.2829999998,-0.061187837582592254,0.0,0.0
2023-07-28,9587795.527,-624892.2829999998,-0.061187837582592254,0.0,0.0
2023-07-31,9587795.527,-624892.2829999998,-0.061187837582592254,0.0,0.0
2023-08-01,9587795.527,-624892.2829999998,-0.061187837582592254,0.0,0.0
2023-08-02,9587795.527,-624892.2829999998,-0.061187837582592254,0.0,0.0
2023-08-03,9587795.527,-624892.2829999998,-0.061187837582592254,0.0,0.0
2023-08-04,9587795.527,-624892.2829999998,-0.061187837582592254,0.0,0.0
2023-08-07,9587795.527,-624892.2829999998,-0.061187837582592254,0.0,0.0
2023-08-08,9587795.527,-624892.2829999998,-0.061187837582592254,0.0,0.0
2023-08-09,9587795.527,-624892.2829999998,-0.061187837582592254,0.0,0.0
2023-08-10,9587795.527,-624892.2829999998,-0.061187837582592254,0.0,0.0
2023-08-11,9587795.527,-624892.2829999998,-0.061187837582592254,0.0,0.0
2023-08-14,9587795.527,-624892.2829999998,-0.061187837582592254,0.0,0.0
2023-08-15,9587795.527,-624892.2829999998,-0.061187837582592254,0.0,0.0
2023-08-16,9587795.527,-624892.2829999998,-0.061187837582592254,0.0,0.0
2023-08-17,9587795.527,-624892.2829999998,-0.061187837582592254,0.0,0.0
2023-08-18,9587795.527,-624892.2829999998,-0.061187837582592254,0.0,0.0
2023-08-21,9587795.527,-624892.2829999998,-0.061187837582592254,0.0,0.0
2023-08-22,9587795.527,-624892.2829999998,-0.061187837582592254,0.0,0.0
2023-08-23,9587795.527,-624892.2829999998,-0.061187837582592254,0.0,0.0
2023-08-24,9587795.527,-624892.2829999998,-0.061187837582592254,0.0,0.0
2023-08-25,9587795.527,-624892.2829999998,-0.061187837582592254,0.0,0.0
2023-08-28,9587795.527,-624892.2829999998,-0.061187837582592254,0.0,0.0
2023-08-29,9587795.527,-624892.2829999998,-0.061187837582592254,0.0,0.0
2023-08-30,9587795.527,-624892.2829999998,-0.061187837582592254,0.0,0.0
2023-08-31,9587795.527,-624892.2829999998,-0.061187837582592254,0.0,0.0
2023-09-01,9587795.527,-624892.2829999998,-0.061187837582592254,0.0,0.0
2023-09-04,9585810.877,-626876.9330000002,-0.061382169382107075,-1984.6499999999996,-0.0002069975308099936
2023-09-05,9551750.877,-660936.9330000002,-0.06471723656849941,-34060.0,-0.003553168369065496
2023-09-06,9562230.877,-650456.9330000002,-0.06369106204960946,10480.0,0.0010971810440780772
2023-09-07,9562864.655,-649823.1550000012,-0.06362900414557969,633.7780000000002,6.627930324532016e-05
2023-09-08,9562864.655,-649823.1550000012,-0.06362900414557969,0.0,0.0
2023-09-11,9562864.655,-649823.1550000012,-0.06362900414557969,0.0,0.0
2023-09-12,9562864.655,-649823.1550000012,-0.06362900414557969,0.0,0.0
2023-09-13,9562864.655,-649823.1550000012,-0.06362900414557969,0.0,0.0
2023-09-14,9562864.655,-649823.1550000012,-0.06362900414557969,0.0,0.0
2023-09-15,9562864.655,-649823.1550000012,-0.06362900414557969,0.0,0.0
2023-09-18,9562864.655,-649823.1550000012,-0.06362900414557969,0.0,0.0
2023-09-19,9562864.655,-649823.1550000012,-0.06362900414557969,0.0,0.0
2023-09-20,9562864.655,-649823.1550000012,-0.06362900414557969,0.0,0.0
2023-09-21,9562864.655,-649823.1550000012,-0.06362900414557969,0.0,0.0
2023-09-22,9562864.655,-649823.1550000012,-0.06362900414557969,0.0,0.0
2023-09-25,9562864.655,-649823.1550000012,-0.06362900414557969,0.0,0.0
2023-09-26,9562864.655,-649823.1550000012,-0.06362900414557969,0.0,0.0
2023-09-27,9562864.655,-649823.1550000012,-0.06362900414557969,0.0,0.0
2023-09-28,9562864.655,-649823.1550000012,-0.06362900414557969,0.0,0.0
2023-10-09,9562864.655,-649823.1550000012,-0.06362900414557969,0.0,0.0
2023-10-10,9562864.655,-649823.1550000012,-0.06362900414557969,0.0,0.0
2023-10-11,9562864.655,-649823.1550000012,-0.06362900414557969,0.0,0.0
2023-10-12,9562864.655,-649823.1550000012,-0.06362900414557969,0.0,0.0
2023-10-13,9562864.655,-649823.1550000012,-0.06362900414557969,0.0,0.0
2023-10-16,9562864.655,-649823.1550000012,-0.06362900414557969,0.0,0.0
2023-10-17,9562864.655,-649823.1550000012,-0.06362900414557969,0.0,0.0
2023-10-18,9562864.655,-649823.1550000012,-0.06362900414557969,0.0,0.0
2023-10-19,9562864.655,-649823.1550000012,-0.06362900414557969,0.0,0.0
2023-10-20,9562864.655,-649823.1550000012,-0.06362900414557969,0.0,0.0
2023-10-23,9562864.655,-649823.1550000012,-0.06362900414557969,0.0,0.0
2023-10-24,9562864.655,-649823.1550000012,-0.06362900414557969,0.0,0.0
2023-10-25,9562864.655,-649823.1550000012,-0.06362900414557969,0.0,0.0
2023-10-26,9562864.655,-649823.1550000012,-0.06362900414557969,0.0,0.0
2023-10-27,9562864.655,-649823.1550000012,-0.06362900414557969,0.0,0.0
2023-10-30,9562864.655,-649823.1550000012,-0.06362900414557969,0.0,0.0
2023-10-31,9562864.655,-649823.1550000012,-0.06362900414557969,0.0,0.0
2023-11-01,9562864.655,-649823.1550000012,-0.06362900414557969,0.0,0.0
2023-11-02,9562864.655,-649823.1550000012,-0.06362900414557969,0.0,0.0
2023-11-03,9562864.655,-649823.1550000012,-0.06362900414557969,0.0,0.0
2023-11-06,9562864.655,-649823.1550000012,-0.06362900414557969,0.0,0.0
2023-11-07,9562864.655,-649823.1550000012,-0.06362900414557969,0.0,0.0
2023-11-08,9562864.655,-649823.1550000012,-0.06362900414557969,0.0,0.0
2023-11-09,9562864.655,-649823.1550000012,-0.06362900414557969,0.0,0.0
2023-11-10,9562864.655,-649823.1550000012,-0.06362900414557969,0.0,0.0
2023-11-13,9562864.655,-649823.1550000012,-0.06362900414557969,0.0,0.0
2023-11-14,9562864.655,-649823.1550000012,-0.06362900414557969,0.0,0.0
2023-11-15,9562864.655,-649823.1550000012,-0.06362900414557969,0.0,0.0
2023-11-16,9562864.655,-649823.1550000012,-0.06362900414557969,0.0,0.0
2023-11-17,9562864.655,-649823.1550000012,-0.06362900414557969,0.0,0.0
2023-11-20,9562864.655,-649823.1550000012,-0.06362900414557969,0.0,0.0
2023-11-21,9562864.655,-649823.1550000012,-0.06362900414557969,0.0,0.0
2023-11-22,9562864.655,-649823.1550000012,-0.06362900414557969,0.0,0.0
2023-11-23,9562864.655,-649823.1550000012,-0.06362900414557969,0.0,0.0
2023-11-24,9562864.655,-649823.1550000012,-0.06362900414557969,0.0,0.0
2023-11-27,9562864.655,-649823.1550000012,-0.06362900414557969,0.0,0.0
2023-11-28,9562864.655,-649823.1550000012,-0.06362900414557969,0.0,0.0
2023-11-29,9562864.655,-649823.1550000012,-0.06362900414557969,0.0,0.0
2023-11-30,9562864.655,-649823.1550000012,-0.06362900414557969,0.0,0.0
2023-12-01,9562864.655,-649823.1550000012,-0.06362900414557969,0.0,0.0
2023-12-04,9562864.655,-649823.1550000012,-0.06362900414557969,0.0,0.0
2023-12-05,9562864.655,-649823.1550000012,-0.06362900414557969,0.0,0.0
2023-12-06,9562864.655,-649823.1550000012,-0.06362900414557969,0.0,0.0
2023-12-07,9562864.655,-649823.1550000012,-0.06362900414557969,0.0,0.0
2023-12-08,9562864.655,-649823.1550000012,-0.06362900414557969,0.0,0.0
2023-12-11,9562864.655,-649823.1550000012,-0.06362900414557969,0.0,0.0
2023-12-12,9562864.655,-649823.1550000012,-0.06362900414557969,0.0,0.0
2023-12-13,9562864.655,-649823.1550000012,-0.06362900414557969,0.0,0.0
2023-12-14,9562864.655,-649823.1550000012,-0.06362900414557969,0.0,0.0
2023-12-15,9562864.655,-649823.1550000012,-0.06362900414557969,0.0,0.0
2023-12-18,9562864.655,-649823.1550000012,-0.06362900414557969,0.0,0.0
2023-12-19,9562864.655,-649823.1550000012,-0.06362900414557969,0.0,0.0
2023-12-20,9562864.655,-649823.1550000012,-0.06362900414557969,0.0,0.0
2023-12-21,9562864.655,-649823.1550000012,-0.06362900414557969,0.0,0.0
2023-12-22,9562864.655,-649823.1550000012,-0.06362900414557969,0.0,0.0
2023-12-25,9562864.655,-649823.1550000012,-0.06362900414557969,0.0,0.0
2023-12-26,9562864.655,-649823.1550000012,-0.06362900414557969,0.0,0.0
2023-12-27,9562864.655,-649823.1550000012,-0.06362900414557969,0.0,0.0
2023-12-28,9562864.655,-649823.1550000012,-0.06362900414557969,0.0,0.0
2023-12-29,9562864.655,-649823.1550000012,-0.06362900414557969,0.0,0.0
2024-01-02,9562864.655,-649823.1550000012,-0.06362900414557969,0.0,0.0
2024-01-03,9562864.655,-649823.1550000012,-0.06362900414557969,0.0,0.0
2024-01-04,9555956.729,-656731.0810000002,-0.06430541040889805,-6907.9259999999995,-0.0007223699434444342
2024-01-05,9553971.755,-658716.0549999997,-0.06449977393365554,-1984.9740000000002,-0.00020772111639810742
2024-01-08,9551975.803,-660712.0070000011,-0.06469521239580524,-1995.9520000000048,-0.00020891332434147536
2024-01-09,9547487.672,-665200.1380000003,-0.06513467858565632,-4488.131,-0.00046986415089012024
2024-01-10,9547487.672,-665200.1380000003,-0.06513467858565632,0.0,0.0
2024-01-11,9545498.235,-667189.5750000011,-0.06532947911584121,-1989.4370000000054,-0.00020837282731822615
2024-01-12,9522924.126,-689763.6840000004,-0.0675398775359217,-22574.109,-0.0023648958330145797
2024-01-15,9522924.126,-689763.6840000004,-0.0675398775359217,0.0,0.0
2024-01-16,9522924.126,-689763.6840000004,-0.0675398775359217,0.0,0.0
2024-01-17,9522924.126,-689763.6840000004,-0.0675398775359217,0.0,0.0
2024-01-18,9522924.126,-689763.6840000004,-0.0675398775359217,0.0,0.0
2024-01-19,9522924.126,-689763.6840000004,-0.0675398775359217,0.0,0.0
2024-01-22,9522924.126,-689763.6840000004,-0.0675398775359217,0.0,0.0
2024-01-23,9522924.126,-689763.6840000004,-0.0675398775359217,0.0,0.0
2024-01-24,9522924.126,-689763.6840000004,-0.0675398775359217,0.0,0.0
2024-01-25,9522924.126,-689763.6840000004,-0.0675398775359217,0.0,0.0
2024-01-26,9522924.126,-689763.6840000004,-0.0675398775359217,0.0,0.0
2024-01-29,9522924.126,-689763.6840000004,-0.0675398775359217,0.0,0.0
2024-01-30,9522924.126,-689763.6840000004,-0.0675398775359217,0.0,0.0
2024-01-31,9522924.126,-689763.6840000004,-0.0675398775359217,0.0,0.0
2024-02-01,9522924.126,-689763.6840000004,-0.0675398775359217,0.0,0.0
2024-02-02,9522924.126,-689763.6840000004,-0.0675398775359217,0.0,0.0
2024-02-05,9522924.126,-689763.6840000004,-0.0675398775359217,0.0,0.0
2024-02-06,9522924.126,-689763.6840000004,-0.0675398775359217,0.0,0.0
2024-02-07,9522924.126,-689763.6840000004,-0.0675398775359217,0.0,0.0
2024-02-08,9522924.126,-689763.6840000004,-0.0675398775359217,0.0,0.0
2024-02-19,9522924.126,-689763.6840000004,-0.0675398775359217,0.0,0.0
2024-02-20,9522924.126,-689763.6840000004,-0.0675398775359217,0.0,0.0
2024-02-21,9522924.126,-689763.6840000004,-0.0675398775359217,0.0,0.0
2024-02-22,9522924.126,-689763.6840000004,-0.0675398775359217,0.0,0.0
2024-02-23,9522924.126,-689763.6840000004,-0.0675398775359217,0.0,0.0
2024-02-26,9522924.126,-689763.6840000004,-0.0675398775359217,0.0,0.0
2024-02-27,9522924.126,-689763.6840000004,-0.0675398775359217,0.0,0.0
2024-02-28,9522924.126,-689763.6840000004,-0.0675398775359217,0.0,0.0
2024-02-29,9522924.126,-689763.6840000004,-0.0675398775359217,0.0,0.0
2024-03-01,9522924.126,-689763.6840000004,-0.0675398775359217,0.0,0.0
2024-03-04,9522924.126,-689763.6840000004,-0.0675398775359217,0.0,0.0
2024-03-05,9522924.126,-689763.6840000004,-0.0675398775359217,0.0,0.0
2024-03-06,9522924.126,-689763.6840000004,-0.0675398775359217,0.0,0.0
2024-03-07,9522924.126,-689763.6840000004,-0.0675398775359217,0.0,0.0
2024-03-08,9522924.126,-689763.6840000004,-0.0675398775359217,0.0,0.0
2024-03-11,9522924.126,-689763.6840000004,-0.0675398775359217,0.0,0.0
2024-03-12,9522924.126,-689763.6840000004,-0.0675398775359217,0.0,0.0
2024-03-13,9522924.126,-689763.6840000004,-0.0675398775359217,0.0,0.0
2024-03-14,9426054.768,-786633.0420000013,-0.07702507475355808,-96869.358,-0.01017222826920594
2024-03-15,9442794.768,-769893.0420000013,-0.07538593721098004,16740.0,0.0017759285737262154
2024-03-18,9487434.768,-725253.0420000013,-0.0710149037641053,44640.0,0.004727413980369244
2024-03-19,9543234.768,-669453.0420000013,-0.06555111195551186,55800.0,0.005881463363332617
2024-03-20,9512544.768,-700143.0420000013,-0.06855619745023825,-30690.0,-0.003215890706462443
2024-03-21,9506964.768,-705723.0420000013,-0.06910257663109759,-5580.0,-0.0005865938227981315
2024-03-22,9537654.768,-675033.0420000013,-0.0660974911363712,30690.0,0.0032281596438961113
2024-03-25,9520914.768,-691773.0420000013,-0.06773662867894924,-16740.0,-0.001755148451814903
2024-03-26,9557184.768,-655503.0420000013,-0.0641851640033635,36270.0,0.003809507897487352
2024-03-27,9568344.768,-644343.0420000013,-0.06309240564164482,11160.0,0.0011677078837448729
2024-03-28,9520914.768,-691773.0420000013,-0.06773662867894924,-47430.0,-0.004956970212718792
2024-03-29,9493014.768,-719673.0420000013,-0.07046852458324596,-27900.0,-0.002930390690374929
2024-04-01,9498594.768,-714093.0420000013,-0.06992214540238662,5580.0,0.0005878006235500166
2024-04-02,9466266.341,-746421.4690000005,-0.07308766143513404,-32328.427,-0.0034034957580157954
2024-04-03,9466266.341,-746421.4690000005,-0.07308766143513404,0.0,0.0
2024-04-08,9489146.341,-723541.4690000005,-0.07084731095877887,22880.0,0.002417003618512492
2024-04-09,9494866.341,-717821.4690000005,-0.07028722333969009,5720.0,0.0006027939494710477
2024-04-10,9480566.341,-732121.4690000005,-0.07168744238741206,-14300.0,-0.0015060770195627349
2024-04-11,9489146.341,-723541.4690000005,-0.07084731095877887,8580.0,0.00090500922533443
2024-04-12,9483426.341,-729261.4690000005,-0.07140739857786767,-5720.0,-0.0006027939494710477
2024-04-15,9474846.341,-737841.4690000005,-0.07224753000650085,-8580.0,-0.000904736293770303
2024-04-16,9486286.341,-726401.4690000005,-0.07112735476832327,11440.0,0.0012074074436960736
2024-04-17,9494866.341,-717821.4690000005,-0.07028722333969009,8580.0,0.0009044635267771994
2024-04-18,9486286.341,-726401.4690000005,-0.07112735476832327,-8580.0,-0.0009036462117376631
2024-04-19,9492006.341,-720681.4690000005,-0.07056726714923449,5720.0,0.000602975684518281
2024-04-22,9471986.341,-740701.4690000005,-0.07252757381604524,-20020.0,-0.002109143133788849
2024-04-23,9469126.341,-743561.4690000005,-0.07280761762558964,-2860.0,-0.0003019430029813641
2024-04-24,9477706.341,-734981.4690000005,-0.07196748619695646,8580.0,0.0009061026002841199
2024-04-25,9457686.341,-755001.4690000005,-0.07392779286376722,-20020.0,-0.00211232541711015
2024-04-26,9480566.341,-732121.4690000005,-0.07168744238741206,22880.0,0.002419196320860628
2024-04-29,9451966.341,-760721.4690000005,-0.07448788048285601,-28600.0,-0.003016697417781433
2024-04-30,9411926.341,-800761.4690000005,-0.07840849381647753,-40040.0,-0.004236155584507073
2024-05-06,9457686.341,-755001.4690000005,-0.07392779286376722,45760.0,0.0048619165027525835
2024-05-07,9417646.341,-795041.4690000005,-0.07784840619738874,-40040.0,-0.004233593561505877
2024-05-08,9389046.341,-823641.4690000005,-0.08064884429283269,-28600.0,-0.0030368521989925235
2024-05-09,9404100.237,-808587.5730000008,-0.07917480569691485,15053.896,0.001603346650262294
2024-05-10,9404100.237,-808587.5730000008,-0.07917480569691485,0.0,0.0
2024-05-13,9404100.237,-808587.5730000008,-0.07917480569691485,0.0,0.0
2024-05-14,9404100.237,-808587.5730000008,-0.07917480569691485,0.0,0.0
2024-05-15,9404100.237,-808587.5730000008,-0.07917480569691485,0.0,0.0
2024-05-16,9404100.237,-808587.5730000008,-0.07917480569691485,0.0,0.0
2024-05-17,9404100.237,-808587.5730000008,-0.07917480569691485,0.0,0.0
2024-05-20,9404100.237,-808587.5730000008,-0.07917480569691485,0.0,0.0
2024-05-21,9404100.237,-808587.5730000008,-0.07917480569691485,0.0,0.0
2024-05-22,9404100.237,-808587.5730000008,-0.07917480569691485,0.0,0.0
2024-05-23,9404100.237,-808587.5730000008,-0.07917480569691485,0.0,0.0
2024-05-24,9404100.237,-808587.5730000008,-0.07917480569691485,0.0,0.0
2024-05-27,9404100.237,-808587.5730000008,-0.07917480569691485,0.0,0.0
2024-05-28,9404100.237,-808587.5730000008,-0.07917480569691485,0.0,0.0
2024-05-29,9404100.237,-808587.5730000008,-0.07917480569691485,0.0,0.0
2024-05-30,9404100.237,-808587.5730000008,-0.07917480569691485,0.0,0.0
2024-05-31,9404100.237,-808587.5730000008,-0.07917480569691485,0.0,0.0
2024-06-03,9404100.237,-808587.5730000008,-0.07917480569691485,0.0,0.0
2024-06-04,9404100.237,-808587.5730000008,-0.07917480569691485,0.0,0.0
2024-06-05,9404100.237,-808587.5730000008,-0.07917480569691485,0.0,0.0
2024-06-06,9404100.237,-808587.5730000008,-0.07917480569691485,0.0,0.0
2024-06-07,9404100.237,-808587.5730000008,-0.07917480569691485,0.0,0.0
2024-06-11,9404100.237,-808587.5730000008,-0.07917480569691485,0.0,0.0
2024-06-12,9404100.237,-808587.5730000008,-0.07917480569691485,0.0,0.0
2024-06-13,9404100.237,-808587.5730000008,-0.07917480569691485,0.0,0.0
2024-06-14,9404100.237,-808587.5730000008,-0.07917480569691485,0.0,0.0
2024-06-17,9404100.237,-808587.5730000008,-0.07917480569691485,0.0,0.0
2024-06-18,9404100.237,-808587.5730000008,-0.07917480569691485,0.0,0.0
2024-06-19,9404100.237,-808587.5730000008,-0.07917480569691485,0.0,0.0
2024-06-20,9404100.237,-808587.5730000008,-0.07917480569691485,0.0,0.0
2024-06-21,9404100.237,-808587.5730000008,-0.07917480569691485,0.0,0.0
2024-06-24,9404100.237,-808587.5730000008,-0.07917480569691485,0.0,0.0
2024-06-25,9404100.237,-808587.5730000008,-0.07917480569691485,0.0,0.0
2024-06-26,9404100.237,-808587.5730000008,-0.07917480569691485,0.0,0.0
2024-06-27,9404100.237,-808587.5730000008,-0.07917480569691485,0.0,0.0
2024-06-28,9404100.237,-808587.5730000008,-0.07917480569691485,0.0,0.0
2024-07-01,9404100.237,-808587.5730000008,-0.07917480569691485,0.0,0.0
2024-07-02,9404100.237,-808587.5730000008,-0.07917480569691485,0.0,0.0
2024-07-03,9404100.237,-808587.5730000008,-0.07917480569691485,0.0,0.0
2024-07-04,9404100.237,-808587.5730000008,-0.07917480569691485,0.0,0.0
2024-07-05,9404100.237,-808587.5730000008,-0.07917480569691485,0.0,0.0
2024-07-08,9404100.237,-808587.5730000008,-0.07917480569691485,0.0,0.0
2024-07-09,9404100.237,-808587.5730000008,-0.07917480569691485,0.0,0.0
2024-07-10,9404100.237,-808587.5730000008,-0.07917480569691485,0.0,0.0
2024-07-11,9404100.237,-808587.5730000008,-0.07917480569691485,0.0,0.0
2024-07-12,9404100.237,-808587.5730000008,-0.07917480569691485,0.0,0.0
2024-07-15,9404100.237,-808587.5730000008,-0.07917480569691485,0.0,0.0
2024-07-16,9404100.237,-808587.5730000008,-0.07917480569691485,0.0,0.0
2024-07-17,9404100.237,-808587.5730000008,-0.07917480569691485,0.0,0.0
2024-07-18,9404100.237,-808587.5730000008,-0.07917480569691485,0.0,0.0
2024-07-19,9404100.237,-808587.5730000008,-0.07917480569691485,0.0,0.0
2024-07-22,9404100.237,-808587.5730000008,-0.07917480569691485,0.0,0.0
2024-07-23,9404100.237,-808587.5730000008,-0.07917480569691485,0.0,0.0
2024-07-24,9404100.237,-808587.5730000008,-0.07917480569691485,0.0,0.0
2024-07-25,9404100.237,-808587.5730000008,-0.07917480569691485,0.0,0.0
2024-07-26,9404100.237,-808587.5730000008,-0.07917480569691485,0.0,0.0
2024-07-29,9404100.237,-808587.5730000008,-0.07917480569691485,0.0,0.0
2024-07-30,9404100.237,-808587.5730000008,-0.07917480569691485,0.0,0.0
2024-07-31,9404100.237,-808587.5730000008,-0.07917480569691485,0.0,0.0
2024-08-01,9404100.237,-808587.5730000008,-0.07917480569691485,0.0,0.0
2024-08-02,9404100.237,-808587.5730000008,-0.07917480569691485,0.0,0.0
2024-08-05,9404100.237,-808587.5730000008,-0.07917480569691485,0.0,0.0
2024-08-06,9404100.237,-808587.5730000008,-0.07917480569691485,0.0,0.0
2024-08-07,9404100.237,-808587.5730000008,-0.07917480569691485,0.0,0.0
2024-08-08,9404100.237,-808587.5730000008,-0.07917480569691485,0.0,0.0
2024-08-09,9404100.237,-808587.5730000008,-0.07917480569691485,0.0,0.0
2024-08-12,9404100.237,-808587.5730000008,-0.07917480569691485,0.0,0.0
2024-08-13,9404100.237,-808587.5730000008,-0.07917480569691485,0.0,0.0
2024-08-14,9404100.237,-808587.5730000008,-0.07917480569691485,0.0,0.0
2024-08-15,9404100.237,-808587.5730000008,-0.07917480569691485,0.0,0.0
2024-08-16,9404100.237,-808587.5730000008,-0.07917480569691485,0.0,0.0
2024-08-19,9404100.237,-808587.5730000008,-0.07917480569691485,0.0,0.0
2024-08-20,9404100.237,-808587.5730000008,-0.07917480569691485,0.0,0.0
2024-08-21,9404100.237,-808587.5730000008,-0.07917480569691485,0.0,0.0
2024-08-22,9404100.237,-808587.5730000008,-0.07917480569691485,0.0,0.0
2024-08-23,9404100.237,-808587.5730000008,-0.07917480569691485,0.0,0.0
2024-08-26,9404100.237,-808587.5730000008,-0.07917480569691485,0.0,0.0
2024-08-27,9404100.237,-808587.5730000008,-0.07917480569691485,0.0,0.0
2024-08-28,9404100.237,-808587.5730000008,-0.07917480569691485,0.0,0.0
2024-08-29,9404100.237,-808587.5730000008,-0.07917480569691485,0.0,0.0
2024-08-30,9404100.237,-808587.5730000008,-0.07917480569691485,0.0,0.0
2024-09-02,9404100.237,-808587.5730000008,-0.07917480569691485,0.0,0.0
2024-09-03,9404100.237,-808587.5730000008,-0.07917480569691485,0.0,0.0
2024-09-04,9404100.237,-808587.5730000008,-0.07917480569691485,0.0,0.0
2024-09-05,9404100.237,-808587.5730000008,-0.07917480569691485,0.0,0.0
2024-09-06,9404100.237,-808587.5730000008,-0.07917480569691485,0.0,0.0
2024-09-09,9404100.237,-808587.5730000008,-0.07917480569691485,0.0,0.0
2024-09-10,9404100.237,-808587.5730000008,-0.07917480569691485,0.0,0.0
2024-09-11,9404100.237,-808587.5730000008,-0.07917480569691485,0.0,0.0
2024-09-12,9404100.237,-808587.5730000008,-0.07917480569691485,0.0,0.0
2024-09-13,9404100.237,-808587.5730000008,-0.07917480569691485,0.0,0.0
2024-09-18,9404100.237,-808587.5730000008,-0.07917480569691485,0.0,0.0
2024-09-19,9404100.237,-808587.5730000008,-0.07917480569691485,0.0,0.0
2024-09-20,9404100.237,-808587.5730000008,-0.07917480569691485,0.0,0.0
2024-09-23,9404100.237,-808587.5730000008,-0.07917480569691485,0.0,0.0
2024-09-24,9404100.237,-808587.5730000008,-0.07917480569691485,0.0,0.0
2024-09-25,9404100.237,-808587.5730000008,-0.07917480569691485,0.0,0.0
2024-09-26,9404100.237,-808587.5730000008,-0.07917480569691485,0.0,0.0
2024-09-27,9404100.237,-808587.5730000008,-0.07917480569691485,0.0,0.0
2024-09-30,9404100.237,-808587.5730000008,-0.07917480569691485,0.0,0.0
2024-10-08,9404100.237,-808587.5730000008,-0.07917480569691485,0.0,0.0
2024-10-09,9404100.237,-808587.5730000008,-0.07917480569691485,0.0,0.0
2024-10-10,9404100.237,-808587.5730000008,-0.07917480569691485,0.0,0.0
2024-10-11,9404100.237,-808587.5730000008,-0.07917480569691485,0.0,0.0
2024-10-14,9404100.237,-808587.5730000008,-0.07917480569691485,0.0,0.0
2024-10-15,9404100.237,-808587.5730000008,-0.07917480569691485,0.0,0.0
2024-10-16,9404100.237,-808587.5730000008,-0.07917480569691485,0.0,0.0
2024-10-17,9404100.237,-808587.5730000008,-0.07917480569691485,0.0,0.0
2024-10-18,9404100.237,-808587.5730000008,-0.07917480569691485,0.0,0.0
2024-10-21,9404100.237,-808587.5730000008,-0.07917480569691485,0.0,0.0
2024-10-22,9404100.237,-808587.5730000008,-0.07917480569691485,0.0,0.0
2024-10-23,9404100.237,-808587.5730000008,-0.07917480569691485,0.0,0.0
2024-10-24,9404100.237,-808587.5730000008,-0.07917480569691485,0.0,0.0
2024-10-25,9404100.237,-808587.5730000008,-0.07917480569691485,0.0,0.0
2024-10-28,9404100.237,-808587.5730000008,-0.07917480569691485,0.0,0.0
2024-10-29,9404100.237,-808587.5730000008,-0.07917480569691485,0.0,0.0
2024-10-30,9404100.237,-808587.5730000008,-0.07917480569691485,0.0,0.0
2024-10-31,9404100.237,-808587.5730000008,-0.07917480569691485,0.0,0.0
2024-11-01,9404100.237,-808587.5730000008,-0.07917480569691485,0.0,0.0
2024-11-04,9404100.237,-808587.5730000008,-0.07917480569691485,0.0,0.0
2024-11-05,9404100.237,-808587.5730000008,-0.07917480569691485,0.0,0.0
2024-11-06,9404100.237,-808587.5730000008,-0.07917480569691485,0.0,0.0
2024-11-07,9404100.237,-808587.5730000008,-0.07917480569691485,0.0,0.0
2024-11-08,9404100.237,-808587.5730000008,-0.07917480569691485,0.0,0.0
2024-11-11,9404100.237,-808587.5730000008,-0.07917480569691485,0.0,0.0
2024-11-12,9404100.237,-808587.5730000008,-0.07917480569691485,0.0,0.0
2024-11-13,9404100.237,-808587.5730000008,-0.07917480569691485,0.0,0.0
2024-11-14,9404100.237,-808587.5730000008,-0.07917480569691485,0.0,0.0
2024-11-15,9404100.237,-808587.5730000008,-0.07917480569691485,0.0,0.0
2024-11-18,9404100.237,-808587.5730000008,-0.07917480569691485,0.0,0.0
2024-11-19,9404100.237,-808587.5730000008,-0.07917480569691485,0.0,0.0
2024-11-20,9404100.237,-808587.5730000008,-0.07917480569691485,0.0,0.0
2024-11-21,9404100.237,-808587.5730000008,-0.07917480569691485,0.0,0.0
2024-11-22,9404100.237,-808587.5730000008,-0.07917480569691485,0.0,0.0
2024-11-25,9404100.237,-808587.5730000008,-0.07917480569691485,0.0,0.0
2024-11-26,9404100.237,-808587.5730000008,-0.07917480569691485,0.0,0.0
2024-11-27,9404100.237,-808587.5730000008,-0.07917480569691485,0.0,0.0
2024-11-28,9429261.065,-783426.745000001,-0.07671112243663121,25160.828,0.0026755167816061576
2024-11-29,9408121.065,-804566.745000001,-0.07878109660927754,-21140.0,-0.0022419572280661937
2024-12-02,9371881.065,-840806.745000001,-0.08232962376238552,-36240.0,-0.0038519912477338325
2024-12-03,9371881.065,-840806.745000001,-0.08232962376238552,0.0,0.0
2024-12-04,9396041.065,-816646.745000001,-0.07996393899364687,24160.0,0.00257792430702386
2024-12-05,9411141.065,-801546.745000001,-0.07848538601318521,15100.0,0.0016070598133341996
2024-12-06,9386228.359,-826459.4510000013,-0.08092477380839484,-24912.70599999999,-0.0026471504175673566
2024-12-09,9420117.019,-792570.7910000011,-0.07760648379204702,33888.66,0.0036104661748939115
2024-12-10,9420117.019,-792570.7910000011,-0.07760648379204702,0.0,0.0
2024-12-11,9420117.019,-792570.7910000011,-0.07760648379204702,0.0,0.0
2024-12-12,9420117.019,-792570.7910000011,-0.07760648379204702,0.0,0.0
2024-12-13,9420117.019,-792570.7910000011,-0.07760648379204702,0.0,0.0
2024-12-16,9420117.019,-792570.7910000011,-0.07760648379204702,0.0,0.0
2024-12-17,9420117.019,-792570.7910000011,-0.07760648379204702,0.0,0.0
2024-12-18,9420117.019,-792570.7910000011,-0.07760648379204702,0.0,0.0
2024-12-19,9420117.019,-792570.7910000011,-0.07760648379204702,0.0,0.0
2024-12-20,9420117.019,-792570.7910000011,-0.07760648379204702,0.0,0.0
2024-12-23,9420117.019,-792570.7910000011,-0.07760648379204702,0.0,0.0
2024-12-24,9420117.019,-792570.7910000011,-0.07760648379204702,0.0,0.0
2024-12-25,9420117.019,-792570.7910000011,-0.07760648379204702,0.0,0.0
2024-12-26,9420117.019,-792570.7910000011,-0.07760648379204702,0.0,0.0
2024-12-27,9420117.019,-792570.7910000011,-0.07760648379204702,0.0,0.0
2024-12-30,9420117.019,-792570.7910000011,-0.07760648379204702,0.0,0.0
2024-12-31,9420117.019,-792570.7910000011,-0.07760648379204702,0.0,0.0
2025-01-02,9420117.019,-792570.7910000011,-0.07760648379204702,0.0,0.0
2025-01-03,9420117.019,-792570.7910000011,-0.07760648379204702,0.0,0.0
2025-01-06,9420117.019,-792570.7910000011,-0.07760648379204702,0.0,0.0
2025-01-07,9420117.019,-792570.7910000011,-0.07760648379204702,0.0,0.0
2025-01-08,9420117.019,-792570.7910000011,-0.07760648379204702,0.0,0.0
2025-01-09,9420117.019,-792570.7910000011,-0.07760648379204702,0.0,0.0
2025-01-10,9420117.019,-792570.7910000011,-0.07760648379204702,0.0,0.0
2025-01-13,9420117.019,-792570.7910000011,-0.07760648379204702,0.0,0.0
2025-01-14,9420117.019,-792570.7910000011,-0.07760648379204702,0.0,0.0
2025-01-15,9420117.019,-792570.7910000011,-0.07760648379204702,0.0,0.0
2025-01-16,9420117.019,-792570.7910000011,-0.07760648379204702,0.0,0.0
2025-01-17,9420117.019,-792570.7910000011,-0.07760648379204702,0.0,0.0
2025-01-20,9420117.019,-792570.7910000011,-0.07760648379204702,0.0,0.0
2025-01-21,9420117.019,-792570.7910000011,-0.07760648379204702,0.0,0.0
2025-01-22,9420117.019,-792570.7910000011,-0.07760648379204702,0.0,0.0
2025-01-23,9420117.019,-792570.7910000011,-0.07760648379204702,0.0,0.0
2025-01-24,9420117.019,-792570.7910000011,-0.07760648379204702,0.0,0.0
2025-01-27,9420117.019,-792570.7910000011,-0.07760648379204702,0.0,0.0
2025-02-05,9420117.019,-792570.7910000011,-0.07760648379204702,0.0,0.0
2025-02-06,9420117.019,-792570.7910000011,-0.07760648379204702,0.0,0.0
2025-02-07,9420117.019,-792570.7910000011,-0.07760648379204702,0.0,0.0
2025-02-10,9420117.019,-792570.7910000011,-0.07760648379204702,0.0,0.0
2025-02-11,9420117.019,-792570.7910000011,-0.07760648379204702,0.0,0.0
2025-02-12,9420117.019,-792570.7910000011,-0.07760648379204702,0.0,0.0
2025-02-13,9420117.019,-792570.7910000011,-0.07760648379204702,0.0,0.0
2025-02-14,9420117.019,-792570.7910000011,-0.07760648379204702,0.0,0.0
2025-02-17,9420117.019,-792570.7910000011,-0.07760648379204702,0.0,0.0
2025-02-18,9420117.019,-792570.7910000011,-0.07760648379204702,0.0,0.0
2025-02-19,9420117.019,-792570.7910000011,-0.07760648379204702,0.0,0.0
2025-02-20,9420117.019,-792570.7910000011,-0.07760648379204702,0.0,0.0
2025-02-21,9420117.019,-792570.7910000011,-0.07760648379204702,0.0,0.0
2025-02-24,9420117.019,-792570.7910000011,-0.07760648379204702,0.0,0.0
2025-02-25,9420117.019,-792570.7910000011,-0.07760648379204702,0.0,0.0
2025-02-26,9420117.019,-792570.7910000011,-0.07760648379204702,0.0,0.0
2025-02-27,9420117.019,-792570.7910000011,-0.07760648379204702,0.0,0.0
2025-02-28,9420117.019,-792570.7910000011,-0.07760648379204702,0.0,0.0
2025-03-03,9420117.019,-792570.7910000011,-0.07760648379204702,0.0,0.0
2025-03-04,9420117.019,-792570.7910000011,-0.07760648379204702,0.0,0.0
2025-03-05,9420117.019,-792570.7910000011,-0.07760648379204702,0.0,0.0
2025-03-06,9420117.019,-792570.7910000011,-0.07760648379204702,0.0,0.0
2025-03-07,9420117.019,-792570.7910000011,-0.07760648379204702,0.0,0.0
2025-03-10,9420117.019,-792570.7910000011,-0.07760648379204702,0.0,0.0
2025-03-11,9420117.019,-792570.7910000011,-0.07760648379204702,0.0,0.0
2025-03-12,9420117.019,-792570.7910000011,-0.07760648379204702,0.0,0.0
2025-03-13,9420117.019,-792570.7910000011,-0.07760648379204702,0.0,0.0
2025-03-14,9420117.019,-792570.7910000011,-0.07760648379204702,0.0,0.0
2025-03-17,9420117.019,-792570.7910000011,-0.07760648379204702,0.0,0.0
2025-03-18,9420117.019,-792570.7910000011,-0.07760648379204702,0.0,0.0
2025-03-19,9420117.019,-792570.7910000011,-0.07760648379204702,0.0,0.0
2025-03-20,9420117.019,-792570.7910000011,-0.07760648379204702,0.0,0.0
2025-03-21,9420117.019,-792570.7910000011,-0.07760648379204702,0.0,0.0
2025-03-24,9420117.019,-792570.7910000011,-0.07760648379204702,0.0,0.0
2025-03-25,9420117.019,-792570.7910000011,-0.07760648379204702,0.0,0.0
2025-03-26,9420117.019,-792570.7910000011,-0.07760648379204702,0.0,0.0
2025-03-27,9420117.019,-792570.7910000011,-0.07760648379204702,0.0,0.0
2025-03-28,9420117.019,-792570.7910000011,-0.07760648379204702,0.0,0.0
2025-03-31,9420117.019,-792570.7910000011,-0.07760648379204702,0.0,0.0
2025-04-01,9420117.019,-792570.7910000011,-0.07760648379204702,0.0,0.0
2025-04-02,9420117.019,-792570.7910000011,-0.07760648379204702,0.0,0.0
2025-04-03,9420117.019,-792570.7910000011,-0.07760648379204702,0.0,0.0
2025-04-07,9420117.019,-792570.7910000011,-0.07760648379204702,0.0,0.0
2025-04-08,9420117.019,-792570.7910000011,-0.07760648379204702,0.0,0.0
2025-04-09,9420117.019,-792570.7910000011,-0.07760648379204702,0.0,0.0
2025-04-10,9420117.019,-792570.7910000011,-0.07760648379204702,0.0,0.0
2025-04-11,9420117.019,-792570.7910000011,-0.07760648379204702,0.0,0.0
2025-04-14,9420117.019,-792570.7910000011,-0.07760648379204702,0.0,0.0
2025-04-15,9420117.019,-792570.7910000011,-0.07760648379204702,0.0,0.0
2025-04-16,9420117.019,-792570.7910000011,-0.07760648379204702,0.0,0.0
2025-04-17,9420117.019,-792570.7910000011,-0.07760648379204702,0.0,0.0
2025-04-18,9420117.019,-792570.7910000011,-0.07760648379204702,0.0,0.0
2025-04-21,9420117.019,-792570.7910000011,-0.07760648379204702,0.0,0.0
2025-04-22,9420117.019,-792570.7910000011,-0.07760648379204702,0.0,0.0
2025-04-23,9420117.019,-792570.7910000011,-0.07760648379204702,0.0,0.0
2025-04-24,9420117.019,-792570.7910000011,-0.07760648379204702,0.0,0.0
2025-04-25,9420117.019,-792570.7910000011,-0.07760648379204702,0.0,0.0
2025-04-28,9420117.019,-792570.7910000011,-0.07760648379204702,0.0,0.0
2025-04-29,9420117.019,-792570.7910000011,-0.07760648379204702,0.0,0.0
2025-04-30,9420117.019,-792570.7910000011,-0.07760648379204702,0.0,0.0
2025-05-06,9420117.019,-792570.7910000011,-0.07760648379204702,0.0,0.0
2025-05-07,9420117.019,-792570.7910000011,-0.07760648379204702,0.0,0.0
2025-05-08,9420117.019,-792570.7910000011,-0.07760648379204702,0.0,0.0
2025-05-09,9420117.019,-792570.7910000011,-0.07760648379204702,0.0,0.0
2025-05-12,9420117.019,-792570.7910000011,-0.07760648379204702,0.0,0.0
2025-05-13,9420117.019,-792570.7910000011,-0.07760648379204702,0.0,0.0
2025-05-14,9420117.019,-792570.7910000011,-0.07760648379204702,0.0,0.0
2025-05-15,9420117.019,-792570.7910000011,-0.07760648379204702,0.0,0.0
2025-05-16,9420117.019,-792570.7910000011,-0.07760648379204702,0.0,0.0
2025-05-19,9420117.019,-792570.7910000011,-0.07760648379204702,0.0,0.0
2025-05-20,9420117.019,-792570.7910000011,-0.07760648379204702,0.0,0.0
2025-05-21,9420117.019,-792570.7910000011,-0.07760648379204702,0.0,0.0
2025-05-22,9420117.019,-792570.7910000011,-0.07760648379204702,0.0,0.0
2025-05-23,9420117.019,-792570.7910000011,-0.07760648379204702,0.0,0.0
2025-05-26,9420117.019,-792570.7910000011,-0.07760648379204702,0.0,0.0
2025-05-27,9420117.019,-792570.7910000011,-0.07760648379204702,0.0,0.0
2025-05-28,9420117.019,-792570.7910000011,-0.07760648379204702,0.0,0.0
2025-05-29,9420117.019,-792570.7910000011,-0.07760648379204702,0.0,0.0
2025-05-30,9420117.019,-792570.7910000011,-0.07760648379204702,0.0,0.0
2025-06-03,9420117.019,-792570.7910000011,-0.07760648379204702,0.0,0.0
2025-06-04,9420117.019,-792570.7910000011,-0.07760648379204702,0.0,0.0
2025-06-05,9420117.019,-792570.7910000011,-0.07760648379204702,0.0,0.0
2025-06-06,9420117.019,-792570.7910000011,-0.07760648379204702,0.0,0.0
2025-06-09,9420117.019,-792570.7910000011,-0.07760648379204702,0.0,0.0
2025-06-10,9420117.019,-792570.7910000011,-0.07760648379204702,0.0,0.0
2025-06-11,9420117.019,-792570.7910000011,-0.07760648379204702,0.0,0.0
2025-06-12,9420117.019,-792570.7910000011,-0.07760648379204702,0.0,0.0
2025-06-13,9420117.019,-792570.7910000011,-0.07760648379204702,0.0,0.0
2025-06-16,9420117.019,-792570.7910000011,-0.07760648379204702,0.0,0.0
2025-06-17,9420117.019,-792570.7910000011,-0.07760648379204702,0.0,0.0
2025-06-18,9420117.019,-792570.7910000011,-0.07760648379204702,0.0,0.0
2025-06-19,9420117.019,-792570.7910000011,-0.07760648379204702,0.0,0.0
2025-06-20,9420117.019,-792570.7910000011,-0.07760648379204702,0.0,0.0
2025-06-23,9420117.019,-792570.7910000011,-0.07760648379204702,0.0,0.0
2025-06-24,9420117.019,-792570.7910000011,-0.07760648379204702,0.0,0.0
2025-06-25,9420117.019,-792570.7910000011,-0.07760648379204702,0.0,0.0
2025-06-26,9420117.019,-792570.7910000011,-0.07760648379204702,0.0,0.0
2025-06-27,9420117.019,-792570.7910000011,-0.07760648379204702,0.0,0.0
2025-06-30,9420117.019,-792570.7910000011,-0.07760648379204702,0.0,0.0
2025-07-01,9420117.019,-792570.7910000011,-0.07760648379204702,0.0,0.0
2025-07-02,9420117.019,-792570.7910000011,-0.07760648379204702,0.0,0.0
2025-07-03,9420117.019,-792570.7910000011,-0.07760648379204702,0.0,0.0
2025-07-04,9420117.019,-792570.7910000011,-0.07760648379204702,0.0,0.0
2025-07-07,9420117.019,-792570.7910000011,-0.07760648379204702,0.0,0.0
2025-07-08,9420117.019,-792570.7910000011,-0.07760648379204702,0.0,0.0
2025-07-09,9420117.019,-792570.7910000011,-0.07760648379204702,0.0,0.0
2025-07-10,9420117.019,-792570.7910000011,-0.07760648379204702,0.0,0.0
2025-07-11,9420117.019,-792570.7910000011,-0.07760648379204702,0.0,0.0
2025-07-14,9420117.019,-792570.7910000011,-0.07760648379204702,0.0,0.0
2025-07-15,9420117.019,-792570.7910000011,-0.07760648379204702,0.0,0.0
2025-07-16,9420117.019,-792570.7910000011,-0.07760648379204702,0.0,0.0
2025-07-17,9420117.019,-792570.7910000011,-0.07760648379204702,0.0,0.0
2025-07-18,9420117.019,-792570.7910000011,-0.07760648379204702,0.0,0.0
2025-07-21,9420117.019,-792570.7910000011,-0.07760648379204702,0.0,0.0
2025-07-22,9420117.019,-792570.7910000011,-0.07760648379204702,0.0,0.0
2025-07-23,9418096.639,-794591.1710000001,-0.07780431418083268,-2020.3800000000047,-0.0002144750427116593
2025-07-24,9390916.639,-821771.1710000001,-0.08046570954566368,-27180.0,-0.002885933436640342
2025-07-25,9439236.639,-773451.1710000001,-0.07573434000818635,48320.0,0.005145397606803215
2025-07-28,9445276.639,-767411.1710000001,-0.07514291881600169,6040.0,0.0006398822522410974
2025-07-29,9457356.639,-755331.1710000001,-0.07396007643163235,12080.0,0.0012789461295523719
2025-07-30,9399976.639,-812711.1710000001,-0.07957857775738668,-57380.0,-0.006067234449357417
2025-07-31,9399976.639,-812711.1710000001,-0.07957857775738668,0.0,0.0
2025-08-01,9406016.639,-806671.1710000001,-0.07898715656520201,6040.0,0.0006425547883748273
2025-08-04,9366756.639,-845931.1710000001,-0.08283139431440234,-39260.0,-0.00417392414948714
2025-08-05,9348636.639,-864051.1710000001,-0.08460565789095634,-18120.0,-0.001934500990935839
2025-08-06,9342596.639,-870091.1710000001,-0.085197079083141,-6040.0,-0.0006460835128411224
2025-08-07,9348636.639,-864051.1710000001,-0.08460565789095634,6040.0,0.0006465012066116937
2025-08-08,9348636.639,-864051.1710000001,-0.08460565789095634,0.0,0.0
2025-08-11,9360716.639,-851971.1710000001,-0.083422815506587,12080.0,0.0012921670256822448
2025-08-12,9333536.639,-879151.1710000001,-0.086084210871418,-27180.0,-0.0029036238408027826
2025-08-13,9345616.639,-867071.1710000001,-0.08490136848704867,12080.0,0.0012942575217975705
2025-08-14,9333536.639,-879151.1710000001,-0.086084210871418,-12080.0,-0.0012925845844766748
2025-08-15,9324476.639,-888211.1710000001,-0.086971342659695,-9060.0,-0.0009706931413482334
2025-08-18,9321456.639,-891231.1710000001,-0.08726705325578733,-3020.0,-0.0003238787673475185
2025-08-19,9321456.639,-891231.1710000001,-0.08726705325578733,0.0,0.0
2025-08-20,9342596.639,-870091.1710000001,-0.085197079083141,21140.0,0.0022678858915197164
2025-08-21,9330516.639,-882171.1710000001,-0.08637992146751033,-12080.0,-0.0012930024132233875
2025-08-22,9339576.639,-873111.1710000001,-0.08549278967923334,9060.0,0.0009710073247317652
2025-08-25,9309376.639,-903311.1710000001,-0.08844989564015666,-30200.0,-0.003233551280460767
2025-08-26,9351656.639,-861031.1710000001,-0.084309947294864,42280.0,0.004541657474988803
2025-08-27,9384876.639,-827811.1710000001,-0.08105713073784834,33220.0,0.0035523117755906775
2025-08-28,9349762.495000001,-862925.3149999995,-0.08449541698073305,-35114.144,-0.003741566922049744
2025-08-29,9349762.495000001,-862925.3149999995,-0.08449541698073305,0.0,0.0
2025-09-01,9349762.495000001,-862925.3149999995,-0.08449541698073305,0.0,0.0
2025-09-02,9349762.495000001,-862925.3149999995,-0.08449541698073305,0.0,0.0
2025-09-03,9349762.495000001,-862925.3149999995,-0.08449541698073305,0.0,0.0
2025-09-04,9349762.495000001,-862925.3149999995,-0.08449541698073305,0.0,0.0
2025-09-05,9349762.495000001,-862925.3149999995,-0.08449541698073305,0.0,0.0
2025-09-08,9349762.495000001,-862925.3149999995,-0.08449541698073305,0.0,0.0
2025-09-09,9349762.495000001,-862925.3149999995,-0.08449541698073305,0.0,0.0
2025-09-10,9349762.495000001,-862925.3149999995,-0.08449541698073305,0.0,0.0
2025-09-11,9349762.495000001,-862925.3149999995,-0.08449541698073305,0.0,0.0
2025-09-12,9349762.495000001,-862925.3149999995,-0.08449541698073305,0.0,0.0
2025-09-15,9349762.495000001,-862925.3149999995,-0.08449541698073305,0.0,0.0
2025-09-16,9349762.495000001,-862925.3149999995,-0.08449541698073305,0.0,0.0
2025-09-17,9349762.495000001,-862925.3149999995,-0.08449541698073305,0.0,0.0
2025-09-18,9349762.495000001,-862925.3149999995,-0.08449541698073305,0.0,0.0
2025-09-19,9349762.495000001,-862925.3149999995,-0.08449541698073305,0.0,0.0
2025-09-22,9349762.495000001,-862925.3149999995,-0.08449541698073305,0.0,0.0
2025-09-23,9349762.495000001,-862925.3149999995,-0.08449541698073305,0.0,0.0
2025-09-24,9349762.495000001,-862925.3149999995,-0.08449541698073305,0.0,0.0
2025-09-25,9349762.495000001,-862925.3149999995,-0.08449541698073305,0.0,0.0
2025-09-26,9349762.495000001,-862925.3149999995,-0.08449541698073305,0.0,0.0
2025-09-29,9349762.495000001,-862925.3149999995,-0.08449541698073305,0.0,0.0
2025-09-30,9349762.495000001,-862925.3149999995,-0.08449541698073305,0.0,0.0
2025-10-09,9349762.495000001,-862925.3149999995,-0.08449541698073305,0.0,0.0
2025-10-10,9349762.495000001,-862925.3149999995,-0.08449541698073305,0.0,0.0
2025-10-13,9349762.495000001,-862925.3149999995,-0.08449541698073305,0.0,0.0
2025-10-14,9349762.495000001,-862925.3149999995,-0.08449541698073305,0.0,0.0
2025-10-15,9349762.495000001,-862925.3149999995,-0.08449541698073305,0.0,0.0
2025-10-16,9349762.495000001,-862925.3149999995,-0.08449541698073305,0.0,0.0
2025-10-17,9349762.495000001,-862925.3149999995,-0.08449541698073305,0.0,0.0
2025-10-20,9349762.495000001,-862925.3149999995,-0.08449541698073305,0.0,0.0
2025-10-21,9349762.495000001,-862925.3149999995,-0.08449541698073305,0.0,0.0
2025-10-22,9349762.495000001,-862925.3149999995,-0.08449541698073305,0.0,0.0
2025-10-23,9349762.495000001,-862925.3149999995,-0.08449541698073305,0.0,0.0
2025-10-24,9349762.495000001,-862925.3149999995,-0.08449541698073305,0.0,0.0
2025-10-27,9349762.495000001,-862925.3149999995,-0.08449541698073305,0.0,0.0
2025-10-28,9349762.495000001,-862925.3149999995,-0.08449541698073305,0.0,0.0
2025-10-29,9349762.495000001,-862925.3149999995,-0.08449541698073305,0.0,0.0
2025-10-30,9349762.495000001,-862925.3149999995,-0.08449541698073305,0.0,0.0
2025-10-31,9349762.495000001,-862925.3149999995,-0.08449541698073305,0.0,0.0
2025-11-03,9349762.495000001,-862925.3149999995,-0.08449541698073305,0.0,0.0
2025-11-04,9349762.495000001,-862925.3149999995,-0.08449541698073305,0.0,0.0
2025-11-05,9349762.495000001,-862925.3149999995,-0.08449541698073305,0.0,0.0
2025-11-06,9349762.495000001,-862925.3149999995,-0.08449541698073305,0.0,0.0
2025-11-07,9349762.495000001,-862925.3149999995,-0.08449541698073305,0.0,0.0
2025-11-10,9349762.495000001,-862925.3149999995,-0.08449541698073305,0.0,0.0
2025-11-11,9349762.495000001,-862925.3149999995,-0.08449541698073305,0.0,0.0
2025-11-12,9349762.495000001,-862925.3149999995,-0.08449541698073305,0.0,0.0
2025-11-13,9349762.495000001,-862925.3149999995,-0.08449541698073305,0.0,0.0
2025-11-14,9349762.495000001,-862925.3149999995,-0.08449541698073305,0.0,0.0
2025-11-17,9349762.495000001,-862925.3149999995,-0.08449541698073305,0.0,0.0
2025-11-18,9349762.495000001,-862925.3149999995,-0.08449541698073305,0.0,0.0
2025-11-19,9349762.495000001,-862925.3149999995,-0.08449541698073305,0.0,0.0
2025-11-20,9349762.495000001,-862925.3149999995,-0.08449541698073305,0.0,0.0
2025-11-21,9349762.495000001,-862925.3149999995,-0.08449541698073305,0.0,0.0
2025-11-24,9349762.495000001,-862925.3149999995,-0.08449541698073305,0.0,0.0
2025-11-25,9349762.495000001,-862925.3149999995,-0.08449541698073305,0.0,0.0
2025-11-26,9349762.495000001,-862925.3149999995,-0.08449541698073305,0.0,0.0
2025-11-27,9349762.495000001,-862925.3149999995,-0.08449541698073305,0.0,0.0
2025-11-28,9349762.495000001,-862925.3149999995,-0.08449541698073305,0.0,0.0
2025-12-01,9349762.495000001,-862925.3149999995,-0.08449541698073305,0.0,0.0
2025-12-02,9349762.495000001,-862925.3149999995,-0.08449541698073305,0.0,0.0
2025-12-03,9349762.495000001,-862925.3149999995,-0.08449541698073305,0.0,0.0
2025-12-04,9349762.495000001,-862925.3149999995,-0.08449541698073305,0.0,0.0
2025-12-05,9349762.495000001,-862925.3149999995,-0.08449541698073305,0.0,0.0
2025-12-08,9349762.495000001,-862925.3149999995,-0.08449541698073305,0.0,0.0
2025-12-09,9349762.495000001,-862925.3149999995,-0.08449541698073305,0.0,0.0
2025-12-10,9349762.495000001,-862925.3149999995,-0.08449541698073305,0.0,0.0
2025-12-11,9349762.495000001,-862925.3149999995,-0.08449541698073305,0.0,0.0
2025-12-12,9349762.495000001,-862925.3149999995,-0.08449541698073305,0.0,0.0
2025-12-15,9349762.495000001,-862925.3149999995,-0.08449541698073305,0.0,0.0
2025-12-16,9349762.495000001,-862925.3149999995,-0.08449541698073305,0.0,0.0
2025-12-17,9349762.495000001,-862925.3149999995,-0.08449541698073305,0.0,0.0
2025-12-18,9349762.495000001,-862925.3149999995,-0.08449541698073305,0.0,0.0
2025-12-19,9349762.495000001,-862925.3149999995,-0.08449541698073305,0.0,0.0
2025-12-22,9349762.495000001,-862925.3149999995,-0.08449541698073305,0.0,0.0
2025-12-23,9349762.495000001,-862925.3149999995,-0.08449541698073305,0.0,0.0
2025-12-24,9349762.495000001,-862925.3149999995,-0.08449541698073305,0.0,0.0
2025-12-25,9349762.495000001,-862925.3149999995,-0.08449541698073305,0.0,0.0
2025-12-26,9349762.495000001,-862925.3149999995,-0.08449541698073305,0.0,0.0
2025-12-29,9349762.495000001,-862925.3149999995,-0.08449541698073305,0.0,0.0
2025-12-30,9349762.495000001,-862925.3149999995,-0.08449541698073305,0.0,0.0
2025-12-31,9349762.495000001,-862925.3149999995,-0.08449541698073305,0.0,0.0
2026-01-05,9349762.495000001,-862925.3149999995,-0.08449541698073305,0.0,0.0
2026-01-06,9349762.495000001,-862925.3149999995,-0.08449541698073305,0.0,0.0
2026-01-07,9349762.495000001,-862925.3149999995,-0.08449541698073305,0.0,0.0
2026-01-08,9349762.495000001,-862925.3149999995,-0.08449541698073305,0.0,0.0
2026-01-09,9349762.495000001,-862925.3149999995,-0.08449541698073305,0.0,0.0
2026-01-12,9349762.495000001,-862925.3149999995,-0.08449541698073305,0.0,0.0
2026-01-13,9349762.495000001,-862925.3149999995,-0.08449541698073305,0.0,0.0
2026-01-14,9349762.495000001,-862925.3149999995,-0.08449541698073305,0.0,0.0
2026-01-15,9349762.495000001,-862925.3149999995,-0.08449541698073305,0.0,0.0
